customer_id,revenue,orders,units_purchased,products_purchased,first_purchase_date,latest_purchase_date,customer_segment
14911,291420.81,398,147972.0,2550,2009-12-01,2011-12-08,High Value
12748,53539.64,336,37109.0,2286,2009-12-04,2011-12-09,High Value
17841,68545.25,211,36584.0,2116,2009-12-02,2011-12-08,High Value
15311,114966.42,208,70149.0,864,2009-12-01,2011-12-09,High Value
13089,113416.91,203,58932.0,857,2009-12-02,2011-12-07,High Value
14606,29951.37,192,15217.0,1262,2009-12-03,2011-12-08,High Value
14156,313437.62,156,164325.0,1446,2009-12-01,2011-11-30,High Value
17850,51208.87,155,21052.0,100,2009-12-05,2010-12-02,High Value
14646,528602.52,151,367193.0,961,2009-12-02,2011-12-08,High Value
18102,580987.04,145,181645.0,382,2009-12-01,2011-12-09,High Value
13694,195640.69,143,188201.0,896,2009-12-04,2011-12-06,High Value
15061,126389.02,127,74280.0,131,2009-12-01,2011-12-06,High Value
14527,27246.88,122,6647.0,607,2009-12-02,2011-12-07,High Value
17949,117314.08,118,60538.0,58,2009-12-02,2011-12-08,High Value
12971,15704.6,116,14306.0,102,2009-12-15,2011-12-06,High Value
13798,75428.87,110,48187.0,168,2009-12-08,2011-12-08,High Value
16422,61920.87,109,64225.0,111,2010-01-12,2011-11-22,High Value
16029,117763.62,107,54450.0,57,2009-12-08,2011-11-01,High Value
13408,50174.78,106,28675.0,321,2009-12-04,2011-12-08,High Value
17961,2866.74,100,1491.0,486,2009-12-01,2011-11-18,High Value
15039,39141.48,93,17780.0,562,2009-12-10,2011-11-30,High Value
16013,56078.44,84,25520.0,54,2009-12-08,2011-12-06,High Value
14298,91194.49,82,100272.0,1370,2009-12-11,2011-12-01,High Value
12471,39918.19,79,16858.0,255,2009-12-07,2011-12-07,High Value
17377,17644.27,78,7335.0,505,2009-12-02,2011-11-16,High Value
12921,35233.24,74,21328.0,322,2009-12-01,2011-11-30,High Value
13767,33903.57,73,14595.0,117,2009-12-01,2011-12-07,High Value
13468,12793.28,72,5617.0,290,2009-12-03,2011-12-08,High Value
17675,37642.48,70,16180.0,345,2009-12-10,2011-12-08,High Value
17243,20203.58,69,7932.0,359,2009-12-01,2011-12-08,High Value
13199,15964.21,67,11567.0,61,2009-12-05,2011-12-06,High Value
16168,10360.67,66,4975.0,131,2009-12-03,2011-11-29,High Value
17389,57215.33,61,17880.0,63,2009-12-04,2011-12-09,High Value
13777,49638.26,61,23190.0,44,2009-12-02,2011-12-09,High Value
17511,172132.87,60,117174.0,657,2009-12-02,2011-12-07,High Value
14680,55688.5,58,26894.0,222,2009-12-04,2011-11-14,High Value
13319,21323.22,58,8974.0,345,2009-12-06,2011-12-04,High Value
12931,92347.34,57,62906.0,37,2009-12-01,2011-11-18,High Value
13078,29018.06,57,12032.0,153,2009-12-01,2011-12-06,High Value
16133,22992.26,56,13653.0,303,2010-03-31,2011-12-06,High Value
15005,13754.58,56,8666.0,591,2009-12-01,2011-11-24,High Value
14735,12240.16,56,4513.0,198,2009-12-04,2011-12-06,High Value
17757,9074.05,56,5011.0,362,2010-01-13,2011-12-08,High Value
16684,147142.77,55,104810.0,184,2009-12-07,2011-12-05,High Value
13093,54144.25,55,25971.0,199,2009-12-04,2011-03-09,High Value
17677,35058.46,54,20921.0,346,2009-12-16,2011-12-08,High Value
17920,23581.78,54,12265.0,715,2009-12-06,2011-12-05,High Value
14667,20395.34,54,11939.0,578,2009-12-02,2011-11-29,High Value
16779,32809.03,53,19411.0,293,2009-12-03,2011-12-07,High Value
15078,17286.73,53,8777.0,118,2009-12-04,2011-12-02,High Value
15856,32275.95,52,19550.0,384,2009-12-03,2011-12-05,High Value
12682,22950.22,52,10522.0,327,2009-12-01,2011-12-06,High Value
18172,17467.24,52,7407.0,176,2009-12-11,2011-11-25,High Value
17450,244784.25,51,83914.0,144,2010-09-27,2011-12-01,High Value
16525,24151.3,48,14430.0,115,2009-12-02,2011-12-07,High Value
15615,21373.97,47,12090.0,292,2009-12-02,2011-11-29,High Value
17811,9519.8,47,5278.0,538,2010-09-20,2011-12-05,High Value
17068,8987.68,47,4351.0,250,2010-03-28,2011-11-27,High Value
15769,88612.52,46,49068.0,26,2009-12-11,2011-12-02,High Value
17865,26312.19,46,12950.0,391,2009-12-01,2011-11-09,High Value
15189,17524.38,46,6902.0,90,2010-07-18,2011-12-08,High Value
17448,14523.67,46,11534.0,569,2010-03-04,2010-07-30,High Value
17428,31466.76,45,17356.0,422,2009-12-01,2011-12-09,High Value
12681,29834.76,45,17011.0,459,2009-12-13,2011-11-25,High Value
14031,39019.51,44,13783.0,280,2009-12-03,2011-12-02,High Value
15498,24972.86,44,12134.0,597,2009-12-16,2011-12-07,High Value
16839,21758.25,44,11295.0,132,2010-02-11,2011-12-01,High Value
14560,6114.03,44,4580.0,60,2009-12-02,2011-12-02,High Value
13881,45179.1,43,29760.0,182,2010-03-04,2011-12-06,High Value
17581,17951.17,43,9519.0,387,2009-12-03,2011-12-09,High Value
14849,15407.61,43,11838.0,279,2010-01-10,2011-11-18,High Value
16161,12580.06,43,6255.0,458,2010-02-08,2011-12-08,High Value
17315,9599.58,43,5088.0,385,2010-09-27,2011-12-08,High Value
16705,43515.05,42,22302.0,400,2009-12-09,2011-12-09,High Value
16746,18046.75,42,11900.0,390,2009-12-04,2011-12-05,High Value
15358,16425.86,42,14902.0,359,2009-12-07,2011-12-05,High Value
15738,13043.32,41,9030.0,70,2009-12-10,2011-11-21,High Value
17576,8711.95,41,4583.0,417,2009-12-03,2011-12-01,High Value
12835,5996.83,41,2349.0,138,2009-12-03,2010-10-08,High Value
15291,13517.76,40,4905.0,116,2009-12-03,2011-11-14,High Value
12841,6958.2,40,5008.0,307,2010-07-08,2011-12-05,High Value
14543,14587.87,39,2639.0,106,2009-12-01,2011-11-11,High Value
12437,12683.4,39,8000.0,273,2009-12-02,2011-12-08,High Value
13854,11944.56,39,3642.0,61,2010-01-08,2011-12-01,High Value
13263,8676.2,39,5372.0,507,2010-10-22,2011-12-08,High Value
17381,36398.65,38,42879.0,50,2010-06-09,2011-12-01,High Value
14895,25119.54,38,10714.0,441,2009-12-10,2011-12-02,High Value
16558,13304.11,38,7813.0,383,2009-12-03,2011-12-09,High Value
16353,9795.46,38,3483.0,76,2009-12-07,2011-12-06,High Value
16782,9636.12,38,4027.0,575,2009-12-09,2011-11-29,High Value
18109,9555.71,38,4822.0,203,2010-07-01,2011-12-08,High Value
13069,9284.45,38,15171.0,573,2010-06-14,2011-12-09,High Value
18041,8018.77,38,7316.0,464,2010-01-14,2011-11-28,High Value
15581,7480.4,38,3028.0,542,2009-12-02,2011-08-11,High Value
14051,21770.98,37,5709.0,82,2009-12-03,2011-12-09,High Value
13113,18230.07,37,4435.0,166,2010-03-28,2011-12-09,High Value
13564,16498.97,37,8878.0,484,2009-12-02,2011-07-18,High Value
13102,11380.1,37,6366.0,212,2010-05-06,2011-12-08,High Value
14194,18670.59,36,10037.0,432,2010-01-06,2011-12-05,High Value
12647,16955.55,36,6633.0,240,2010-01-13,2011-11-17,High Value
16814,11924.85,36,4844.0,247,2010-04-11,2011-11-25,High Value
13004,11650.85,36,8768.0,417,2009-12-15,2011-11-28,High Value
15555,11243.91,36,8511.0,667,2009-12-06,2011-11-27,High Value
13267,9429.81,36,3959.0,152,2009-12-07,2011-12-07,High Value
16210,33750.97,35,12397.0,145,2009-12-02,2011-12-08,High Value
15513,26437.05,35,10477.0,278,2010-01-13,2011-11-06,High Value
12621,24311.2,35,13706.0,344,2010-02-09,2011-12-08,High Value
16843,19571.43,35,18502.0,317,2009-12-10,2011-10-28,High Value
15044,16024.15,35,5241.0,344,2009-12-16,2011-11-20,High Value
13969,12973.46,35,6640.0,472,2010-03-25,2011-12-02,High Value
13668,12948.48,35,6096.0,411,2009-12-11,2011-12-07,High Value
14040,12523.81,35,4972.0,335,2009-12-01,2011-10-30,High Value
13050,11986.52,35,7015.0,513,2009-12-15,2011-11-25,High Value
13018,9763.16,35,6746.0,401,2010-03-01,2011-11-23,High Value
13534,7720.9,35,3869.0,163,2010-07-07,2011-12-07,High Value
15838,73205.5,34,64114.0,61,2009-12-15,2011-11-28,High Value
12709,30291.76,34,13772.0,189,2009-12-09,2011-11-24,High Value
15159,22116.73,34,13512.0,413,2010-10-04,2011-12-08,High Value
15768,15308.89,34,4215.0,437,2009-12-03,2011-08-16,High Value
16549,12781.8,34,7087.0,836,2010-03-28,2011-11-29,High Value
13001,24042.65,33,13448.0,300,2009-12-03,2011-12-05,High Value
12540,22254.49,33,11019.0,354,2009-12-07,2011-11-20,High Value
16553,16584.01,33,16427.0,195,2010-02-11,2011-06-29,High Value
12989,13551.75,33,6935.0,50,2009-12-10,2011-12-06,High Value
14110,12987.95,33,5825.0,177,2009-12-01,2011-12-06,High Value
13599,9811.04,33,6248.0,235,2009-12-01,2011-12-08,High Value
14085,9720.67,33,6434.0,479,2009-12-08,2011-12-07,High Value
16945,8548.16,33,5889.0,231,2009-12-09,2011-11-18,High Value
14180,6117.5,33,847.0,125,2010-06-09,2011-11-29,High Value
14952,17629.35,32,6977.0,240,2009-12-03,2011-10-11,High Value
16713,14115.56,32,8482.0,541,2009-12-15,2011-11-21,High Value
16923,13157.13,32,6190.0,431,2010-01-31,2011-11-27,High Value
15465,12100.4,32,2638.0,94,2009-12-10,2011-11-20,High Value
17238,7331.67,32,3555.0,486,2009-12-01,2011-12-07,High Value
12569,4124.69,32,1801.0,92,2011-04-01,2011-12-07,High Value
17706,20272.15,31,7824.0,408,2010-01-19,2011-12-05,High Value
12474,12372.75,31,7940.0,369,2010-02-11,2011-11-22,High Value
13418,11559.66,31,7354.0,328,2009-12-11,2011-11-28,High Value
15719,10195.97,31,5356.0,449,2009-12-01,2011-11-07,High Value
15867,8923.3,31,5067.0,547,2009-12-14,2011-12-04,High Value
16656,16833.17,30,15433.0,22,2009-12-04,2011-11-17,High Value
15601,14191.74,30,10395.0,310,2009-12-01,2011-11-28,High Value
17858,12518.65,30,5383.0,173,2009-12-06,2011-12-04,High Value
15805,10148.93,30,6205.0,337,2009-12-10,2011-11-16,High Value
14060,8898.24,30,7419.0,100,2010-03-11,2011-12-05,High Value
15984,8393.02,30,5730.0,458,2009-12-01,2011-12-07,High Value
12720,7787.28,30,6018.0,262,2010-07-21,2011-12-07,High Value
12843,6583.36,30,3028.0,130,2009-12-13,2011-10-05,High Value
13230,6120.01,30,3520.0,653,2010-03-18,2011-12-05,High Value
16458,5690.89,30,3395.0,91,2010-05-26,2011-12-07,High Value
17848,3559.11,30,1404.0,105,2009-12-06,2011-09-19,High Value
16754,65500.07,29,63551.0,38,2010-03-08,2010-12-02,High Value
12482,23691.4,29,27042.0,42,2010-02-24,2010-05-12,High Value
15640,23494.31,29,12140.0,303,2009-12-14,2011-12-05,High Value
17017,12576.99,29,9397.0,120,2009-12-03,2011-12-07,High Value
15144,12160.31,29,5251.0,199,2009-12-13,2011-12-01,High Value
13013,11097.43,29,5661.0,289,2009-12-14,2011-12-08,High Value
13999,9502.26,29,5043.0,174,2009-12-05,2011-11-29,High Value
17965,7006.65,29,4383.0,588,2009-12-14,2011-11-02,High Value
14702,6368.78,29,2878.0,338,2009-12-10,2011-12-08,High Value
18118,6221.02,29,3184.0,444,2010-11-23,2011-11-29,High Value
18065,5866.63,29,2265.0,193,2009-12-09,2011-12-04,High Value
16011,5601.01,29,3323.0,181,2009-12-01,2011-12-01,High Value
16928,3897.53,29,2587.0,135,2010-02-03,2011-09-20,High Value
12415,144458.37,28,91447.0,498,2010-06-30,2011-11-15,High Value
13081,56838.37,28,40077.0,738,2009-12-08,2011-11-28,High Value
13098,28882.44,28,15968.0,156,2011-01-26,2011-12-08,High Value
12901,17654.54,28,23075.0,30,2011-03-14,2011-12-01,High Value
13097,13324.1,28,5345.0,390,2009-12-01,2011-11-07,High Value
15194,12021.53,28,8922.0,274,2009-12-03,2011-12-06,High Value
17364,11972.92,28,7464.0,513,2009-12-07,2011-12-09,High Value
16523,11916.33,28,4979.0,180,2010-01-24,2011-12-08,High Value
13576,11202.59,28,4506.0,145,2009-12-08,2011-11-29,High Value
18229,10150.51,28,3071.0,73,2009-12-03,2011-11-28,High Value
13269,8537.32,28,6366.0,238,2009-12-02,2011-12-08,High Value
17611,8337.53,28,5341.0,722,2009-12-01,2011-12-02,High Value
17085,7847.67,28,3583.0,411,2009-12-06,2011-08-08,High Value
16592,7807.91,28,5504.0,221,2009-12-18,2011-12-05,High Value
14688,7190.42,28,5041.0,197,2010-09-09,2011-12-02,High Value
18231,6854.17,28,2915.0,218,2010-01-10,2011-05-31,High Value
18061,6083.81,28,3359.0,30,2009-12-04,2011-11-18,High Value
17372,4347.31,28,1863.0,412,2009-12-03,2011-10-30,High Value
15827,3603.14,28,1715.0,124,2010-01-08,2011-09-27,High Value
16019,17329.16,27,6959.0,256,2009-12-14,2011-10-24,High Value
14299,14070.25,27,8136.0,164,2009-12-02,2011-12-01,High Value
12583,13591.58,27,8535.0,141,2009-12-06,2011-12-07,High Value
16033,10608.81,27,4200.0,605,2010-08-11,2011-12-04,High Value
12431,10432.22,27,4600.0,244,2010-01-15,2011-11-04,High Value
14796,10169.33,27,7188.0,487,2009-12-14,2011-12-08,High Value
17696,7679.59,27,5891.0,191,2009-12-10,2011-11-01,High Value
13491,4467.66,27,2349.0,144,2009-12-07,2011-10-19,High Value
17735,16790.33,26,10683.0,391,2010-07-30,2011-12-07,High Value
18223,14000.85,26,6644.0,192,2009-12-04,2011-12-05,High Value
18225,13014.8,26,7282.0,266,2009-12-04,2011-12-06,High Value
18226,11878.88,26,7883.0,299,2010-03-05,2011-10-26,High Value
15290,10496.28,26,6567.0,106,2010-02-24,2011-12-05,High Value
15547,10057.05,26,7278.0,652,2009-12-06,2011-12-02,High Value
16701,9916.73,26,11046.0,154,2009-12-01,2011-12-01,High Value
12839,9669.12,26,6578.0,156,2009-12-07,2011-12-07,High Value
12747,8898.48,26,2640.0,85,2009-12-07,2011-12-07,High Value
16186,8718.43,26,6594.0,172,2009-12-09,2011-11-17,High Value
13148,8497.82,26,4487.0,451,2009-12-07,2011-11-10,High Value
14562,6638.15,26,2574.0,245,2010-02-07,2011-12-06,High Value
14534,6187.66,26,2822.0,437,2010-03-15,2011-12-07,High Value
17346,4998.61,26,3439.0,517,2010-04-18,2011-12-06,High Value
13571,4537.26,26,3191.0,263,2009-12-08,2011-11-27,High Value
15611,2997.28,26,747.0,43,2010-01-25,2011-11-30,High Value
14258,32051.34,25,17488.0,97,2009-12-04,2011-11-30,High Value
17139,19566.76,25,9853.0,447,2010-01-11,2011-11-24,High Value
14739,11573.62,25,9696.0,129,2009-12-02,2011-12-05,High Value
14755,9972.55,25,4401.0,219,2009-12-03,2011-11-30,High Value
14709,8886.33,25,4141.0,105,2009-12-05,2011-11-24,High Value
16700,8830.77,25,6644.0,263,2009-12-02,2011-12-01,High Value
15260,8767.73,25,4468.0,186,2009-12-06,2011-08-31,High Value
15570,8736.49,25,4079.0,442,2010-03-28,2011-12-02,High Value
15046,7623.79,25,4585.0,248,2010-01-14,2011-11-30,High Value
14282,7250.76,25,5166.0,100,2010-02-15,2011-12-06,High Value
17231,7064.8,25,3681.0,509,2009-12-07,2011-11-27,High Value
16607,5706.87,25,4436.0,212,2010-04-29,2011-11-22,High Value
15898,4996.45,25,2160.0,281,2009-12-11,2011-12-08,High Value
14878,4076.5,25,2416.0,159,2010-02-21,2011-11-27,High Value
17888,1807.44,25,1536.0,145,2009-12-21,2011-11-18,Frequent
17857,27347.04,24,19906.0,21,2010-03-08,2011-12-05,High Value
14062,25585.65,24,12794.0,141,2009-12-10,2011-11-30,High Value
15125,17024.87,24,8433.0,151,2010-03-31,2011-11-14,High Value
17716,15956.97,24,8819.0,334,2009-12-02,2011-11-17,High Value
16191,15677.82,24,9348.0,113,2009-12-11,2011-12-07,High Value
13090,13091.74,24,3247.0,163,2010-08-02,2011-12-01,High Value
15694,9978.48,24,2467.0,55,2009-12-07,2011-12-09,High Value
14135,8839.67,24,8534.0,138,2009-12-02,2011-12-08,High Value
13047,8428.53,24,3328.0,190,2009-12-16,2011-11-08,High Value
14092,7229.45,24,3606.0,169,2009-12-16,2011-12-02,High Value
17975,6696.33,24,2179.0,243,2010-08-06,2011-11-24,High Value
16919,4909.66,24,2333.0,230,2010-08-19,2011-07-06,High Value
14825,4735.08,24,2774.0,187,2010-04-06,2011-12-06,High Value
16326,4721.25,24,1083.0,243,2010-01-28,2011-12-04,High Value
15271,4528.54,24,2412.0,369,2010-08-05,2011-12-02,High Value
17404,47781.12,23,50679.0,126,2010-01-07,2011-12-05,High Value
18008,19759.08,23,7825.0,77,2010-01-06,2011-09-30,High Value
13488,14205.96,23,7375.0,370,2010-01-25,2011-11-22,High Value
12476,14083.91,23,5631.0,358,2010-07-26,2011-11-24,High Value
15093,13702.38,23,10778.0,104,2009-12-08,2011-11-21,High Value
14415,11980.09,23,6263.0,445,2009-12-16,2011-12-08,High Value
16985,10923.16,23,3103.0,130,2009-12-10,2011-11-22,High Value
18260,9947.26,23,5244.0,212,2009-12-15,2011-06-20,High Value
15298,9061.77,23,6000.0,199,2009-12-08,2011-12-07,High Value
13756,8655.95,23,5138.0,142,2009-12-15,2011-12-07,High Value
14056,8152.71,23,4252.0,320,2011-02-28,2011-12-08,High Value
14291,7904.1,23,6146.0,241,2009-12-09,2011-12-08,High Value
15129,6860.18,23,4002.0,86,2010-04-08,2011-10-20,High Value
16401,6849.15,23,6035.0,110,2010-06-02,2011-12-08,High Value
16497,6695.28,23,3050.0,239,2009-12-03,2011-10-21,High Value
15527,5554.89,23,2211.0,226,2009-12-15,2011-11-21,High Value
16393,5297.77,23,3001.0,313,2009-12-01,2011-12-07,High Value
16931,5032.22,23,3357.0,466,2010-11-07,2011-12-04,High Value
17402,4635.56,23,1450.0,105,2009-12-16,2011-12-05,High Value
12523,4352.35,23,2263.0,176,2009-12-07,2011-11-20,High Value
14217,3298.59,23,1230.0,122,2010-06-30,2011-12-08,High Value
16333,26626.8,22,32184.0,9,2011-02-03,2011-12-02,High Value
14607,23763.13,22,15335.0,106,2009-12-15,2011-11-24,High Value
17416,17298.45,22,8769.0,324,2009-12-14,2011-11-10,High Value
14961,16410.15,22,8372.0,328,2009-12-04,2011-11-29,High Value
12949,15526.7,22,8233.0,347,2009-12-03,2011-11-09,High Value
15218,11468.83,22,6530.0,139,2010-01-26,2011-11-29,High Value
13985,10020.86,22,4936.0,149,2010-02-09,2011-12-05,High Value
14057,8346.66,22,6438.0,244,2009-12-03,2011-11-16,High Value
16722,8189.56,22,7986.0,145,2009-12-03,2011-11-22,High Value
13426,8167.38,22,4868.0,162,2009-12-09,2011-12-09,High Value
15955,8085.98,22,3967.0,222,2010-02-23,2011-11-15,High Value
13552,6948.92,22,2630.0,162,2010-02-19,2011-10-04,High Value
14401,6795.9,22,6401.0,171,2009-12-14,2011-12-05,High Value
16103,6191.71,22,2639.0,111,2010-01-08,2011-12-02,High Value
16710,5921.35,22,4174.0,541,2009-12-04,2011-11-20,High Value
18283,2664.9,22,1679.0,352,2010-02-19,2011-12-06,High Value
12678,34281.18,21,22372.0,199,2010-01-07,2011-10-28,High Value
15251,20324.54,21,12108.0,183,2010-01-29,2011-11-30,High Value
15808,17180.25,21,6753.0,348,2009-12-01,2011-02-06,High Value
12980,16245.78,21,1910.0,7,2009-12-02,2011-07-05,High Value
13178,14059.19,21,8778.0,194,2009-12-16,2011-11-13,High Value
12683,11633.7,21,7019.0,236,2009-12-13,2011-12-05,High Value
15874,11284.76,21,5102.0,262,2010-01-07,2011-10-07,High Value
12490,9823.64,21,5906.0,195,2009-12-01,2011-12-04,High Value
17306,9782.35,21,13747.0,17,2010-11-01,2011-11-29,High Value
15981,9362.77,21,4827.0,151,2010-03-29,2011-11-15,High Value
15270,8524.86,21,4010.0,66,2009-12-17,2011-11-24,High Value
13082,7335.75,21,8466.0,99,2009-12-22,2011-08-05,High Value
16729,7205.33,21,5722.0,234,2011-04-12,2011-11-01,High Value
13983,6753.89,21,3925.0,238,2009-12-09,2011-11-10,High Value
12712,6723.03,21,2205.0,126,2009-12-09,2011-11-11,High Value
15854,5578.28,21,1691.0,168,2009-12-10,2011-12-05,High Value
14713,5115.76,21,3329.0,222,2009-12-03,2011-11-30,High Value
12600,4967.42,21,1383.0,53,2009-12-07,2011-11-11,High Value
16904,4675.36,21,2607.0,484,2010-10-24,2011-12-05,High Value
17220,4457.31,21,2663.0,408,2010-01-20,2011-11-15,High Value
14239,4263.17,21,1729.0,97,2009-12-05,2011-10-27,High Value
17287,3826.86,21,1955.0,279,2009-12-03,2011-11-13,High Value
18241,2986.99,21,1471.0,101,2010-04-01,2011-11-30,High Value
12939,25264.8,20,10328.0,24,2010-01-12,2011-10-06,High Value
15023,11578.65,20,4758.0,486,2010-02-03,2011-12-06,High Value
17809,10085.89,20,2995.0,59,2009-12-02,2011-11-23,High Value
13327,9134.48,20,4203.0,175,2009-12-18,2011-11-01,High Value
16672,8134.94,20,2832.0,22,2011-03-18,2011-12-07,High Value
16670,8030.15,20,4534.0,258,2009-12-10,2011-11-23,High Value
14159,7860.8,20,6520.0,706,2009-12-03,2011-11-20,High Value
15544,7807.89,20,6745.0,175,2010-01-28,2011-11-30,High Value
14395,7801.93,20,3872.0,320,2010-04-18,2011-12-07,High Value
17730,7773.8,20,5300.0,177,2010-04-29,2011-12-06,High Value
14030,7521.8,20,4215.0,591,2009-12-10,2011-11-21,High Value
16570,7434.31,20,4292.0,114,2010-03-30,2011-11-24,High Value
17690,6963.8,20,2939.0,237,2010-02-03,2011-11-09,High Value
16170,6869.0,20,6056.0,254,2010-02-18,2011-10-20,High Value
12417,6797.41,20,2884.0,270,2009-12-06,2011-12-06,High Value
12662,6726.54,20,3424.0,163,2010-04-01,2011-12-09,High Value
18245,6324.98,20,5098.0,336,2010-03-08,2011-12-02,High Value
17799,6246.93,20,3674.0,478,2009-12-13,2011-11-17,High Value
16156,6188.18,20,3205.0,199,2009-12-02,2011-12-01,High Value
16954,6081.88,20,4086.0,83,2010-01-18,2011-12-09,High Value
17644,6028.6,20,3469.0,160,2010-02-16,2011-12-08,High Value
18075,5783.29,20,3281.0,180,2010-07-29,2011-11-16,High Value
14099,5750.91,20,3666.0,273,2009-12-10,2011-11-23,High Value
13769,5478.12,20,2452.0,121,2009-12-16,2011-12-07,High Value
13911,4234.99,20,4487.0,178,2010-03-01,2011-10-13,High Value
14590,2993.37,20,901.0,124,2009-12-07,2010-10-11,High Value
14344,2993.05,20,1546.0,140,2010-03-23,2011-08-04,High Value
12877,2942.14,20,2237.0,149,2010-01-18,2011-12-06,High Value
17790,2779.41,20,1387.0,188,2010-06-13,2011-11-13,High Value
17884,2698.47,20,2749.0,305,2009-12-04,2011-12-06,High Value
17969,2354.29,20,1014.0,113,2009-12-06,2011-06-26,High Value
13802,26259.11,19,14129.0,212,2010-02-16,2011-07-24,High Value
14866,20746.54,19,9089.0,40,2010-08-26,2011-11-29,High Value
13027,17239.2,19,42840.0,7,2010-01-20,2011-08-18,High Value
12472,16249.29,19,10378.0,397,2009-12-14,2011-11-07,High Value
15482,14417.36,19,6516.0,74,2009-12-02,2011-11-24,High Value
13629,13370.86,19,7722.0,28,2010-02-11,2011-11-16,High Value
14505,11879.08,19,5325.0,898,2009-12-09,2011-11-22,High Value
14422,10271.52,19,6067.0,317,2009-12-17,2011-12-09,High Value
17049,9942.53,19,4273.0,316,2010-03-04,2011-12-07,High Value
14944,9784.67,19,4864.0,184,2010-02-17,2011-11-10,High Value
17091,7495.75,19,3732.0,242,2009-12-16,2011-12-07,High Value
16145,6805.44,19,5270.0,217,2010-05-04,2011-12-01,High Value
13993,6775.71,19,2135.0,110,2009-12-03,2011-10-28,High Value
17001,6640.8,19,3782.0,108,2010-03-25,2011-12-09,High Value
13394,6621.7,19,5354.0,254,2009-12-01,2011-12-08,High Value
13317,6486.09,19,3149.0,222,2009-12-13,2011-10-04,High Value
13266,6135.04,19,6837.0,154,2009-12-17,2011-11-28,High Value
12500,5955.21,19,3377.0,88,2010-02-04,2011-11-16,High Value
14732,5517.07,19,2273.0,162,2009-12-09,2011-12-01,High Value
17157,5151.9,19,2092.0,78,2009-12-04,2011-12-02,High Value
12483,5097.18,19,2160.0,68,2010-01-31,2011-11-22,High Value
18144,4892.95,19,2144.0,51,2009-12-16,2011-12-02,High Value
17954,3804.38,19,3180.0,479,2009-12-09,2011-12-04,High Value
15059,3491.2,19,1599.0,308,2009-12-06,2011-10-30,High Value
14397,2612.96,19,1890.0,18,2011-05-10,2011-12-07,High Value
16883,2246.06,19,1016.0,159,2009-12-04,2011-06-05,Frequent
17340,19617.95,18,9497.0,322,2010-02-14,2011-11-10,High Value
18092,14693.72,18,8298.0,42,2009-12-04,2011-12-07,High Value
17589,13837.94,18,8704.0,601,2010-03-07,2011-10-10,High Value
13324,10513.47,18,8448.0,36,2010-05-25,2011-11-03,High Value
17504,9490.17,18,5420.0,244,2010-02-08,2011-05-17,High Value
17230,9388.49,18,3753.0,141,2009-12-08,2011-03-20,High Value
15249,9266.0,18,4980.0,304,2010-03-26,2011-11-08,High Value
16550,8813.58,18,5405.0,274,2009-12-02,2011-08-23,High Value
17739,7730.59,18,2335.0,56,2009-12-07,2011-11-28,High Value
13709,7571.35,18,4122.0,296,2010-01-11,2011-12-06,High Value
13831,6585.54,18,2393.0,121,2009-12-10,2011-11-23,High Value
12823,6501.5,18,930.0,1,2010-01-29,2011-09-26,High Value
15750,6452.99,18,4281.0,389,2009-12-01,2011-12-07,High Value
15514,6392.06,18,4087.0,171,2009-12-04,2011-11-27,High Value
13590,6336.04,18,5271.0,255,2009-12-01,2011-11-28,High Value
17873,6265.33,18,4159.0,65,2009-12-16,2011-09-20,High Value
14852,6132.43,18,4366.0,152,2010-03-05,2011-10-12,High Value
17419,6126.25,18,2884.0,203,2010-01-25,2011-11-28,High Value
15971,5902.83,18,2251.0,12,2009-12-08,2011-11-22,High Value
17512,5467.82,18,5434.0,102,2009-12-10,2011-11-11,High Value
17612,5394.86,18,3521.0,213,2009-12-17,2011-10-17,High Value
13842,5319.34,18,2716.0,214,2010-02-16,2011-10-12,High Value
12708,5117.66,18,2432.0,130,2009-12-18,2011-11-10,High Value
17861,5088.29,18,4541.0,329,2009-12-10,2011-12-06,High Value
14341,4452.02,18,2813.0,185,2009-12-01,2011-10-25,High Value
14211,4402.29,18,2575.0,155,2009-12-09,2011-10-17,High Value
18077,4078.79,18,3020.0,141,2009-12-07,2011-12-01,High Value
17218,3891.39,18,2066.0,248,2010-01-25,2011-12-05,High Value
18044,3505.61,18,1598.0,128,2010-05-28,2011-12-05,High Value
15953,3440.34,18,1741.0,102,2009-12-03,2011-11-24,High Value
17894,2304.58,18,938.0,215,2010-08-27,2011-09-29,High Value
13117,2255.66,18,1852.0,122,2010-03-26,2011-11-18,High Value
14096,65164.79,17,16352.0,1119,2011-08-30,2011-12-05,High Value
12731,25775.71,17,11641.0,137,2010-03-02,2011-11-16,High Value
14769,15514.11,17,11058.0,834,2009-12-16,2011-12-07,High Value
18087,14761.52,17,7775.0,44,2009-12-01,2011-09-02,High Value
17338,11889.33,17,5780.0,590,2010-03-10,2011-11-22,High Value
14426,11727.94,17,7023.0,452,2010-03-04,2011-11-16,High Value
12524,11126.11,17,7178.0,157,2010-02-08,2011-11-30,High Value
17160,10209.16,17,8390.0,215,2009-12-04,2011-11-08,High Value
13715,8153.04,17,4800.0,277,2010-03-11,2011-03-03,High Value
14525,8026.54,17,5106.0,340,2009-12-13,2011-11-20,High Value
16556,8012.58,17,4353.0,280,2009-12-07,2011-10-04,High Value
13871,7885.85,17,3502.0,183,2009-12-20,2011-11-17,High Value
15622,7852.61,17,4091.0,331,2010-03-04,2011-10-27,High Value
13141,7656.08,17,5159.0,285,2009-12-09,2011-09-16,High Value
14243,7217.75,17,3631.0,235,2010-08-20,2011-12-01,High Value
14800,7191.33,17,6501.0,337,2010-09-30,2011-10-23,High Value
16745,7180.7,17,6719.0,148,2011-02-01,2011-09-14,High Value
17769,7053.38,17,3157.0,330,2010-01-19,2011-11-27,High Value
15301,6909.67,17,3763.0,231,2010-09-15,2011-10-20,High Value
14221,6517.49,17,3808.0,166,2010-04-06,2011-10-28,High Value
15755,5993.12,17,4034.0,281,2009-12-04,2011-11-29,High Value
17491,5653.67,17,3362.0,105,2010-04-28,2011-12-08,High Value
18198,5425.56,17,4074.0,81,2011-01-07,2011-12-05,High Value
15628,5333.08,17,3569.0,136,2009-12-13,2011-12-05,High Value
12422,5231.8,17,2596.0,137,2009-12-18,2011-09-05,High Value
15606,5230.99,17,1615.0,84,2010-03-02,2011-10-09,High Value
17663,5175.83,17,2297.0,153,2010-03-04,2011-11-14,High Value
15796,5171.63,17,1733.0,138,2010-03-31,2011-12-08,High Value
17469,5051.25,17,2304.0,165,2009-12-16,2011-11-23,High Value
17314,4904.43,17,3663.0,200,2009-12-03,2011-11-15,High Value
13021,4887.24,17,2546.0,166,2009-12-05,2011-12-05,High Value
16905,4706.77,17,1913.0,171,2009-12-10,2011-12-04,High Value
16626,4413.1,17,2690.0,86,2011-03-18,2011-12-09,High Value
13880,4293.86,17,2535.0,148,2010-05-26,2011-11-18,High Value
13542,3959.49,17,804.0,98,2009-12-10,2010-11-28,High Value
17293,3750.63,17,2228.0,148,2009-12-03,2011-12-01,High Value
16444,3625.88,17,1945.0,217,2010-03-24,2011-10-24,High Value
18219,3352.7,17,1586.0,87,2009-12-07,2011-12-07,High Value
15373,3084.54,17,726.0,107,2010-05-02,2011-12-01,High Value
13963,2860.57,17,2007.0,129,2010-04-21,2011-02-04,High Value
15860,2361.3,17,1259.0,249,2009-12-06,2011-10-30,High Value
14088,64036.8,16,15276.0,436,2010-10-14,2011-11-29,High Value
17940,30306.79,16,85148.0,11,2009-12-03,2011-10-21,High Value
16652,17550.39,16,7477.0,124,2010-03-17,2011-10-12,High Value
15523,17259.19,16,15633.0,65,2009-12-02,2011-09-16,High Value
13225,16260.07,16,7401.0,60,2009-12-17,2011-12-06,High Value
13458,11959.27,16,6760.0,290,2010-11-16,2011-12-02,High Value
14045,10986.63,16,4459.0,16,2010-01-08,2011-08-22,High Value
16327,10159.64,16,8124.0,289,2009-12-14,2011-11-25,High Value
13162,9275.49,16,5755.0,186,2009-12-04,2011-08-09,High Value
14367,9227.82,16,4426.0,270,2011-03-08,2011-12-01,High Value
14292,9226.25,16,3429.0,120,2010-03-19,2011-12-02,High Value
15939,9060.39,16,6260.0,52,2010-11-30,2011-09-11,High Value
15281,8543.57,16,5233.0,427,2010-10-08,2011-10-12,High Value
15998,8274.14,16,5350.0,682,2009-12-01,2011-11-03,High Value
13137,7586.94,16,4238.0,628,2010-07-25,2011-11-29,High Value
15521,7098.24,16,4507.0,186,2010-01-05,2011-10-30,High Value
14113,7092.61,16,3439.0,76,2009-12-08,2011-12-06,High Value
14388,6388.2,16,4190.0,184,2010-01-20,2011-11-29,High Value
14530,6088.87,16,2989.0,269,2010-01-21,2011-11-14,High Value
15785,5969.93,16,4479.0,102,2009-12-15,2011-11-07,High Value
17651,5703.52,16,4086.0,198,2010-07-01,2011-11-28,High Value
14210,5556.57,16,2511.0,143,2010-01-06,2011-08-26,High Value
14907,5547.72,16,2583.0,153,2010-04-16,2011-12-06,High Value
14189,5503.15,16,4392.0,199,2010-11-16,2011-12-07,High Value
13634,5033.77,16,2090.0,269,2010-01-10,2011-11-06,High Value
16686,4881.07,16,3419.0,549,2009-12-06,2011-10-23,High Value
15187,4777.18,16,1887.0,61,2011-05-11,2011-12-08,High Value
14032,4546.41,16,3740.0,79,2009-12-14,2011-12-07,High Value
17412,4220.22,16,2554.0,161,2009-12-02,2011-12-07,High Value
16241,3992.86,16,2258.0,500,2010-10-25,2011-11-30,High Value
13305,3616.41,16,2228.0,153,2010-03-10,2011-12-05,High Value
15024,3559.39,16,1924.0,168,2010-10-11,2011-11-30,High Value
18168,3435.5,16,1995.0,209,2009-12-03,2011-06-16,High Value
15058,3387.58,16,1645.0,232,2010-02-24,2011-11-14,High Value
16918,3206.54,16,2066.0,280,2009-12-03,2011-10-21,High Value
15602,3137.96,16,2292.0,62,2009-12-02,2011-12-01,High Value
14867,2952.06,16,996.0,67,2009-12-05,2011-06-07,High Value
13728,2855.17,16,1269.0,75,2009-12-09,2011-11-03,High Value
16775,2820.84,16,957.0,132,2010-09-23,2011-11-29,High Value
15235,2772.76,16,1676.0,161,2010-11-16,2011-05-06,High Value
13695,2770.73,16,1791.0,47,2010-05-11,2011-11-08,High Value
16359,2697.75,16,1764.0,78,2010-02-16,2011-12-02,High Value
17460,2157.97,16,954.0,93,2010-01-22,2011-09-06,Frequent
16126,14644.6,15,6140.0,144,2009-12-02,2011-11-10,High Value
14733,14335.15,15,5799.0,140,2010-11-02,2011-11-23,High Value
12481,12185.51,15,7158.0,248,2010-04-11,2011-11-17,High Value
16258,11942.52,15,7200.0,253,2010-03-10,2011-10-25,High Value
12567,11767.48,15,5308.0,365,2010-02-11,2011-11-17,High Value
14134,11123.35,15,5814.0,130,2009-12-10,2010-11-22,High Value
13941,10027.18,15,4782.0,42,2009-12-16,2011-11-18,High Value
14329,9887.62,15,5913.0,349,2009-12-16,2011-11-22,High Value
15727,9371.71,15,5908.0,426,2010-01-24,2011-11-23,High Value
13758,8698.13,15,4667.0,213,2009-12-01,2011-11-28,High Value
17365,8184.49,15,8015.0,395,2010-02-01,2011-11-27,High Value
16767,8056.76,15,7102.0,209,2010-04-28,2011-11-09,High Value
13183,7036.18,15,4027.0,64,2010-03-14,2011-12-02,High Value
16187,6911.44,15,5048.0,160,2011-02-28,2011-11-08,High Value
13883,6560.02,15,3584.0,200,2009-12-08,2011-11-29,High Value
12836,6559.73,15,2231.0,280,2009-12-01,2011-10-11,High Value
14227,6368.71,15,4048.0,246,2010-02-08,2011-11-13,High Value
13870,5712.08,15,3449.0,159,2010-02-08,2011-12-07,High Value
13901,5676.34,15,3344.0,280,2010-01-05,2011-09-28,High Value
17719,5396.04,15,2466.0,111,2011-03-29,2011-11-02,High Value
16008,5339.13,15,3237.0,63,2010-03-19,2011-11-16,High Value
12594,5090.11,15,2768.0,78,2010-03-03,2011-11-02,High Value
14209,4993.27,15,1739.0,133,2010-01-22,2011-11-29,High Value
14191,4817.66,15,3724.0,147,2009-12-11,2011-12-08,High Value
17519,4774.17,15,3230.0,142,2009-12-01,2011-11-22,High Value
12395,4721.17,15,3205.0,145,2010-04-16,2011-11-20,High Value
17442,4620.3,15,3134.0,188,2010-02-15,2011-11-03,High Value
16255,4530.0,15,2876.0,231,2010-01-24,2011-11-23,High Value
14701,4487.11,15,1744.0,455,2010-01-24,2011-11-29,High Value
14648,4466.65,15,3265.0,286,2009-12-10,2010-10-19,High Value
16912,4460.51,15,1689.0,130,2009-12-09,2011-11-11,High Value
15203,4400.18,15,4182.0,150,2009-12-08,2011-11-14,High Value
17191,4310.34,15,2208.0,269,2009-12-01,2011-11-11,High Value
16293,4279.2,15,1833.0,168,2009-12-11,2011-11-18,High Value
12935,4243.86,15,3201.0,113,2010-04-11,2011-12-07,High Value
15518,4189.99,15,2810.0,250,2009-12-20,2011-10-06,High Value
16791,3957.63,15,1854.0,393,2009-12-03,2011-11-10,High Value
16466,3767.09,15,1777.0,207,2010-03-07,2011-11-06,High Value
14776,3708.3,15,4658.0,68,2010-09-19,2011-10-19,High Value
14064,3260.24,15,3911.0,131,2010-01-21,2011-11-10,High Value
12951,3213.72,15,1662.0,110,2010-01-10,2011-12-01,High Value
16365,3167.34,15,1034.0,97,2009-12-11,2011-11-22,High Value
16225,2859.31,15,1281.0,189,2010-02-07,2011-10-26,High Value
15910,2661.17,15,2158.0,394,2010-01-21,2011-12-09,High Value
15660,2603.69,15,1783.0,73,2010-02-05,2011-11-14,High Value
16638,2380.13,15,1627.0,130,2010-08-18,2011-11-17,High Value
16794,2052.7,15,1576.0,245,2010-03-25,2011-12-08,Frequent
16027,2048.36,15,2099.0,20,2010-01-08,2011-09-09,Frequent
15885,1951.82,15,622.0,83,2010-01-21,2011-09-08,Frequent
17867,1582.05,15,638.0,119,2009-12-02,2011-11-09,Frequent
18037,167.42,15,37.0,31,2009-12-01,2011-07-08,Frequent
17988,489.54,14,186.0,115,2009-12-07,2011-11-28,Frequent
15502,13003.87,14,5559.0,231,2010-06-03,2011-11-24,High Value
13952,12823.52,14,5947.0,238,2009-12-16,2011-05-06,High Value
12705,11762.1,14,7188.0,320,2010-06-24,2011-11-24,High Value
18055,10142.64,14,3534.0,320,2010-10-22,2011-12-02,High Value
16709,9056.01,14,3261.0,220,2009-12-09,2011-09-16,High Value
17396,8409.6,14,2313.0,29,2010-09-24,2011-10-31,High Value
15034,8231.2,14,4748.0,416,2010-05-11,2011-11-24,High Value
16242,7404.65,14,3921.0,348,2010-03-15,2011-12-01,High Value
17602,7354.43,14,5880.0,450,2010-03-30,2011-12-07,High Value
14841,7163.0,14,4164.0,196,2009-12-02,2011-10-17,High Value
17700,6679.97,14,3469.0,259,2009-12-01,2011-11-23,High Value
16717,6663.68,14,3145.0,274,2009-12-07,2011-11-16,High Value
12779,6474.11,14,3501.0,142,2009-12-03,2011-11-02,High Value
16735,6217.41,14,4240.0,178,2009-12-08,2011-09-22,High Value
17457,5984.81,14,2695.0,30,2009-12-07,2011-08-05,High Value
17069,5517.23,14,3230.0,202,2009-12-03,2011-11-11,High Value
13593,5493.29,14,2170.0,212,2010-03-02,2011-08-23,High Value
15152,5263.83,14,2994.0,214,2010-01-07,2011-11-30,High Value
15443,5114.23,14,2699.0,408,2010-03-07,2011-12-08,High Value
13875,4814.37,14,3072.0,159,2009-12-17,2011-10-17,High Value
13971,4667.57,14,3084.0,184,2010-01-26,2011-11-21,High Value
17613,4544.55,14,2490.0,211,2011-02-07,2011-11-17,High Value
16125,4292.35,14,1819.0,168,2009-12-14,2010-12-07,High Value
16743,4212.15,14,3707.0,118,2010-04-22,2011-11-10,High Value
16098,4010.7,14,2008.0,83,2009-12-15,2011-09-13,High Value
14047,3968.11,14,1541.0,91,2010-02-01,2011-12-01,High Value
13995,3902.01,14,2359.0,146,2009-12-18,2011-11-24,High Value
15571,3892.35,14,2411.0,442,2009-12-06,2011-11-28,High Value
14744,3660.08,14,2399.0,57,2010-05-18,2011-11-23,High Value
16748,3637.33,14,2127.0,55,2009-12-10,2011-11-22,High Value
17659,3586.99,14,1752.0,150,2010-11-18,2011-11-22,High Value
14882,3546.65,14,1614.0,32,2010-03-30,2011-11-13,High Value
16395,3518.41,14,2901.0,416,2009-12-06,2011-10-10,High Value
16719,3513.62,14,2356.0,204,2009-12-13,2011-11-25,High Value
17913,3429.29,14,1725.0,224,2009-12-03,2011-10-12,High Value
17931,3402.24,14,1919.0,274,2010-02-16,2011-07-28,High Value
14898,3365.95,14,2207.0,185,2009-12-03,2011-11-16,High Value
15031,3102.94,14,1576.0,237,2009-12-08,2011-12-05,High Value
15681,2989.7,14,1392.0,48,2010-05-24,2011-11-14,High Value
13890,2927.38,14,1392.0,100,2009-12-06,2011-12-08,High Value
13784,2910.23,14,2827.0,13,2010-09-15,2011-11-30,High Value
16742,2799.87,14,2558.0,51,2009-12-16,2011-10-24,High Value
16407,2761.65,14,1448.0,120,2010-10-03,2011-11-27,High Value
17368,2758.29,14,2319.0,195,2009-12-15,2011-11-16,High Value
14541,2491.38,14,1123.0,99,2010-01-07,2011-10-12,High Value
13610,2103.71,14,869.0,309,2010-01-05,2011-11-27,Frequent
16266,1757.95,14,791.0,73,2010-02-04,2011-09-27,Frequent
16725,1688.26,14,700.0,242,2009-12-13,2011-02-10,Frequent
16180,16249.87,13,9813.0,171,2010-06-23,2011-08-31,High Value
14049,13023.4,13,8480.0,573,2010-04-01,2011-11-23,High Value
14101,9961.93,13,10542.0,19,2010-03-28,2011-09-27,High Value
14828,9839.46,13,9718.0,72,2009-12-07,2011-05-27,High Value
13735,9762.77,13,4135.0,362,2009-12-13,2011-11-15,High Value
15150,8977.94,13,6167.0,495,2010-06-14,2011-11-22,High Value
13555,8891.84,13,4762.0,264,2010-01-19,2011-09-27,High Value
13448,8745.93,13,4195.0,321,2009-12-06,2011-11-23,High Value
12957,8706.97,13,4686.0,402,2009-12-11,2011-11-30,High Value
13209,8509.51,13,5781.0,284,2010-01-24,2011-11-09,High Value
13206,8308.19,13,7086.0,393,2009-12-07,2010-11-04,High Value
17426,8077.77,13,5187.0,248,2010-02-17,2011-12-01,High Value
12757,7834.65,13,2395.0,237,2011-05-12,2011-11-24,High Value
12867,7829.26,13,7876.0,365,2009-12-16,2011-11-13,High Value
15179,7491.92,13,5416.0,225,2009-12-03,2011-11-21,High Value
15674,6948.23,13,3648.0,262,2009-12-08,2011-09-27,High Value
14461,6676.91,13,3005.0,515,2010-01-18,2011-07-14,High Value
16655,6423.26,13,3938.0,408,2010-01-31,2011-11-22,High Value
18094,6391.52,13,4164.0,55,2010-01-07,2011-09-19,High Value
12913,6283.24,13,3086.0,52,2009-12-01,2011-12-05,High Value
13136,6274.56,13,3109.0,204,2009-12-08,2011-10-14,High Value
14390,6150.03,13,2830.0,197,2010-10-10,2011-11-29,High Value
16456,6000.94,13,3296.0,226,2010-03-29,2011-09-01,High Value
14440,5982.03,13,1605.0,63,2009-12-02,2011-12-01,High Value
17146,5852.64,13,2188.0,164,2010-02-02,2011-08-26,High Value
14112,5834.59,13,3539.0,199,2010-02-23,2011-11-17,High Value
12910,5796.52,13,3632.0,75,2010-03-28,2011-11-16,High Value
16316,5744.91,13,3057.0,193,2010-08-03,2011-10-06,High Value
17838,5604.64,13,3491.0,141,2010-03-19,2011-11-13,High Value
16992,5476.5,13,2061.0,212,2010-02-11,2011-11-29,High Value
17213,4869.4,13,2087.0,130,2009-12-15,2011-10-30,High Value
17449,4868.15,13,2483.0,292,2009-12-09,2011-12-07,High Value
17188,4592.93,13,2569.0,136,2009-12-08,2011-11-28,High Value
15365,4557.13,13,2131.0,126,2010-02-04,2011-11-14,High Value
17596,4491.46,13,7010.0,274,2009-12-15,2011-11-16,High Value
17754,4451.22,13,4366.0,185,2009-12-11,2011-12-09,High Value
15633,4335.96,13,2048.0,77,2009-12-08,2010-07-18,High Value
17930,4275.22,13,3795.0,39,2010-03-04,2011-11-04,High Value
14466,4267.15,13,2507.0,77,2009-12-13,2011-11-10,High Value
16712,4232.87,13,2074.0,301,2010-11-03,2011-11-30,High Value
15804,4206.39,13,2565.0,170,2011-05-25,2011-12-09,High Value
17406,4186.95,13,1847.0,155,2009-12-06,2011-01-10,High Value
17738,4183.56,13,2776.0,173,2010-03-19,2011-11-20,High Value
17673,4173.88,13,3284.0,195,2010-03-19,2011-12-08,High Value
13450,4120.04,13,4318.0,57,2010-04-15,2011-11-13,High Value
16218,3968.67,13,2799.0,82,2010-05-27,2011-11-10,High Value
15696,3881.22,13,1386.0,163,2010-01-24,2011-11-06,High Value
17071,3793.71,13,1934.0,141,2010-01-24,2011-11-11,High Value
13126,3774.81,13,3289.0,183,2010-03-02,2011-12-05,High Value
17211,3773.35,13,2141.0,217,2009-12-13,2011-11-13,High Value
17063,3638.53,13,1899.0,150,2009-12-01,2011-11-18,High Value
15858,3552.41,13,2715.0,273,2009-12-10,2011-11-24,High Value
16351,3330.03,13,2165.0,124,2009-12-04,2011-01-11,High Value
15356,3239.57,13,1892.0,290,2010-10-13,2011-11-08,High Value
15916,3145.24,13,1618.0,227,2009-12-10,2011-11-23,High Value
17090,3080.18,13,1344.0,54,2010-07-19,2011-12-05,High Value
13557,3032.26,13,2398.0,126,2009-12-08,2011-11-11,High Value
14524,2909.86,13,1169.0,250,2010-10-19,2011-11-08,High Value
17228,2820.03,13,2354.0,199,2010-03-12,2011-11-24,High Value
16764,2790.95,13,1253.0,209,2011-07-19,2011-12-06,High Value
15965,2771.94,13,1313.0,202,2009-12-03,2011-11-22,High Value
17870,2753.29,13,1699.0,215,2010-11-23,2011-12-07,High Value
14404,2724.13,13,1577.0,123,2009-12-20,2011-11-06,High Value
13700,2596.97,13,2786.0,163,2010-02-07,2011-11-13,High Value
16206,2589.87,13,1379.0,187,2010-01-24,2011-10-16,High Value
16817,2560.7,13,1401.0,107,2010-10-04,2011-12-07,High Value
15862,2512.29,13,1520.0,417,2009-12-17,2011-12-01,High Value
15015,2354.97,13,1584.0,158,2009-12-14,2010-07-26,High Value
14810,2354.03,13,1162.0,125,2010-10-06,2011-10-30,High Value
12599,2296.72,13,2189.0,47,2010-05-11,2011-11-10,High Value
14177,2209.69,13,1043.0,141,2010-02-26,2011-09-14,Frequent
13094,2209.44,13,1896.0,5,2010-11-15,2011-11-18,Frequent
17905,2178.87,13,1299.0,129,2010-01-28,2011-09-29,Frequent
14573,2163.12,13,683.0,183,2010-01-08,2011-06-13,Frequent
16600,2153.41,13,2420.0,106,2009-12-18,2011-12-05,Frequent
18116,2134.49,13,1267.0,311,2010-10-24,2011-10-03,Frequent
14710,1899.79,13,1135.0,310,2009-12-03,2011-11-25,Frequent
13782,1786.08,13,643.0,187,2009-12-06,2011-11-27,Frequent
16668,862.42,13,773.0,28,2010-03-18,2011-11-24,Frequent
12346,77556.46,12,74285.0,27,2009-12-14,2011-01-18,High Value
13340,22100.56,12,9636.0,190,2010-02-22,2011-10-25,High Value
17133,14622.33,12,10107.0,22,2010-03-21,2011-11-24,High Value
16873,14617.39,12,8601.0,252,2010-02-09,2011-12-05,High Value
12714,14093.71,12,8774.0,436,2009-12-04,2011-11-30,High Value
15382,13733.55,12,9178.0,315,2009-12-04,2011-11-25,High Value
14936,12410.81,12,6274.0,267,2010-05-05,2011-11-06,High Value
17044,11962.3,12,5722.0,92,2009-12-07,2011-11-14,High Value
13680,11419.67,12,5244.0,354,2009-12-04,2011-12-08,High Value
15296,10323.03,12,5452.0,342,2010-01-21,2011-10-20,High Value
16131,9957.42,12,4768.0,131,2009-12-02,2011-10-19,High Value
14146,9450.3,12,5780.0,337,2010-01-13,2011-12-01,High Value
15903,8939.84,12,3926.0,58,2010-01-14,2011-11-30,High Value
14676,8356.79,12,8792.0,77,2010-03-10,2011-11-08,High Value
12643,8304.82,12,4665.0,14,2010-04-07,2011-08-03,High Value
12637,8283.81,12,4257.0,295,2010-06-14,2011-10-03,High Value
13381,8224.37,12,5125.0,154,2009-12-01,2011-11-08,High Value
13174,7995.36,12,3794.0,602,2009-12-04,2011-11-23,High Value
16265,6935.17,12,3214.0,192,2010-10-28,2011-11-30,High Value
15321,6709.73,12,3653.0,242,2010-02-03,2011-09-30,High Value
13953,6640.68,12,5224.0,8,2009-12-11,2011-12-02,High Value
12484,6354.1,12,3266.0,329,2010-01-27,2011-11-07,High Value
17819,6021.05,12,1610.0,66,2009-12-13,2011-09-29,High Value
16409,5652.74,12,3664.0,335,2009-12-13,2011-11-03,High Value
16200,5608.1,12,3068.0,361,2009-12-02,2011-12-05,High Value
17685,5454.95,12,3474.0,124,2010-02-11,2011-11-23,High Value
14249,5400.46,12,2383.0,178,2010-01-29,2010-10-25,High Value
17863,5360.48,12,4676.0,154,2010-02-25,2011-10-11,High Value
15641,5345.55,12,4422.0,249,2009-12-06,2011-08-26,High Value
13975,5256.4,12,3884.0,434,2010-02-02,2011-11-08,High Value
15812,5201.47,12,3450.0,87,2009-12-15,2011-08-24,High Value
17758,4964.03,12,3199.0,403,2010-05-20,2011-11-20,High Value
14970,4919.35,12,982.0,71,2010-02-14,2011-10-02,High Value
13659,4884.68,12,2527.0,224,2010-02-17,2011-05-18,High Value
17652,4867.72,12,2509.0,118,2011-03-03,2011-11-14,High Value
15529,4783.66,12,4271.0,451,2010-11-10,2011-11-17,High Value
12553,4608.75,12,2325.0,109,2010-10-12,2011-12-01,High Value
18257,4600.15,12,2369.0,219,2010-02-18,2011-10-31,High Value
16143,4555.08,12,1866.0,107,2009-12-10,2011-12-06,High Value
13527,4541.29,12,2736.0,266,2010-01-21,2011-11-06,High Value
15240,4459.98,12,3214.0,134,2009-12-05,2011-10-26,High Value
15861,4369.2,12,3837.0,452,2010-01-28,2011-11-27,High Value
14334,4318.48,12,2986.0,148,2010-05-20,2011-11-23,High Value
14482,4306.72,12,2869.0,185,2010-08-26,2011-11-21,High Value
12928,4304.89,12,2899.0,94,2010-06-08,2011-11-04,High Value
14868,4184.01,12,2230.0,132,2010-10-15,2011-12-06,High Value
16841,4006.06,12,3478.0,187,2010-01-12,2011-11-03,High Value
17526,3939.24,12,1442.0,67,2009-12-17,2011-12-05,High Value
13037,3914.95,12,2130.0,181,2009-12-03,2011-07-24,High Value
17646,3898.79,12,1308.0,124,2009-12-16,2011-05-04,High Value
18073,3859.82,12,3102.0,23,2011-05-26,2011-08-17,High Value
14515,3724.06,12,1893.0,109,2010-06-07,2011-11-22,High Value
14593,3665.53,12,1848.0,436,2009-12-09,2011-11-18,High Value
16325,3597.5,12,2464.0,104,2009-12-04,2011-10-24,High Value
14653,3593.06,12,1969.0,271,2009-12-02,2011-12-08,High Value
15712,3472.41,12,1277.0,86,2009-12-01,2011-11-30,High Value
13313,3445.32,12,2308.0,105,2009-12-02,2011-11-17,High Value
15114,3400.12,12,3532.0,151,2010-10-14,2011-11-09,High Value
13824,3314.76,12,1442.0,59,2010-03-12,2011-11-07,High Value
12872,3283.96,12,1642.0,217,2009-12-03,2011-01-17,High Value
14451,3258.68,12,1737.0,245,2010-01-17,2011-10-10,High Value
12963,3235.79,12,1637.0,129,2010-07-08,2011-12-01,High Value
14963,3123.57,12,2287.0,304,2010-07-02,2011-11-30,High Value
16678,3109.99,12,2397.0,92,2011-03-02,2011-12-07,High Value
13742,3107.87,12,1115.0,200,2011-01-23,2011-11-23,High Value
13538,3103.13,12,959.0,105,2010-02-02,2011-10-27,High Value
17929,3082.1,12,434.0,6,2009-12-09,2011-11-28,High Value
16059,3053.57,12,1431.0,233,2010-05-19,2011-10-05,High Value
17692,2975.8,12,2338.0,90,2010-06-17,2011-08-04,High Value
15967,2966.0,12,1183.0,316,2009-12-01,2011-11-16,High Value
13110,2957.47,12,763.0,167,2009-12-01,2011-11-08,High Value
15312,2930.19,12,1693.0,118,2009-12-16,2011-09-25,High Value
12826,2800.75,12,1915.0,93,2009-12-18,2011-12-07,High Value
17530,2791.69,12,1741.0,359,2009-12-06,2011-12-08,High Value
17552,2786.77,12,1951.0,78,2010-03-22,2011-10-10,High Value
17241,2736.64,12,859.0,116,2010-02-15,2010-11-19,High Value
16434,2673.69,12,1310.0,126,2010-01-17,2011-11-10,High Value
16115,2553.8,12,1589.0,230,2010-05-14,2011-11-30,High Value
14745,2551.41,12,1969.0,74,2010-03-12,2011-08-19,High Value
15021,2500.59,12,1079.0,355,2010-07-29,2011-12-01,High Value
12924,2469.4,12,1423.0,56,2009-12-09,2011-09-12,High Value
16085,2341.03,12,1382.0,259,2010-01-20,2011-11-16,High Value
14462,2242.81,12,1063.0,182,2010-10-03,2011-10-04,Frequent
15550,2211.05,12,1139.0,166,2009-12-03,2011-12-05,Frequent
14467,2203.24,12,1187.0,144,2009-12-02,2011-11-22,Frequent
17324,2171.07,12,1485.0,111,2009-12-18,2011-11-22,Frequent
13092,2140.28,12,664.0,52,2010-02-10,2011-09-30,Frequent
17351,1988.23,12,383.0,45,2009-12-10,2011-11-03,Frequent
17236,1929.26,12,804.0,123,2010-03-07,2011-11-27,Frequent
14901,1919.0,12,880.0,103,2010-07-29,2011-11-28,Frequent
13984,1893.8,12,1301.0,53,2009-12-07,2011-11-13,Frequent
17227,1878.93,12,1681.0,58,2010-01-15,2011-11-21,Frequent
15081,1854.57,12,749.0,75,2010-06-22,2011-11-17,Frequent
18236,1795.35,12,696.0,80,2010-04-15,2011-11-10,Frequent
14692,1715.14,12,890.0,101,2010-04-01,2011-07-25,Frequent
17323,1551.04,12,1426.0,168,2010-01-10,2011-11-24,Frequent
12744,25317.06,11,6994.0,245,2010-04-27,2011-10-19,High Value
14016,11403.41,11,5722.0,354,2010-01-08,2011-07-01,High Value
12380,9676.3,11,3355.0,156,2010-02-15,2011-11-18,High Value
17593,8092.32,11,5595.0,311,2009-12-04,2011-12-06,High Value
13451,7090.06,11,5229.0,561,2010-03-21,2011-11-13,High Value
13384,6680.83,11,4142.0,192,2010-07-27,2011-11-09,High Value
13520,6606.0,11,3179.0,81,2009-12-17,2011-10-12,High Value
13015,6579.78,11,3527.0,260,2010-04-15,2011-10-17,High Value
14766,6375.73,11,3999.0,251,2010-06-06,2011-12-01,High Value
13654,6308.0,11,4762.0,262,2009-12-02,2011-10-27,High Value
14004,6258.45,11,3425.0,127,2010-09-30,2011-10-27,High Value
15369,6251.26,11,3288.0,44,2009-12-08,2010-08-04,High Value
18178,6103.74,11,3850.0,204,2010-02-18,2011-08-03,High Value
12664,6070.04,11,1495.0,10,2009-12-13,2011-12-01,High Value
18145,5609.74,11,5104.0,250,2009-12-08,2011-11-27,High Value
14572,5526.88,11,2878.0,336,2010-03-28,2011-12-06,High Value
17092,5511.41,11,3768.0,273,2010-02-02,2011-10-20,High Value
14626,5410.92,11,3135.0,181,2009-12-10,2011-11-16,High Value
13014,5381.08,11,1979.0,140,2010-10-03,2011-11-29,High Value
12362,5356.23,11,2230.0,201,2009-12-01,2011-12-06,High Value
15394,5286.8,11,2372.0,129,2009-12-15,2011-11-30,High Value
13931,5257.38,11,3488.0,205,2009-12-03,2011-09-05,High Value
12755,5236.26,11,2293.0,34,2010-01-15,2011-03-04,High Value
15722,5234.0,11,2279.0,91,2010-03-09,2011-11-04,High Value
17061,5232.23,11,1526.0,57,2011-04-21,2011-09-27,High Value
14546,5184.84,11,2688.0,410,2009-12-06,2011-12-04,High Value
16153,5133.49,11,3693.0,161,2010-05-26,2011-10-21,High Value
15367,5081.33,11,2944.0,214,2009-12-10,2011-10-13,High Value
16986,4888.75,11,2539.0,65,2010-02-04,2011-11-10,High Value
14107,4877.3,11,3489.0,102,2009-12-09,2011-10-19,High Value
13044,4848.05,11,2548.0,356,2010-01-08,2011-02-21,High Value
12955,4757.16,11,3664.0,81,2011-03-17,2011-12-08,High Value
17050,4648.59,11,2432.0,193,2010-01-26,2011-09-04,High Value
18097,4627.92,11,2716.0,86,2009-12-17,2011-12-02,High Value
12782,4618.24,11,2017.0,142,2010-07-08,2011-12-05,High Value
14441,4611.69,11,1260.0,103,2010-01-18,2011-12-09,High Value
13510,4558.29,11,3044.0,176,2009-12-21,2011-12-08,High Value
12598,4534.09,11,2906.0,130,2010-03-01,2011-11-30,High Value
14625,4497.88,11,2155.0,167,2009-12-16,2011-05-27,High Value
15122,4487.27,11,2033.0,155,2010-03-30,2011-08-17,High Value
18064,4481.83,11,2685.0,53,2010-02-01,2011-07-29,High Value
18069,4464.92,11,3168.0,602,2010-02-28,2011-11-13,High Value
15845,4426.28,11,2128.0,129,2010-01-26,2011-11-22,High Value
14854,4303.06,11,2987.0,170,2010-01-22,2011-09-22,High Value
16875,4234.53,11,2099.0,161,2010-01-05,2011-10-03,High Value
14740,4161.06,11,2081.0,173,2010-02-25,2011-05-26,High Value
14408,4102.27,11,2438.0,63,2009-12-07,2011-11-29,High Value
16477,4094.37,11,2507.0,177,2010-08-12,2011-10-07,High Value
17682,4065.28,11,2281.0,85,2010-03-08,2011-11-29,High Value
12726,4014.6,11,4618.0,63,2010-03-25,2011-11-11,High Value
17618,4001.64,11,1798.0,202,2010-01-24,2011-12-04,High Value
17307,3999.89,11,3667.0,22,2010-01-19,2010-11-09,High Value
16455,3995.57,11,2851.0,111,2010-03-30,2011-10-07,High Value
14465,3925.85,11,2539.0,128,2010-01-07,2011-04-07,High Value
12853,3907.5,11,1668.0,111,2010-02-05,2011-07-28,High Value
13446,3881.89,11,2403.0,113,2010-02-14,2010-10-05,High Value
13213,3851.52,11,2962.0,181,2010-05-20,2011-10-14,High Value
14532,3845.78,11,1111.0,209,2010-01-10,2011-04-17,High Value
13481,3830.84,11,2055.0,162,2009-12-04,2011-10-25,High Value
16128,3801.05,11,2445.0,155,2010-07-16,2011-11-22,High Value
14309,3780.81,11,2583.0,125,2010-06-07,2011-12-01,High Value
14540,3709.64,11,1595.0,197,2009-12-07,2011-11-30,High Value
17096,3697.93,11,1559.0,162,2010-06-02,2011-11-24,High Value
16094,3695.56,11,2020.0,101,2010-04-16,2011-11-28,High Value
15079,3625.4,11,1459.0,119,2009-12-08,2011-05-11,High Value
16503,3614.34,11,1535.0,161,2010-06-21,2011-08-25,High Value
17019,3602.29,11,2396.0,344,2009-12-02,2011-11-28,High Value
13750,3602.18,11,1370.0,51,2010-04-01,2011-10-17,High Value
17422,3594.76,11,3538.0,149,2010-06-23,2011-11-23,High Value
14132,3586.03,11,3368.0,100,2011-06-09,2011-12-07,High Value
15222,3550.91,11,4458.0,98,2009-12-16,2011-01-25,High Value
13929,3494.1,11,1566.0,38,2010-01-14,2011-06-23,High Value
16983,3490.53,11,2315.0,151,2010-09-19,2011-11-27,High Value
13577,3489.28,11,1661.0,102,2009-12-14,2011-11-14,High Value
14533,3466.37,11,6038.0,74,2010-04-08,2011-11-15,High Value
16347,3442.96,11,1715.0,209,2010-03-12,2011-11-28,High Value
17725,3439.08,11,2162.0,115,2011-03-17,2011-11-23,High Value
14608,3352.94,11,927.0,15,2009-12-06,2011-12-05,High Value
13246,3351.75,11,2796.0,229,2010-07-02,2011-11-21,High Value
16818,3349.57,11,2164.0,172,2011-05-18,2011-11-29,High Value
13291,3270.79,11,1600.0,155,2010-02-11,2011-07-07,High Value
15380,3248.96,11,954.0,27,2009-12-01,2011-12-01,High Value
14507,3216.74,11,1491.0,182,2009-12-10,2011-11-16,High Value
13268,3174.75,11,3624.0,257,2011-03-17,2011-11-22,High Value
16837,3170.98,11,1563.0,123,2011-04-08,2011-11-08,High Value
14312,3090.29,11,1904.0,148,2010-07-23,2011-10-24,High Value
13631,3070.42,11,467.0,6,2011-03-17,2011-09-01,High Value
15241,3050.16,11,3328.0,120,2010-02-23,2011-10-04,High Value
13485,3019.22,11,1798.0,131,2009-12-03,2011-04-20,High Value
15182,2998.95,11,1186.0,78,2010-02-21,2011-07-08,High Value
15329,2958.83,11,1217.0,98,2009-12-14,2011-10-31,High Value
13012,2957.83,11,1559.0,95,2010-04-26,2011-11-30,High Value
12676,2843.09,11,1867.0,67,2010-08-13,2011-11-15,High Value
14711,2839.62,11,966.0,221,2011-03-22,2011-11-29,High Value
13477,2819.17,11,2091.0,112,2010-01-25,2011-11-02,High Value
13719,2783.08,11,1588.0,194,2010-05-17,2011-11-24,High Value
13077,2740.65,11,2468.0,208,2009-12-11,2011-12-08,High Value
12820,2689.52,11,1964.0,131,2009-12-05,2011-12-06,High Value
17388,2675.37,11,2555.0,41,2009-12-10,2011-09-23,High Value
14410,2631.9,11,1369.0,307,2010-09-28,2011-09-08,High Value
17470,2626.47,11,2731.0,111,2010-07-19,2011-10-26,High Value
15434,2567.06,11,1423.0,82,2010-01-24,2011-12-01,High Value
16987,2521.4,11,671.0,155,2009-12-02,2011-12-06,High Value
17262,2488.76,11,635.0,12,2009-12-15,2011-10-18,High Value
15716,2485.26,11,1379.0,188,2009-12-07,2011-07-17,High Value
17288,2468.43,11,1699.0,233,2010-11-10,2011-11-30,High Value
14502,2429.83,11,1480.0,368,2011-01-30,2011-11-20,High Value
16470,2416.85,11,1335.0,286,2009-12-11,2011-10-19,High Value
13173,2399.82,11,1481.0,160,2009-12-10,2011-12-05,High Value
16531,2298.33,11,1863.0,109,2010-09-24,2011-11-17,High Value
17994,2270.03,11,2181.0,227,2010-03-29,2011-08-10,High Value
17180,2236.77,11,1809.0,189,2010-01-21,2011-10-14,Frequent
13662,2233.61,11,1169.0,126,2010-02-19,2011-09-15,Frequent
17742,2098.48,11,653.0,52,2009-12-01,2011-08-18,Frequent
17705,2083.9,11,1301.0,74,2010-05-12,2011-12-06,Frequent
16016,2083.4,11,881.0,181,2010-11-02,2011-12-06,Frequent
16332,2000.01,11,1128.0,158,2010-04-29,2011-11-11,Frequent
17609,1887.9,11,1321.0,317,2010-04-09,2011-10-30,Frequent
14915,1811.25,11,707.0,65,2009-12-03,2011-09-09,Frequent
13561,1803.4,11,1125.0,131,2010-02-28,2011-05-08,Frequent
14723,1803.06,11,1168.0,287,2009-12-04,2011-11-29,Frequent
14704,1752.92,11,1164.0,319,2010-03-25,2011-11-28,Frequent
17268,1733.89,11,1395.0,26,2009-12-08,2011-08-24,Frequent
16891,1727.94,11,652.0,335,2009-12-04,2011-12-08,Frequent
16010,1694.86,11,919.0,122,2010-10-24,2011-04-08,Frequent
18036,1545.49,11,741.0,221,2009-12-18,2011-11-07,Frequent
16915,1543.18,11,190.0,54,2010-05-19,2011-11-30,Frequent
15751,1380.44,11,443.0,90,2009-12-06,2010-09-05,Frequent
13856,1142.03,11,1105.0,33,2010-03-30,2011-06-24,Frequent
14083,1082.19,11,760.0,169,2009-12-18,2011-12-05,Frequent
12891,840.5,11,2325.0,2,2010-02-18,2011-06-07,Frequent
15483,817.82,10,905.0,216,2010-01-24,2011-07-01,Frequent
17572,652.21,10,327.0,14,2009-12-15,2011-09-29,Frequent
12433,16794.14,10,13534.0,285,2010-08-20,2011-12-09,High Value
17107,16052.72,10,7530.0,377,2010-01-31,2011-11-06,High Value
13316,12940.82,10,19931.0,115,2010-03-10,2011-11-02,High Value
12668,11383.03,10,5049.0,263,2010-01-31,2011-11-28,High Value
12359,8873.39,10,2739.0,305,2009-12-05,2011-10-13,High Value
13869,7996.87,10,4302.0,502,2010-01-17,2011-08-08,High Value
17409,7793.51,10,4089.0,50,2009-12-11,2011-06-08,High Value
15950,7120.91,10,3354.0,225,2010-01-26,2011-11-08,High Value
12613,6817.37,10,4157.0,218,2009-12-14,2011-10-13,High Value
14844,6702.43,10,4369.0,158,2010-04-12,2011-10-07,High Value
15299,6156.53,10,3356.0,9,2010-01-12,2011-10-03,High Value
17669,6142.35,10,3505.0,85,2010-04-01,2011-10-28,High Value
12455,5879.95,10,3302.0,199,2009-12-18,2011-09-27,High Value
12727,5679.53,10,2832.0,132,2010-02-23,2011-11-29,High Value
13722,5635.41,10,3059.0,137,2010-03-03,2011-07-31,High Value
16003,5613.83,10,2210.0,146,2009-12-03,2011-11-10,High Value
17203,5564.09,10,4597.0,195,2010-11-16,2011-11-04,High Value
13115,5494.7,10,3934.0,178,2010-04-19,2011-11-28,High Value
14493,5087.86,10,3148.0,292,2010-03-08,2011-12-02,High Value
17802,4946.22,10,2705.0,283,2009-12-13,2011-09-18,High Value
14081,4867.57,10,3381.0,465,2009-12-10,2011-02-10,High Value
13495,4863.31,10,2465.0,59,2009-12-07,2011-12-02,High Value
15410,4685.72,10,1902.0,80,2010-04-19,2011-09-16,High Value
16858,4292.59,10,1423.0,75,2009-12-15,2010-12-06,High Value
14307,4287.92,10,2816.0,205,2009-12-07,2011-09-12,High Value
16571,4248.74,10,3703.0,151,2010-03-18,2011-11-13,High Value
15680,4028.69,10,2743.0,155,2009-12-02,2011-11-30,High Value
14824,4022.91,10,1954.0,84,2010-03-12,2011-11-29,High Value
16150,4002.17,10,1990.0,143,2009-12-17,2011-10-28,High Value
15572,3965.2,10,2089.0,259,2010-04-14,2011-12-05,High Value
16771,3949.6,10,2308.0,303,2009-12-09,2011-11-06,High Value
15819,3934.79,10,2928.0,182,2010-03-18,2011-10-21,High Value
14498,3900.83,10,2120.0,276,2010-06-07,2011-10-28,High Value
16057,3854.85,10,1691.0,175,2010-01-07,2011-11-23,High Value
15421,3805.34,10,1927.0,170,2009-12-07,2011-10-12,High Value
12619,3781.38,10,3518.0,55,2010-05-28,2011-11-23,High Value
15532,3738.85,10,1337.0,417,2010-06-08,2011-11-14,High Value
15288,3715.38,10,1336.0,128,2010-02-12,2011-10-27,High Value
14640,3649.36,10,1645.0,165,2010-01-22,2011-11-15,High Value
15569,3583.45,10,1734.0,123,2010-02-28,2011-08-28,High Value
16950,3541.77,10,2432.0,111,2010-01-24,2011-10-14,High Value
16208,3440.45,10,1541.0,180,2010-02-24,2011-10-26,High Value
15351,3430.22,10,1350.0,201,2010-10-03,2011-11-27,High Value
16271,3397.82,10,2359.0,176,2010-03-07,2011-12-07,High Value
13611,3297.93,10,1988.0,170,2009-12-03,2011-09-11,High Value
16539,3289.66,10,1014.0,83,2010-06-25,2011-12-07,High Value
13650,3288.0,10,1746.0,127,2010-01-26,2011-11-23,High Value
15027,3195.6,10,2782.0,69,2010-03-25,2011-11-09,High Value
13397,3191.87,10,1336.0,68,2010-01-20,2011-09-28,High Value
16515,3179.06,10,1573.0,184,2010-06-17,2011-10-18,High Value
15095,3141.64,10,2233.0,90,2010-01-21,2011-08-28,High Value
15199,3122.4,10,894.0,17,2010-05-13,2011-10-11,High Value
14978,3112.19,10,736.0,175,2010-04-28,2011-09-28,High Value
14044,3077.7,10,2100.0,533,2010-01-24,2011-11-13,High Value
12838,2975.91,10,1606.0,230,2010-04-26,2011-11-06,High Value
12352,2849.84,10,724.0,70,2010-11-12,2011-11-03,High Value
12986,2729.84,10,1164.0,61,2010-01-21,2010-10-07,High Value
16086,2687.73,10,1450.0,66,2009-12-02,2011-10-11,High Value
14748,2681.9,10,2422.0,129,2010-03-04,2011-11-10,High Value
17720,2666.91,10,1589.0,81,2010-05-10,2011-11-13,High Value
13203,2648.25,10,2413.0,158,2009-12-17,2011-11-30,High Value
12423,2622.39,10,1793.0,128,2010-08-31,2011-12-09,High Value
13211,2618.77,10,1845.0,98,2009-12-06,2011-11-29,High Value
15033,2557.18,10,1672.0,315,2011-01-14,2011-12-05,High Value
13623,2533.06,10,1010.0,211,2009-12-02,2011-11-09,High Value
15906,2530.19,10,749.0,143,2010-09-15,2011-11-20,High Value
14790,2526.62,10,2642.0,65,2009-12-11,2011-11-23,High Value
17629,2455.52,10,1903.0,129,2010-10-14,2011-12-04,High Value
17676,2448.64,10,1764.0,85,2010-03-30,2011-12-05,High Value
17921,2394.36,10,991.0,230,2010-07-15,2011-10-06,High Value
16005,2365.49,10,1269.0,315,2010-09-15,2011-11-27,High Value
13059,2291.77,10,860.0,155,2010-03-31,2011-04-04,High Value
17075,2236.63,10,785.0,153,2009-12-14,2011-11-22,Frequent
16076,2234.73,10,1435.0,71,2011-05-15,2011-12-06,Frequent
13643,2156.77,10,902.0,71,2009-12-08,2011-11-08,Frequent
15456,2091.52,10,2727.0,128,2009-12-08,2011-03-01,Frequent
14623,2016.98,10,1025.0,193,2010-04-16,2011-11-07,Frequent
17966,1963.92,10,3918.0,82,2010-01-18,2011-11-02,Frequent
14794,1953.9,10,783.0,85,2010-08-09,2011-12-07,Frequent
16426,1863.76,10,1215.0,211,2011-03-08,2011-12-07,Frequent
13884,1825.03,10,752.0,108,2010-08-26,2011-12-02,Frequent
17135,1722.18,10,1686.0,98,2010-05-09,2011-11-23,Frequent
17162,1715.46,10,1001.0,81,2011-02-07,2011-11-11,Frequent
13838,1690.07,10,694.0,328,2010-05-09,2011-12-04,Frequent
13184,1668.95,10,1662.0,138,2011-02-22,2011-11-25,Frequent
16813,1652.18,10,1501.0,248,2011-05-19,2011-12-01,Frequent
15013,1610.82,10,1715.0,177,2010-01-31,2010-08-09,Frequent
15134,1596.29,10,1057.0,47,2010-10-13,2011-11-25,Frequent
17345,1586.63,10,2008.0,174,2009-12-01,2011-11-24,Frequent
17454,1547.94,10,727.0,98,2010-01-15,2011-05-31,Frequent
15732,1543.97,10,1264.0,53,2010-02-04,2011-05-11,Frequent
14609,1486.2,10,12720.0,6,2010-02-09,2011-09-28,Frequent
12970,1453.6,10,954.0,280,2009-12-04,2011-12-02,Frequent
14861,1380.73,10,1076.0,62,2009-12-08,2011-10-18,Frequent
18135,1249.62,10,753.0,23,2010-03-15,2011-11-10,Frequent
14201,1193.54,10,806.0,47,2010-04-30,2011-10-10,Frequent
18251,26278.86,9,39639.0,87,2009-12-22,2011-09-13,High Value
14063,22710.2,9,3850.0,30,2009-12-08,2010-09-27,High Value
12477,20276.37,9,6119.0,295,2010-03-26,2011-11-17,High Value
14277,17197.61,9,89806.0,334,2009-12-13,2011-11-24,High Value
16984,10350.53,9,5127.0,669,2010-03-07,2011-09-12,High Value
16182,9971.65,9,5887.0,20,2010-03-09,2011-09-28,High Value
12766,8918.99,9,5022.0,253,2010-10-28,2011-12-06,High Value
15497,8657.39,9,2937.0,66,2009-12-18,2011-11-22,High Value
17686,8296.81,9,3583.0,283,2010-06-24,2011-12-02,High Value
12428,7956.46,9,3536.0,258,2011-03-01,2011-11-14,High Value
16938,6995.36,9,5041.0,547,2010-02-17,2011-12-01,High Value
12749,6897.36,9,2360.0,260,2010-07-06,2011-12-06,High Value
12626,6620.48,9,3453.0,232,2011-01-17,2011-11-16,High Value
15673,6204.32,9,3274.0,177,2010-02-22,2011-09-12,High Value
13658,6025.5,9,2171.0,164,2010-02-05,2011-11-30,High Value
14535,5973.23,9,3214.0,589,2010-02-24,2011-10-10,High Value
14918,5955.81,9,2551.0,79,2010-04-08,2011-08-16,High Value
14257,5954.45,9,3332.0,167,2010-03-01,2011-10-06,High Value
13771,5728.82,9,3140.0,182,2010-02-25,2011-10-06,High Value
16279,5698.28,9,3683.0,243,2010-04-22,2011-11-18,High Value
13157,5687.36,9,4762.0,173,2010-03-08,2011-10-21,High Value
17204,5504.69,9,2651.0,110,2010-06-10,2011-06-17,High Value
13107,5253.07,9,4316.0,142,2010-02-04,2011-10-26,High Value
12510,5178.02,9,2049.0,94,2009-12-04,2011-07-20,High Value
14639,4978.96,9,2410.0,203,2010-02-16,2011-10-18,High Value
12562,4966.92,9,2327.0,113,2010-09-30,2011-12-01,High Value
17059,4864.57,9,3107.0,349,2010-01-26,2011-11-10,High Value
17567,4838.08,9,2908.0,128,2010-09-24,2011-12-02,High Value
14235,4717.99,9,3014.0,107,2010-03-30,2011-09-25,High Value
13435,4447.33,9,2754.0,96,2010-07-27,2011-12-04,High Value
18272,4385.98,9,2880.0,145,2010-03-04,2011-12-07,High Value
14514,4380.04,9,2362.0,212,2009-12-13,2011-10-09,High Value
18230,4291.06,9,1996.0,42,2010-07-02,2011-11-30,High Value
14001,4228.85,9,1779.0,60,2010-08-03,2011-10-25,High Value
16209,4146.78,9,1895.0,51,2010-06-11,2011-09-12,High Value
15002,4138.08,9,2214.0,220,2010-01-12,2011-08-16,High Value
15493,4121.68,9,1206.0,289,2010-02-23,2011-11-07,High Value
17083,4049.79,9,1955.0,30,2010-02-09,2011-08-22,High Value
13048,4049.13,9,2661.0,125,2010-01-27,2011-11-25,High Value
13982,3954.29,9,2478.0,123,2010-01-20,2011-10-31,High Value
17667,3950.7,9,2192.0,140,2010-02-23,2011-10-04,High Value
15051,3926.91,9,3052.0,226,2009-12-01,2011-11-16,High Value
15752,3924.91,9,2792.0,359,2010-09-08,2011-10-31,High Value
15708,3887.15,9,1465.0,135,2010-10-10,2011-10-30,High Value
12530,3759.26,9,2713.0,94,2010-03-07,2011-10-11,High Value
15255,3706.02,9,2214.0,137,2009-12-03,2011-10-04,High Value
14649,3651.19,9,2415.0,374,2010-01-20,2011-12-05,High Value
15306,3484.73,9,3074.0,123,2010-02-18,2011-10-06,High Value
14837,3460.32,9,3030.0,171,2010-01-24,2011-09-11,High Value
12609,3435.86,9,1553.0,129,2009-12-20,2011-09-22,High Value
14409,3427.29,9,2233.0,76,2010-05-21,2011-09-29,High Value
17774,3273.83,9,1585.0,286,2010-02-08,2011-09-04,High Value
14215,3250.33,9,2181.0,167,2009-12-08,2011-11-28,High Value
16612,3245.43,9,1419.0,105,2009-12-03,2011-11-07,High Value
15625,3236.4,9,3020.0,106,2010-06-15,2011-08-28,High Value
17147,3199.95,9,1308.0,99,2010-01-11,2011-11-17,High Value
13804,3161.12,9,1797.0,149,2010-09-29,2011-11-09,High Value
16933,3099.3,9,1533.0,213,2009-12-09,2011-12-08,High Value
12937,3097.61,9,1983.0,128,2009-12-03,2011-11-24,High Value
15105,3094.91,9,1747.0,129,2010-03-23,2011-11-21,High Value
16400,3059.85,9,2066.0,214,2009-12-08,2011-09-06,High Value
15754,3037.61,9,1762.0,114,2010-02-22,2011-10-19,High Value
14456,3017.28,9,2885.0,580,2011-07-20,2011-12-04,High Value
14621,3000.57,9,1706.0,134,2010-01-25,2011-12-08,High Value
15687,2993.1,9,1310.0,119,2011-01-13,2011-12-01,High Value
17655,2976.38,9,1268.0,75,2010-10-19,2011-11-29,High Value
16416,2957.88,9,2198.0,146,2010-02-23,2011-11-13,High Value
14293,2903.01,9,1558.0,88,2009-12-10,2011-12-06,High Value
18170,2878.0,9,1184.0,59,2010-01-08,2011-11-06,High Value
16711,2868.48,9,1212.0,26,2009-12-02,2011-12-06,High Value
16979,2859.74,9,1451.0,82,2010-09-15,2011-12-06,High Value
13032,2815.96,9,1274.0,147,2010-09-05,2011-10-18,High Value
13799,2803.57,9,1539.0,64,2010-03-05,2011-08-15,High Value
14035,2794.75,9,1405.0,70,2010-04-06,2011-11-11,High Value
16104,2774.46,9,1047.0,187,2009-12-06,2011-10-09,High Value
17490,2750.5,9,1531.0,93,2010-05-19,2011-12-09,High Value
15841,2742.41,9,2391.0,60,2009-12-10,2011-09-28,High Value
15596,2727.72,9,1208.0,82,2010-07-28,2011-08-31,High Value
14129,2591.34,9,1414.0,40,2010-05-09,2011-12-08,High Value
14147,2590.2,9,995.0,24,2010-03-09,2011-09-22,High Value
13862,2556.09,9,1927.0,113,2010-11-15,2011-11-21,High Value
14548,2541.29,9,986.0,66,2009-12-06,2011-07-12,High Value
14659,2529.93,9,1195.0,147,2011-01-28,2011-12-01,High Value
17550,2506.64,9,968.0,250,2010-02-07,2011-05-26,High Value
16202,2501.99,9,1307.0,105,2009-12-02,2010-12-14,High Value
15747,2499.81,9,1344.0,116,2010-01-18,2011-11-27,High Value
15227,2488.49,9,1217.0,86,2010-03-16,2011-11-03,High Value
13588,2478.95,9,2606.0,131,2011-03-29,2011-11-24,High Value
17348,2442.29,9,2766.0,326,2010-03-10,2011-11-25,High Value
18171,2437.31,9,991.0,76,2010-01-05,2011-10-12,High Value
13118,2415.41,9,834.0,111,2010-09-26,2011-11-20,High Value
14205,2414.2,9,1342.0,79,2010-03-07,2011-11-23,High Value
17634,2358.59,9,838.0,209,2011-01-06,2011-11-03,High Value
12584,2338.15,9,416.0,44,2011-03-04,2011-12-06,High Value
12948,2317.43,9,1304.0,89,2009-12-02,2011-11-23,High Value
17193,2310.04,9,1668.0,28,2009-12-02,2011-11-04,High Value
13704,2308.06,9,1531.0,111,2011-09-12,2011-12-04,High Value
16350,2253.89,9,1077.0,72,2010-10-07,2011-11-18,High Value
18177,2216.32,9,1238.0,66,2009-12-15,2011-11-08,Frequent
13410,2201.96,9,1244.0,25,2009-12-08,2011-11-15,Frequent
15426,2156.35,9,1041.0,327,2010-05-02,2011-11-20,Frequent
16996,2123.61,9,919.0,32,2010-10-18,2011-11-09,Frequent
14472,2118.72,9,1271.0,173,2010-01-19,2011-08-28,Frequent
13755,2108.06,9,1242.0,232,2011-10-07,2011-12-06,Frequent
17897,2099.89,9,864.0,211,2010-05-12,2011-06-20,Frequent
13748,2064.35,9,1028.0,40,2009-12-01,2011-09-05,Frequent
16235,2053.71,9,788.0,80,2010-08-26,2011-10-30,Frequent
17289,2041.8,9,1237.0,202,2010-03-08,2011-11-08,Frequent
15164,2028.11,9,912.0,243,2010-01-18,2011-10-02,Frequent
14651,2025.52,9,880.0,216,2010-03-18,2011-10-03,Frequent
16221,2019.92,9,1449.0,177,2010-08-10,2011-11-03,Frequent
16197,2016.71,9,1420.0,52,2009-12-16,2010-08-27,Frequent
17126,2016.43,9,1426.0,295,2010-08-31,2011-07-10,Frequent
13693,2011.82,9,880.0,78,2009-12-07,2010-11-30,Frequent
13208,1976.3,9,1343.0,198,2009-12-03,2011-10-12,Frequent
16942,1904.99,9,805.0,159,2011-04-26,2011-11-27,Frequent
14224,1841.71,9,826.0,189,2010-06-13,2011-08-21,Frequent
14738,1821.9,9,757.0,58,2009-12-07,2011-10-28,Frequent
14553,1818.6,9,1118.0,233,2010-07-18,2011-11-20,Frequent
16233,1818.31,9,677.0,49,2009-12-02,2011-09-29,Frequent
12494,1815.27,9,979.0,83,2010-05-12,2011-11-24,Frequent
13711,1792.26,9,819.0,80,2009-12-15,2011-05-05,Frequent
16770,1778.93,9,1052.0,202,2010-08-22,2011-10-13,Frequent
12778,1775.68,9,1735.0,77,2010-04-16,2011-11-20,Frequent
15605,1741.95,9,641.0,80,2010-01-14,2011-11-03,Frequent
13026,1733.08,9,2466.0,52,2009-12-13,2011-12-08,Frequent
17432,1728.99,9,1008.0,213,2009-12-03,2011-11-21,Frequent
16809,1727.43,9,1093.0,113,2010-04-13,2011-11-16,Frequent
17750,1710.45,9,3747.0,101,2011-06-28,2011-12-04,Frequent
13104,1709.1,9,834.0,15,2010-02-24,2011-12-06,Frequent
15607,1708.97,9,1470.0,95,2010-01-08,2011-01-07,Frequent
16768,1698.57,9,774.0,108,2009-12-07,2011-10-23,Frequent
13249,1608.93,9,1246.0,21,2010-01-24,2011-09-08,Frequent
17515,1602.51,9,527.0,91,2010-06-07,2011-11-08,Frequent
14587,1580.29,9,749.0,170,2011-01-12,2011-11-21,Frequent
14198,1569.73,9,623.0,58,2010-01-05,2011-11-21,Frequent
14078,1553.47,9,586.0,107,2010-03-28,2011-08-30,Frequent
16907,1470.89,9,451.0,109,2010-07-01,2011-11-10,Frequent
13259,1402.54,9,503.0,234,2010-01-10,2011-10-09,Frequent
17027,1310.63,9,645.0,126,2009-12-10,2011-09-22,Frequent
14820,1274.76,9,724.0,51,2010-01-31,2011-11-18,Frequent
14871,1228.17,9,446.0,123,2009-12-01,2011-12-06,Frequent
17800,1187.21,9,732.0,51,2011-01-09,2011-11-02,Frequent
15038,1146.53,9,381.0,190,2010-10-10,2011-10-12,Frequent
17097,1143.36,9,582.0,182,2010-10-05,2011-12-07,Frequent
14460,1093.5,9,1879.0,33,2009-12-15,2011-08-21,Frequent
15912,1074.7,9,759.0,83,2009-12-10,2011-06-14,Frequent
16500,843.91,9,386.0,24,2010-06-14,2011-12-05,Frequent
15107,824.35,9,330.0,32,2010-09-14,2011-02-01,Frequent
15304,796.4,9,112.0,8,2010-10-14,2011-10-10,Frequent
15938,734.81,9,449.0,27,2010-06-01,2011-08-19,Frequent
16158,628.32,9,182.0,29,2009-12-05,2010-07-05,Frequent
15920,569.14,9,238.0,93,2009-12-14,2011-07-08,Frequent
17114,801.12,8,215.0,85,2011-01-09,2011-12-04,Frequent
14798,724.31,8,601.0,30,2010-03-01,2011-10-18,Frequent
17707,609.3,8,546.0,9,2009-12-07,2011-06-07,Frequent
15359,181.35,8,145.0,10,2010-01-15,2010-02-15,Frequent
12557,18096.14,8,6382.0,15,2009-12-17,2011-11-23,High Value
12451,12669.88,8,9359.0,352,2010-06-28,2011-11-29,High Value
15032,11010.05,8,6601.0,39,2009-12-10,2011-03-28,High Value
13139,8202.98,8,4614.0,214,2010-09-28,2011-11-23,High Value
14175,7678.88,8,3009.0,237,2010-03-22,2011-10-11,High Value
13815,7475.74,8,5381.0,203,2010-02-12,2011-11-17,High Value
14154,6460.7,8,3222.0,236,2010-01-13,2011-04-14,High Value
16940,6427.66,8,4503.0,360,2009-12-08,2011-10-18,High Value
12656,6407.83,8,2860.0,174,2010-05-26,2011-11-22,High Value
13615,6272.53,8,2910.0,259,2010-01-28,2011-01-25,High Value
12429,6204.41,8,2890.0,124,2010-06-11,2011-11-30,High Value
17509,6083.64,8,3512.0,75,2011-10-07,2011-10-13,High Value
15372,6017.06,8,6410.0,45,2010-02-14,2011-07-25,High Value
17625,5978.9,8,3505.0,429,2009-12-15,2011-11-21,High Value
12615,5740.98,8,3317.0,198,2010-03-18,2011-12-07,High Value
12759,5020.74,8,3202.0,206,2009-12-04,2011-10-18,High Value
13198,4974.23,8,3449.0,265,2010-10-01,2011-11-29,High Value
12347,4921.53,8,2967.0,126,2010-10-31,2011-12-07,High Value
15379,4877.84,8,3000.0,177,2010-11-04,2011-06-23,High Value
13562,4838.18,8,1603.0,88,2010-01-14,2011-09-19,High Value
13329,4808.77,8,3311.0,68,2009-12-04,2011-11-08,High Value
13988,4757.8,8,3385.0,218,2010-03-24,2011-11-20,High Value
13958,4709.23,8,2264.0,172,2009-12-05,2010-11-25,High Value
12589,4695.66,8,1764.0,121,2010-01-19,2011-11-11,High Value
17400,4623.28,8,2185.0,345,2009-12-17,2011-08-05,High Value
15245,4610.84,8,3021.0,72,2010-04-23,2011-07-28,High Value
13851,4606.46,8,2525.0,111,2010-01-29,2011-09-05,High Value
17508,4579.23,8,2891.0,199,2009-12-07,2011-03-04,High Value
14685,4536.64,8,1969.0,109,2009-12-13,2010-05-12,High Value
14290,4516.56,8,1600.0,120,2009-12-08,2011-11-28,High Value
15764,4503.08,8,2945.0,187,2010-08-18,2011-09-12,High Value
18093,4452.71,8,3429.0,43,2010-03-31,2011-09-07,High Value
16283,4350.32,8,2867.0,385,2010-02-28,2011-12-04,High Value
12408,4340.77,8,2229.0,104,2010-07-29,2011-11-07,High Value
16081,4278.96,8,2177.0,235,2010-02-03,2011-10-14,High Value
12360,4252.89,8,2459.0,160,2010-02-22,2011-10-18,High Value
14913,4073.13,8,3955.0,176,2010-08-11,2011-11-04,High Value
13421,4058.75,8,2351.0,174,2010-02-14,2011-10-30,High Value
14025,4057.9,8,1914.0,60,2010-05-05,2010-09-01,High Value
12721,4013.08,8,2655.0,183,2010-08-25,2011-11-08,High Value
14547,3974.75,8,2639.0,198,2011-10-16,2011-12-06,High Value
12388,3901.11,8,2001.0,83,2010-05-06,2011-11-24,High Value
17173,3766.6,8,1122.0,36,2011-07-31,2011-12-04,High Value
15370,3739.01,8,1397.0,90,2010-10-25,2011-10-30,High Value
14364,3717.35,8,1967.0,61,2011-05-12,2011-08-23,High Value
13632,3645.81,8,1633.0,166,2010-04-07,2011-11-15,High Value
14770,3637.64,8,1598.0,152,2010-02-25,2011-04-21,High Value
17528,3628.5,8,2138.0,183,2011-09-29,2011-12-08,High Value
18242,3605.21,8,2021.0,113,2010-01-11,2011-09-28,High Value
12645,3539.3,8,2125.0,111,2010-02-09,2011-11-06,High Value
16045,3434.93,8,2108.0,111,2010-07-29,2011-08-12,High Value
13431,3316.24,8,1570.0,113,2010-02-18,2011-10-03,High Value
15632,3285.31,8,2109.0,107,2011-03-10,2011-11-24,High Value
14285,3284.42,8,954.0,48,2009-12-08,2011-11-18,High Value
17924,3257.7,8,1208.0,27,2010-10-21,2011-11-28,High Value
15140,3243.69,8,2010.0,103,2010-09-23,2011-10-18,High Value
14315,3197.82,8,1344.0,83,2010-03-15,2011-10-26,High Value
12976,3156.38,8,2684.0,106,2010-02-12,2011-05-12,High Value
14897,3140.54,8,1162.0,94,2009-12-15,2011-12-02,High Value
15983,3110.37,8,1872.0,137,2009-12-06,2011-11-17,High Value
12909,3103.19,8,1948.0,120,2010-02-24,2011-10-31,High Value
13772,3100.02,8,1446.0,394,2010-02-23,2011-11-06,High Value
16560,3048.38,8,1603.0,140,2009-12-08,2011-11-13,High Value
14916,3042.95,8,2415.0,113,2010-04-01,2011-09-30,High Value
13647,3041.68,8,1795.0,98,2010-04-15,2011-11-30,High Value
13848,3015.0,8,9200.0,3,2009-12-09,2011-09-08,High Value
15810,2999.04,8,1653.0,89,2010-02-04,2011-09-22,High Value
12457,2995.91,8,1094.0,63,2010-09-30,2011-10-04,High Value
17032,2984.32,8,1667.0,183,2009-12-10,2010-06-10,High Value
16062,2863.45,8,2035.0,134,2010-06-21,2011-11-30,High Value
16554,2841.72,8,1346.0,108,2009-12-15,2011-10-28,High Value
17284,2788.06,8,2069.0,285,2010-09-20,2011-10-10,High Value
15073,2788.02,8,1410.0,115,2010-01-27,2011-11-30,High Value
13813,2765.47,8,1292.0,84,2009-12-06,2011-10-31,High Value
12982,2744.81,8,1729.0,139,2010-04-12,2011-04-11,High Value
16190,2723.55,8,1231.0,89,2009-12-14,2011-10-30,High Value
14808,2718.6,8,2120.0,176,2011-06-20,2011-10-31,High Value
13473,2657.76,8,1000.0,65,2009-12-15,2011-10-10,High Value
14262,2618.23,8,1645.0,87,2011-04-13,2011-12-01,High Value
17043,2593.65,8,1616.0,175,2009-12-09,2011-11-07,High Value
15062,2585.62,8,1872.0,98,2010-04-08,2011-09-29,High Value
16499,2578.34,8,1364.0,104,2010-06-11,2010-12-14,High Value
18179,2547.55,8,1811.0,101,2010-02-14,2011-11-30,High Value
15932,2495.87,8,2325.0,93,2011-02-23,2011-12-05,High Value
15117,2485.97,8,3093.0,89,2010-03-15,2011-11-25,High Value
14696,2473.28,8,1867.0,137,2010-10-14,2011-12-05,High Value
15623,2437.05,8,1087.0,91,2009-12-10,2011-07-21,High Value
13085,2433.28,8,944.0,50,2009-12-01,2011-07-05,High Value
15489,2419.61,8,1264.0,75,2010-01-15,2011-11-17,High Value
15793,2399.57,8,1685.0,12,2009-12-01,2011-11-25,High Value
14414,2399.33,8,2877.0,99,2010-11-30,2011-09-09,High Value
12704,2340.84,8,1006.0,64,2011-06-23,2011-12-02,High Value
17591,2339.32,8,1028.0,93,2010-01-17,2011-09-27,High Value
15549,2334.16,8,936.0,139,2010-01-11,2011-09-23,High Value
12649,2294.65,8,1959.0,94,2010-01-12,2011-08-24,High Value
16177,2247.31,8,1021.0,79,2010-03-02,2011-10-20,Frequent
16042,2245.32,8,1430.0,88,2010-09-12,2011-11-17,Frequent
14449,2230.96,8,1604.0,301,2010-09-29,2011-11-21,Frequent
17732,2166.42,8,1058.0,90,2010-08-09,2010-12-02,Frequent
14595,2164.45,8,1228.0,119,2010-01-20,2011-11-20,Frequent
18009,2144.23,8,651.0,145,2010-02-25,2011-04-18,Frequent
12576,2142.72,8,1494.0,114,2010-07-01,2011-11-04,Frequent
15658,2117.27,8,627.0,79,2009-12-03,2011-06-02,Frequent
12997,2110.91,8,1186.0,65,2010-04-06,2011-11-17,Frequent
14399,2108.21,8,965.0,119,2010-02-03,2010-11-10,Frequent
15253,2055.09,8,1588.0,102,2010-05-02,2011-11-23,Frequent
15473,2046.0,8,776.0,5,2010-09-21,2011-11-25,Frequent
12868,2043.76,8,1170.0,86,2010-11-12,2011-06-07,Frequent
16065,1992.13,8,1207.0,214,2010-09-02,2010-12-09,Frequent
16960,1990.88,8,1492.0,334,2010-03-02,2011-11-01,Frequent
13725,1980.56,8,806.0,95,2011-02-04,2011-10-21,Frequent
15030,1979.91,8,1225.0,25,2010-03-04,2011-09-29,Frequent
15795,1979.87,8,1411.0,111,2010-01-18,2011-07-13,Frequent
17797,1971.87,8,1086.0,222,2009-12-15,2011-11-17,Frequent
14905,1971.39,8,1009.0,45,2009-12-03,2011-07-05,Frequent
17997,1962.46,8,2273.0,133,2011-06-28,2011-09-26,Frequent
15561,1934.39,8,1334.0,65,2010-02-14,2011-11-28,Frequent
14730,1897.57,8,1078.0,317,2011-03-08,2011-12-08,Frequent
17560,1895.8,8,1588.0,37,2010-02-17,2011-09-06,Frequent
16172,1884.55,8,1419.0,81,2010-07-14,2011-09-05,Frequent
16043,1856.59,8,1011.0,56,2010-08-15,2011-11-02,Frequent
14896,1826.0,8,931.0,150,2009-12-06,2011-05-19,Frequent
14715,1825.45,8,1030.0,102,2010-01-19,2011-11-15,Frequent
16880,1813.21,8,904.0,130,2010-08-03,2011-11-09,Frequent
13648,1764.02,8,960.0,95,2009-12-01,2010-11-04,Frequent
13717,1763.3,8,2144.0,110,2010-08-11,2011-11-07,Frequent
14522,1748.42,8,956.0,34,2010-01-24,2011-11-15,Frequent
16348,1744.42,8,1164.0,180,2010-10-05,2011-11-07,Frequent
14584,1738.16,8,960.0,127,2010-02-17,2011-06-23,Frequent
16119,1720.81,8,811.0,37,2009-12-16,2011-12-01,Frequent
15911,1700.24,8,810.0,162,2009-12-09,2010-03-26,Frequent
12932,1698.56,8,1609.0,69,2010-02-10,2010-06-18,Frequent
16899,1695.77,8,811.0,101,2010-11-07,2011-12-02,Frequent
15214,1661.44,8,1254.0,109,2011-04-11,2011-12-08,Frequent
14583,1660.29,8,1071.0,353,2010-03-28,2011-12-04,Frequent
12933,1636.63,8,949.0,227,2009-12-10,2011-11-15,Frequent
17006,1635.27,8,572.0,103,2010-03-05,2011-12-05,Frequent
12577,1617.1,8,1191.0,259,2009-12-03,2011-11-04,Frequent
15325,1601.46,8,1382.0,164,2010-02-16,2011-08-28,Frequent
16774,1567.48,8,774.0,89,2010-02-16,2011-10-03,Frequent
17235,1562.98,8,845.0,52,2010-06-04,2011-11-14,Frequent
14987,1550.65,8,607.0,4,2009-12-02,2011-11-24,Frequent
17837,1541.23,8,510.0,110,2011-06-29,2011-10-28,Frequent
15987,1535.99,8,1599.0,143,2010-11-25,2011-11-27,Frequent
16910,1508.96,8,884.0,318,2011-09-09,2011-12-05,Frequent
17290,1487.96,8,1139.0,184,2009-12-13,2011-12-06,Frequent
16654,1484.07,8,640.0,64,2010-04-06,2011-07-21,Frequent
13240,1475.79,8,709.0,160,2010-02-25,2011-09-04,Frequent
16419,1463.7,8,701.0,62,2010-02-09,2011-08-19,Frequent
14071,1437.57,8,994.0,271,2011-03-20,2011-12-06,Frequent
15889,1427.6,8,800.0,256,2009-12-10,2011-07-06,Frequent
15580,1375.39,8,955.0,150,2010-02-07,2010-11-28,Frequent
15400,1302.3,8,662.0,16,2010-05-28,2011-09-08,Frequent
17109,1291.71,8,788.0,124,2010-07-30,2011-11-10,Frequent
13617,1278.75,8,593.0,48,2010-08-01,2011-10-30,Frequent
14167,1274.29,8,340.0,48,2010-01-27,2011-10-31,Frequent
12993,1259.63,8,751.0,57,2010-02-18,2011-11-16,Frequent
15661,1215.95,8,779.0,27,2010-05-10,2011-01-26,Frequent
12464,1212.05,8,112.0,6,2011-02-03,2011-11-29,Frequent
15737,1188.12,8,597.0,60,2011-04-11,2011-11-25,Frequent
15882,1124.66,8,650.0,49,2009-12-10,2011-05-25,Frequent
13509,1114.72,8,1214.0,27,2010-07-20,2011-12-01,Frequent
13727,1074.15,8,368.0,74,2009-12-09,2011-11-11,Frequent
16593,1071.14,8,377.0,57,2009-12-05,2011-10-20,Frequent
17849,1063.76,8,224.0,24,2010-03-14,2011-05-05,Frequent
13873,1038.92,8,472.0,55,2010-03-03,2011-08-12,Frequent
13549,1005.8,8,554.0,44,2010-11-17,2011-11-14,Frequent
17382,902.28,8,457.0,16,2010-05-19,2011-10-05,Frequent
12409,23419.29,7,13143.0,177,2010-05-23,2011-09-22,High Value
12539,11214.75,7,4535.0,276,2009-12-23,2011-11-17,High Value
12758,9903.24,7,6155.0,187,2009-12-01,2011-08-15,High Value
14286,8479.76,7,8795.0,270,2009-12-04,2011-11-16,High Value
14160,8421.47,7,4661.0,80,2010-01-10,2010-04-08,High Value
16303,7928.27,7,3859.0,156,2010-03-18,2011-11-14,High Value
14145,7600.05,7,1655.0,11,2010-04-08,2011-10-24,High Value
16253,7272.2,7,6030.0,218,2009-12-08,2011-10-04,High Value
15980,6543.68,7,4822.0,101,2010-06-01,2011-09-12,High Value
14855,6520.3,7,3510.0,168,2010-04-08,2011-08-12,High Value
17672,5778.63,7,2758.0,179,2010-01-26,2011-10-20,High Value
12633,5678.16,7,3238.0,220,2010-07-02,2011-10-12,High Value
16609,5493.46,7,2420.0,155,2011-04-01,2011-11-24,High Value
12480,5464.85,7,2952.0,177,2010-07-20,2011-11-11,High Value
13362,5394.07,7,2481.0,186,2010-10-10,2011-11-30,High Value
14442,5367.02,7,1431.0,128,2010-01-18,2011-05-19,High Value
16308,5120.0,7,16000.0,1,2009-12-15,2011-11-02,High Value
15485,4810.92,7,2153.0,80,2009-12-01,2011-11-09,High Value
15416,4572.82,7,2420.0,189,2010-02-01,2011-10-06,High Value
12916,4479.73,7,1681.0,82,2010-01-24,2011-07-24,High Value
12627,4478.53,7,2752.0,162,2011-07-22,2011-11-29,High Value
17138,4417.27,7,2024.0,234,2010-02-04,2011-03-09,High Value
13297,4368.62,7,2694.0,108,2010-06-15,2011-12-02,High Value
12370,4316.56,7,2604.0,168,2010-02-09,2011-10-19,High Value
17937,4301.22,7,1754.0,19,2010-12-12,2011-12-01,High Value
18287,4182.99,7,3013.0,120,2010-05-17,2011-10-28,High Value
12840,4041.97,7,2258.0,109,2010-02-03,2011-07-19,High Value
14817,3959.86,7,2462.0,142,2010-03-22,2011-05-23,High Value
18259,3941.9,7,1274.0,51,2009-12-08,2011-11-15,High Value
14655,3878.51,7,2341.0,72,2010-04-22,2011-12-01,High Value
16341,3850.79,7,3022.0,103,2010-04-09,2011-11-15,High Value
15834,3764.39,7,1815.0,333,2010-10-11,2011-09-30,High Value
12670,3760.29,7,1627.0,71,2010-02-11,2011-11-29,High Value
12623,3747.84,7,1971.0,112,2010-01-12,2011-03-08,High Value
14857,3651.85,7,2081.0,170,2010-03-15,2011-10-11,High Value
17679,3577.61,7,1755.0,70,2009-12-03,2011-10-18,High Value
15811,3486.15,7,1781.0,205,2010-11-16,2011-11-17,High Value
13536,3444.39,7,2126.0,91,2011-09-25,2011-12-08,High Value
15974,3442.15,7,2262.0,141,2011-02-24,2011-10-31,High Value
13437,3408.06,7,1283.0,143,2011-06-02,2011-11-25,High Value
13823,3403.45,7,1564.0,108,2009-12-15,2011-11-21,High Value
13979,3379.93,7,2270.0,356,2009-12-03,2011-09-27,High Value
17723,3378.4,7,912.0,6,2010-11-29,2011-08-04,High Value
13131,3313.77,7,1523.0,107,2010-02-09,2011-11-16,High Value
17768,3292.73,7,2339.0,134,2009-12-02,2011-12-01,High Value
13214,3264.23,7,2966.0,207,2010-03-03,2010-10-18,High Value
14669,3216.78,7,2043.0,334,2009-12-02,2011-04-12,High Value
16107,3204.16,7,1176.0,16,2011-06-09,2011-11-22,High Value
13685,3119.44,7,5056.0,29,2011-10-10,2011-12-07,High Value
13052,3119.33,7,1424.0,161,2010-02-23,2011-05-11,High Value
13196,3068.84,7,2006.0,141,2010-04-01,2011-11-28,High Value
16007,3053.06,7,2631.0,337,2010-06-14,2011-10-23,High Value
14673,3037.32,7,1822.0,86,2010-10-26,2011-12-06,High Value
14161,2996.93,7,1480.0,202,2009-12-13,2011-05-08,High Value
12854,2970.97,7,1630.0,188,2009-12-11,2011-09-22,High Value
14506,2960.25,7,936.0,251,2010-04-19,2011-11-22,High Value
17588,2939.55,7,1379.0,35,2010-03-12,2011-08-31,High Value
15392,2911.62,7,2144.0,100,2010-10-04,2011-12-05,High Value
14233,2904.27,7,1261.0,42,2010-03-05,2011-10-21,High Value
16383,2896.69,7,1596.0,239,2010-02-04,2011-09-26,High Value
16467,2869.16,7,7384.0,14,2009-12-02,2010-07-19,High Value
14758,2864.97,7,840.0,91,2010-04-08,2011-07-18,High Value
16755,2864.68,7,1985.0,219,2009-12-09,2011-08-17,High Value
15563,2859.46,7,3005.0,179,2010-01-28,2011-11-17,High Value
17386,2812.77,7,1955.0,32,2010-11-19,2011-12-02,High Value
15353,2794.47,7,1391.0,274,2009-12-02,2011-03-30,High Value
15993,2777.67,7,2037.0,335,2011-10-26,2011-12-01,High Value
18210,2768.83,7,1499.0,116,2010-11-22,2011-12-08,High Value
17115,2761.49,7,885.0,102,2009-12-05,2011-12-01,High Value
16335,2753.52,7,1004.0,193,2009-12-04,2010-06-06,High Value
13736,2752.47,7,1549.0,325,2009-12-06,2011-12-04,High Value
14665,2749.65,7,1144.0,94,2010-04-26,2011-10-10,High Value
15985,2715.28,7,2750.0,50,2010-05-27,2011-08-08,High Value
16232,2712.97,7,1849.0,60,2010-06-07,2011-10-27,High Value
15671,2657.13,7,1699.0,52,2011-03-14,2011-11-21,High Value
16369,2656.56,7,1589.0,115,2010-04-07,2011-11-21,High Value
17744,2649.14,7,3826.0,121,2010-11-24,2011-12-06,High Value
14229,2594.04,7,934.0,41,2010-08-25,2011-10-19,High Value
17095,2572.25,7,1695.0,110,2009-12-15,2011-11-17,High Value
17002,2571.55,7,1265.0,64,2010-03-08,2011-09-15,High Value
17465,2542.79,7,1477.0,103,2009-12-03,2010-10-10,High Value
17463,2535.26,7,1480.0,234,2010-04-29,2011-11-23,High Value
17101,2507.05,7,1175.0,54,2010-06-07,2011-11-29,High Value
17164,2467.35,7,1501.0,92,2011-03-11,2011-11-07,High Value
15215,2422.43,7,776.0,85,2010-04-06,2011-10-24,High Value
16040,2416.9,7,1185.0,95,2010-04-09,2011-10-05,High Value
12802,2416.42,7,1972.0,108,2010-05-25,2011-06-06,High Value
15366,2389.08,7,2447.0,86,2010-02-26,2011-09-25,High Value
17434,2373.82,7,1693.0,100,2011-09-15,2011-12-07,High Value
17623,2365.77,7,799.0,130,2009-12-14,2011-11-07,High Value
14496,2363.89,7,905.0,64,2010-03-16,2011-02-01,High Value
16628,2318.1,7,1260.0,84,2010-03-08,2011-11-10,High Value
12724,2317.52,7,1379.0,94,2010-06-22,2011-12-04,High Value
13280,2293.33,7,1489.0,159,2010-03-05,2011-08-09,High Value
12684,2283.63,7,1985.0,61,2011-05-10,2011-12-02,High Value
18051,2282.28,7,1661.0,41,2009-12-09,2010-03-15,High Value
14644,2247.72,7,770.0,50,2009-12-03,2011-10-03,Frequent
16174,2246.75,7,1431.0,28,2010-04-15,2011-08-05,Frequent
13627,2245.9,7,1632.0,118,2010-03-09,2011-10-11,Frequent
16823,2243.09,7,1166.0,149,2009-12-02,2011-04-26,Frequent
16551,2237.12,7,2076.0,67,2009-12-13,2011-09-05,Frequent
14321,2218.06,7,3275.0,162,2010-08-23,2011-11-29,Frequent
14834,2206.16,7,872.0,55,2010-10-28,2011-11-22,Frequent
14006,2196.67,7,2181.0,55,2010-02-25,2011-08-16,Frequent
15100,2193.9,7,270.0,11,2010-01-07,2011-01-10,Frequent
15864,2180.76,7,1486.0,18,2010-11-23,2011-11-17,Frequent
16966,2154.97,7,1981.0,8,2011-04-13,2011-12-01,Frequent
13152,2146.38,7,977.0,114,2010-01-14,2010-10-18,Frequent
17029,2137.3,7,1265.0,19,2010-02-14,2011-08-21,Frequent
16493,2132.09,7,1988.0,77,2010-03-26,2011-09-21,Frequent
14276,2102.68,7,1406.0,75,2010-02-17,2011-09-02,Frequent
14499,2101.79,7,1231.0,199,2010-08-27,2011-11-13,Frequent
13591,2093.94,7,850.0,89,2009-12-14,2011-10-06,Frequent
17048,2071.68,7,1068.0,88,2010-01-18,2011-08-14,Frequent
17585,2064.71,7,2510.0,295,2010-08-18,2011-08-22,Frequent
16726,2063.88,7,1323.0,150,2010-10-24,2011-11-13,Frequent
17633,2057.39,7,899.0,84,2010-11-15,2011-11-08,Frequent
13874,2049.15,7,864.0,46,2010-02-04,2010-12-16,Frequent
14988,2038.65,7,1260.0,171,2010-04-16,2011-05-12,Frequent
13630,2031.78,7,1391.0,51,2011-02-27,2011-12-04,Frequent
13888,2001.59,7,795.0,124,2010-05-13,2011-08-12,Frequent
15990,1997.75,7,1086.0,117,2010-02-28,2011-10-26,Frequent
14152,1997.34,7,1844.0,104,2010-02-18,2011-09-25,Frequent
14477,1969.6,7,1120.0,7,2010-01-04,2011-11-20,Frequent
14396,1969.38,7,959.0,202,2009-12-02,2011-10-05,Frequent
12399,1962.3,7,2198.0,67,2010-03-05,2011-08-12,Frequent
18016,1954.56,7,1207.0,115,2010-01-27,2011-11-07,Frequent
16859,1932.41,7,1899.0,87,2010-03-04,2011-07-18,Frequent
14492,1921.91,7,751.0,70,2010-03-30,2010-10-05,Frequent
16681,1921.84,7,1492.0,22,2010-03-08,2011-09-28,Frequent
16650,1916.11,7,1511.0,71,2010-07-08,2011-09-29,Frequent
17350,1893.7,7,1178.0,124,2010-02-01,2011-12-01,Frequent
16631,1892.52,7,775.0,46,2010-02-26,2010-08-15,Frequent
16660,1879.55,7,991.0,20,2010-01-14,2011-11-23,Frequent
15201,1842.95,7,1660.0,44,2010-04-07,2011-09-13,Frequent
16175,1836.44,7,932.0,59,2010-05-25,2011-09-06,Frequent
15339,1821.02,7,1138.0,162,2010-02-08,2011-10-04,Frequent
16205,1820.11,7,1452.0,147,2010-06-15,2011-11-09,Frequent
16474,1810.65,7,909.0,237,2011-07-17,2011-12-02,Frequent
14850,1770.96,7,1393.0,129,2010-05-20,2011-02-01,Frequent
15777,1762.61,7,599.0,29,2010-05-20,2011-04-12,Frequent
17190,1726.57,7,2218.0,160,2010-03-05,2011-10-12,Frequent
17451,1721.4,7,1203.0,83,2011-08-26,2011-12-08,Frequent
13705,1717.19,7,906.0,55,2010-03-25,2011-12-02,Frequent
14021,1716.58,7,878.0,84,2010-04-26,2011-07-07,Frequent
14741,1713.09,7,1006.0,48,2010-10-18,2011-11-28,Frequent
12693,1703.02,7,536.0,63,2010-07-05,2011-08-04,Frequent
12775,1686.12,7,1083.0,55,2010-10-26,2011-11-22,Frequent
15551,1679.81,7,796.0,117,2010-06-07,2011-11-03,Frequent
13554,1629.35,7,578.0,156,2010-09-19,2010-11-24,Frequent
15422,1619.97,7,710.0,80,2010-02-07,2011-01-20,Frequent
14178,1600.26,7,1494.0,191,2011-06-10,2011-12-01,Frequent
13202,1580.3,7,572.0,55,2009-12-09,2010-11-10,Frequent
13752,1579.83,7,1005.0,75,2010-06-30,2011-08-07,Frequent
16099,1573.2,7,960.0,44,2010-03-03,2011-10-20,Frequent
13539,1569.36,7,710.0,69,2010-04-28,2011-09-15,Frequent
13939,1560.96,7,1608.0,91,2010-04-06,2011-11-16,Frequent
18149,1553.96,7,869.0,54,2010-03-14,2011-10-20,Frequent
18252,1533.69,7,932.0,125,2009-12-18,2011-10-20,Frequent
15587,1522.08,7,528.0,3,2010-08-05,2011-10-20,Frequent
15173,1494.6,7,840.0,68,2010-04-01,2010-11-24,Frequent
14829,1455.87,7,957.0,77,2010-09-29,2011-11-10,Frequent
16906,1410.92,7,590.0,180,2010-05-13,2011-09-19,Frequent
12695,1407.12,7,454.0,46,2010-02-12,2011-12-02,Frequent
15141,1388.47,7,1197.0,44,2010-03-28,2010-09-08,Frequent
15996,1386.4,7,643.0,140,2010-11-07,2011-09-12,Frequent
14662,1376.43,7,907.0,199,2009-12-03,2011-11-11,Frequent
15453,1371.77,7,837.0,169,2011-06-05,2011-12-08,Frequent
14577,1364.15,7,569.0,104,2009-12-11,2011-11-27,Frequent
14114,1364.09,7,650.0,72,2010-04-12,2011-03-11,Frequent
14618,1342.32,7,704.0,40,2010-06-11,2011-11-30,Frequent
13743,1341.6,7,1776.0,8,2011-03-25,2011-12-07,Regular
13232,1328.35,7,773.0,147,2011-04-10,2011-11-27,Regular
16756,1312.37,7,707.0,64,2010-03-09,2011-05-09,Regular
16929,1295.39,7,929.0,51,2011-07-07,2011-12-06,Regular
13440,1295.25,7,573.0,49,2010-09-14,2010-10-12,Regular
16744,1291.91,7,798.0,198,2011-06-19,2011-11-28,Regular
15809,1274.44,7,700.0,51,2010-06-22,2011-11-03,Regular
13138,1274.01,7,593.0,41,2010-11-08,2011-11-17,Regular
14487,1266.27,7,761.0,129,2010-11-25,2011-11-13,Regular
14419,1254.64,7,552.0,118,2010-11-22,2011-11-29,Regular
17796,1236.39,7,347.0,149,2010-10-14,2011-10-30,Regular
14821,1230.15,7,459.0,65,2010-02-01,2010-12-08,Regular
15800,1227.07,7,575.0,198,2010-03-31,2011-08-24,Regular
14512,1215.97,7,736.0,55,2009-12-07,2011-06-05,Regular
12691,1170.4,7,445.0,24,2010-10-15,2011-11-11,Regular
17373,1167.5,7,738.0,65,2010-02-28,2011-10-30,Regular
17950,1166.29,7,659.0,133,2010-01-04,2011-09-28,Regular
14693,1165.36,7,388.0,43,2010-07-02,2011-03-20,Regular
13145,1128.52,7,265.0,5,2010-04-19,2011-10-31,Regular
14450,1128.44,7,522.0,47,2010-04-08,2011-06-12,Regular
16306,1124.72,7,712.0,55,2010-10-01,2011-05-10,Regular
17562,1122.38,7,817.0,48,2011-06-19,2011-11-25,Regular
17007,1120.1,7,717.0,63,2010-09-28,2011-10-20,Regular
16430,1117.94,7,307.0,19,2010-01-27,2011-10-13,Regular
13835,1095.27,7,520.0,60,2010-03-04,2011-11-14,Regular
17726,1092.06,7,444.0,52,2010-01-26,2010-11-09,Regular
16298,1085.7,7,308.0,32,2010-09-23,2011-11-17,Regular
14805,1082.55,7,416.0,88,2010-03-28,2011-11-24,Regular
17578,1047.33,7,529.0,57,2010-06-28,2011-05-05,Regular
17362,1024.04,7,549.0,99,2010-01-06,2011-04-14,Regular
17631,998.49,7,591.0,66,2009-12-09,2011-12-08,Regular
16699,994.6,7,640.0,51,2009-12-04,2010-11-24,Regular
17883,988.42,7,476.0,155,2010-02-25,2011-12-06,Regular
17080,957.53,7,569.0,26,2010-07-01,2011-11-17,Regular
12990,955.5,7,480.0,9,2010-03-30,2011-11-08,Regular
16199,942.75,7,321.0,2,2010-03-18,2010-11-12,Regular
17812,911.99,7,444.0,162,2010-06-27,2011-11-27,Regular
17155,892.46,7,987.0,43,2009-12-03,2011-11-22,Regular
14551,878.09,7,486.0,69,2010-01-27,2011-11-21,Regular
16948,868.77,7,2091.0,20,2010-02-21,2011-07-24,Regular
15759,830.93,7,523.0,10,2009-12-02,2011-05-05,Regular
17869,813.64,7,491.0,72,2010-06-10,2011-08-24,Regular
14976,790.86,7,234.0,47,2011-01-17,2011-10-13,Regular
16892,754.75,7,367.0,119,2009-12-08,2011-12-08,Regular
17889,746.42,7,403.0,97,2010-03-31,2011-05-11,Regular
13242,699.4,7,350.0,19,2010-02-09,2011-08-19,Regular
15901,687.72,7,695.0,145,2010-06-14,2011-11-23,Regular
17935,686.14,7,244.0,60,2009-12-04,2011-07-24,Regular
16330,625.38,7,326.0,105,2010-02-15,2011-11-22,Regular
16321,604.55,7,259.0,15,2009-12-01,2011-09-28,Regular
13277,523.3,7,382.0,10,2010-06-18,2011-11-24,Regular
14037,836.95,6,590.0,96,2009-12-07,2011-06-16,Regular
14624,814.07,6,645.0,39,2010-04-14,2011-10-13,Regular
17281,797.85,6,295.0,2,2010-02-04,2010-11-30,Regular
13296,792.51,6,653.0,50,2010-05-11,2011-07-25,Regular
13544,790.2,6,331.0,219,2010-03-05,2011-10-31,Regular
17817,788.15,6,353.0,115,2010-10-13,2011-12-05,Regular
14513,788.01,6,593.0,15,2010-05-20,2011-08-31,Regular
14883,761.59,6,790.0,39,2011-05-12,2011-11-21,Regular
17760,746.39,6,531.0,58,2010-02-28,2011-11-18,Regular
15420,743.0,6,844.0,52,2009-12-05,2010-10-01,Regular
17615,721.8,6,378.0,47,2010-08-11,2011-08-01,Regular
16658,690.83,6,277.0,49,2010-03-30,2010-12-06,Regular
17874,683.46,6,221.0,37,2011-03-29,2011-06-07,Regular
12601,681.26,6,290.0,24,2010-10-31,2011-06-03,Regular
17371,655.37,6,281.0,135,2009-12-08,2011-11-22,Regular
17639,615.17,6,576.0,59,2010-08-13,2011-03-08,Regular
14077,615.08,6,376.0,43,2010-11-09,2011-10-30,Regular
14173,586.0,6,194.0,30,2009-12-09,2011-11-29,Regular
13413,429.44,6,455.0,38,2010-01-21,2010-03-10,Regular
17740,426.9,6,222.0,5,2010-01-11,2010-11-15,Regular
13079,419.18,6,158.0,11,2010-10-18,2011-12-05,Regular
16356,415.87,6,190.0,27,2010-06-06,2011-05-26,Regular
17912,374.55,6,215.0,48,2010-11-29,2011-02-02,Regular
13346,299.4,6,180.0,4,2010-04-22,2010-09-03,Regular
17816,96.11,6,80.0,41,2009-12-15,2011-11-03,Regular
12753,21429.39,6,11421.0,132,2010-12-12,2011-11-17,High Spend
12435,13925.93,6,4958.0,88,2009-12-02,2011-09-21,High Spend
18139,8438.34,6,5557.0,35,2011-11-21,2011-11-22,High Spend
13373,7587.19,6,4263.0,292,2009-12-06,2011-10-10,High Spend
12830,6814.64,6,9848.0,13,2011-06-21,2011-11-02,High Spend
12356,6371.73,6,3416.0,104,2010-10-11,2011-11-17,High Spend
16320,5628.99,6,3319.0,193,2010-01-27,2011-06-20,High Spend
15228,5580.27,6,3375.0,184,2010-07-28,2011-10-04,High Spend
17584,5309.42,6,2464.0,85,2010-01-25,2011-12-02,High Spend
14930,5236.73,6,2193.0,213,2010-04-12,2011-08-23,High Spend
15332,4892.68,6,2306.0,113,2010-07-14,2010-12-08,High Spend
12449,4835.89,6,2282.0,125,2010-09-27,2011-11-17,High Spend
17082,4732.03,6,2526.0,117,2009-12-15,2011-11-06,High Spend
15484,4652.1,6,4074.0,180,2009-12-05,2011-12-08,High Spend
13523,4534.57,6,1989.0,177,2010-11-02,2011-11-06,High Spend
16563,4412.56,6,2584.0,55,2009-12-01,2011-10-17,High Spend
12917,4359.2,6,1104.0,45,2009-12-09,2011-08-03,High Spend
18194,4162.04,6,1774.0,23,2010-01-28,2011-09-18,High Spend
13461,4160.0,6,3132.0,30,2010-04-21,2011-11-01,High Spend
13895,4008.52,6,2060.0,154,2009-12-03,2011-11-11,High Spend
16440,3856.97,6,2108.0,202,2010-08-03,2011-12-02,High Spend
15704,3734.66,6,1709.0,129,2010-05-05,2011-07-22,High Spend
12857,3688.0,6,1420.0,71,2010-01-25,2011-05-13,High Spend
16053,3634.84,6,3067.0,169,2010-04-08,2011-11-07,High Spend
17311,3566.56,6,2755.0,124,2010-02-03,2011-09-22,High Spend
14503,3543.26,6,2004.0,113,2011-06-14,2011-12-06,High Spend
12631,3481.57,6,1607.0,131,2010-01-15,2011-10-13,High Spend
16360,3450.41,6,2110.0,365,2011-09-12,2011-12-05,High Spend
13285,3364.59,6,2457.0,182,2010-03-25,2011-11-16,High Spend
15538,3358.4,6,1016.0,3,2010-02-14,2010-06-20,High Spend
17183,3347.31,6,1296.0,42,2011-08-26,2011-12-02,High Spend
18188,3280.59,6,1888.0,95,2010-03-26,2011-11-24,High Spend
17621,3175.12,6,1110.0,61,2010-10-04,2011-11-18,High Spend
17640,3168.94,6,1692.0,48,2010-03-23,2011-09-14,High Spend
14306,3151.4,6,2065.0,43,2010-01-31,2011-10-19,High Spend
17702,3144.04,6,2153.0,120,2010-11-04,2011-11-09,High Spend
13786,3127.99,6,1515.0,80,2009-12-03,2010-12-07,High Spend
15491,3100.09,6,1646.0,108,2011-04-18,2011-09-05,High Spend
13464,3097.64,6,1440.0,128,2010-03-31,2011-10-12,High Spend
12849,3042.47,6,1855.0,123,2010-04-27,2011-11-08,High Spend
14226,2985.13,6,1714.0,89,2010-09-24,2011-11-11,High Spend
16120,2967.51,6,2161.0,84,2010-10-13,2011-10-11,High Spend
15757,2940.36,6,1757.0,162,2010-06-10,2011-10-05,High Spend
13764,2919.62,6,2084.0,295,2010-03-07,2011-09-30,High Spend
16633,2883.1,6,1138.0,115,2011-04-19,2011-11-22,High Spend
15043,2870.32,6,1019.0,39,2010-06-24,2011-11-08,High Spend
16229,2867.86,6,1292.0,144,2010-05-24,2011-09-13,High Spend
12685,2863.08,6,1523.0,117,2011-09-07,2011-11-11,High Spend
15797,2821.08,6,1281.0,12,2010-01-27,2011-08-18,High Spend
16871,2812.34,6,1253.0,131,2011-03-14,2011-11-17,High Spend
13330,2796.1,6,1951.0,80,2010-02-23,2011-09-08,High Spend
12863,2792.55,6,895.0,24,2010-04-29,2011-10-18,High Spend
14869,2778.14,6,2130.0,187,2009-12-16,2011-12-01,High Spend
17031,2773.85,6,1595.0,34,2010-05-07,2011-11-28,High Spend
12391,2724.84,6,1204.0,241,2010-02-15,2011-11-18,High Spend
13819,2642.35,6,2309.0,47,2009-12-01,2011-02-11,High Spend
15814,2634.44,6,1728.0,83,2010-04-15,2011-11-23,High Spend
15142,2619.92,6,2155.0,115,2010-07-27,2011-10-24,High Spend
14195,2615.6,6,2144.0,10,2010-03-15,2011-05-22,High Spend
12412,2596.93,6,1997.0,82,2010-06-18,2011-09-26,High Spend
13192,2558.58,6,1629.0,135,2010-01-22,2011-09-05,High Spend
16889,2526.65,6,1611.0,163,2010-05-23,2011-05-29,High Spend
13414,2494.14,6,2702.0,48,2010-04-15,2011-07-29,High Spend
13134,2475.23,6,1364.0,110,2010-10-19,2011-09-15,High Spend
14421,2469.37,6,1342.0,72,2010-01-17,2011-10-13,High Spend
12701,2446.41,6,1727.0,118,2010-03-16,2011-09-21,High Spend
17320,2444.85,6,1182.0,86,2010-01-21,2011-08-31,High Spend
13949,2427.32,6,2474.0,124,2011-09-06,2011-12-07,High Spend
15089,2420.84,6,1359.0,139,2011-08-03,2011-11-29,High Spend
16833,2409.04,6,878.0,87,2010-03-26,2011-12-08,High Spend
16163,2407.98,6,676.0,59,2009-12-02,2011-04-21,High Spend
12393,2399.45,6,1311.0,63,2010-10-07,2011-09-28,High Spend
17827,2376.17,6,1582.0,240,2010-03-28,2011-12-04,High Spend
16676,2361.9,6,927.0,106,2010-10-17,2011-11-06,High Spend
13614,2332.74,6,821.0,227,2010-06-06,2011-11-15,High Spend
16496,2330.77,6,1764.0,120,2010-07-18,2011-12-01,High Spend
17113,2305.59,6,913.0,122,2010-01-11,2010-05-14,High Spend
14555,2304.03,6,842.0,94,2009-12-18,2011-10-13,High Spend
17047,2289.23,6,1184.0,114,2009-12-08,2011-09-15,High Spend
17018,2287.7,6,456.0,26,2009-12-05,2011-10-30,High Spend
13655,2280.51,6,1225.0,103,2010-04-27,2011-08-17,High Spend
13994,2274.14,6,932.0,122,2011-07-14,2011-12-06,High Spend
15638,2265.2,6,1134.0,20,2010-04-08,2010-11-26,High Spend
17414,2249.52,6,6256.0,6,2009-12-03,2011-10-27,High Spend
14432,2248.5,6,2013.0,256,2011-09-11,2011-11-30,High Spend
12783,2225.91,6,624.0,76,2011-09-25,2011-12-07,Regular
13455,2212.99,6,795.0,79,2009-12-09,2011-11-15,Regular
13320,2211.6,6,1509.0,98,2010-08-18,2011-09-22,Regular
14597,2184.63,6,1436.0,79,2010-09-28,2011-11-28,Regular
12856,2170.78,6,1076.0,155,2011-10-07,2011-12-02,Regular
14407,2157.73,6,1415.0,67,2011-03-08,2011-08-24,Regular
16520,2148.38,6,1045.0,251,2010-03-02,2011-06-06,Regular
16807,2123.88,6,1433.0,107,2010-03-26,2011-07-20,Regular
12975,2100.09,6,911.0,92,2009-12-06,2010-09-29,Regular
16934,2083.14,6,936.0,128,2010-03-28,2011-10-16,Regular
18258,2059.67,6,1981.0,30,2010-05-16,2010-09-01,Regular
14188,2054.36,6,1162.0,34,2011-02-02,2011-11-09,Regular
17086,2050.08,6,1859.0,76,2011-10-07,2011-12-02,Regular
16331,2037.7,6,756.0,33,2010-03-07,2010-10-03,Regular
15272,2030.95,6,665.0,257,2010-02-14,2011-10-13,Regular
15506,2030.33,6,1637.0,180,2010-08-19,2011-11-17,Regular
14631,2025.69,6,1407.0,65,2010-08-09,2011-10-20,Regular
13889,1991.23,6,979.0,57,2010-01-22,2011-09-08,Regular
14967,1982.61,6,652.0,22,2009-12-03,2011-10-21,Regular
16032,1965.72,6,1467.0,130,2010-07-04,2010-09-09,Regular
15789,1962.01,6,2499.0,110,2010-03-26,2010-12-16,Regular
13761,1952.17,6,1079.0,118,2010-02-21,2011-10-20,Regular
12528,1933.48,6,756.0,50,2011-01-31,2011-11-30,Regular
18220,1921.76,6,1352.0,17,2009-12-15,2011-04-27,Regular
16555,1915.68,6,1816.0,59,2010-07-22,2011-11-04,Regular
14127,1900.08,6,828.0,96,2010-10-10,2011-08-09,Regular
14327,1894.93,6,1296.0,99,2010-01-08,2011-06-29,Regular
14912,1889.25,6,1819.0,44,2010-01-26,2011-11-23,Regular
14403,1880.51,6,737.0,20,2010-03-10,2011-08-01,Regular
18151,1879.44,6,986.0,99,2010-03-04,2011-07-28,Regular
15197,1877.51,6,1058.0,44,2009-12-11,2011-11-29,Regular
13946,1876.23,6,2847.0,49,2009-12-04,2011-09-21,Regular
13503,1859.24,6,1105.0,158,2010-02-16,2011-09-29,Regular
16049,1852.15,6,1132.0,383,2010-07-11,2011-10-30,Regular
18180,1843.75,6,1721.0,108,2011-07-20,2011-12-05,Regular
15822,1840.06,6,950.0,46,2009-12-06,2011-12-06,Regular
14870,1838.95,6,483.0,43,2010-01-25,2011-03-23,Regular
13924,1838.85,6,1575.0,90,2011-09-28,2011-12-08,Regular
15402,1830.54,6,2034.0,79,2010-04-27,2011-07-14,Regular
18161,1803.1,6,965.0,57,2010-11-25,2011-11-24,Regular
17165,1794.32,6,788.0,77,2009-12-11,2011-02-28,Regular
18122,1793.06,6,1225.0,239,2011-07-12,2011-12-01,Regular
16611,1785.13,6,874.0,86,2010-03-10,2011-06-06,Regular
15452,1785.11,6,1087.0,158,2010-07-16,2011-11-10,Regular
15220,1778.96,6,1393.0,110,2011-03-04,2011-10-19,Regular
16510,1777.5,6,930.0,94,2010-01-17,2010-12-02,Regular
13456,1766.72,6,765.0,43,2011-05-16,2011-11-22,Regular
16511,1760.49,6,769.0,235,2010-03-01,2011-11-18,Regular
16620,1758.93,6,1146.0,78,2009-12-01,2011-12-06,Regular
17974,1739.09,6,1189.0,279,2010-10-28,2011-11-15,Regular
14075,1734.87,6,1494.0,59,2010-06-16,2011-12-05,Regular
18239,1712.26,6,844.0,85,2010-10-13,2011-05-05,Regular
14447,1711.73,6,913.0,81,2010-11-04,2011-11-21,Regular
17731,1708.99,6,707.0,82,2010-02-09,2011-09-21,Regular
13309,1706.37,6,1914.0,95,2010-11-12,2011-12-02,Regular
15976,1694.41,6,1053.0,265,2010-06-06,2011-06-27,Regular
13417,1669.49,6,532.0,57,2010-02-08,2011-12-05,Regular
13064,1666.84,6,668.0,58,2010-04-27,2011-11-27,Regular
17321,1665.21,6,790.0,241,2010-05-11,2011-12-01,Regular
18096,1657.87,6,1409.0,299,2010-07-14,2011-11-28,Regular
18276,1656.52,6,1246.0,81,2009-12-10,2011-10-27,Regular
17041,1655.2,6,1303.0,93,2010-04-18,2011-11-13,Regular
16634,1649.81,6,1257.0,72,2010-01-21,2011-05-01,Regular
18062,1632.67,6,831.0,46,2010-04-21,2011-06-19,Regular
13900,1610.59,6,938.0,80,2010-03-25,2011-06-09,Regular
12947,1603.99,6,1165.0,83,2010-12-01,2011-07-19,Regular
17540,1590.6,6,588.0,41,2010-04-19,2011-11-15,Regular
16092,1587.94,6,1188.0,60,2010-05-09,2011-08-17,Regular
17222,1579.51,6,857.0,94,2010-01-10,2011-10-05,Regular
12549,1575.68,6,1366.0,38,2010-01-11,2010-05-13,Regular
17886,1572.55,6,711.0,138,2010-04-29,2011-11-08,Regular
17851,1552.35,6,933.0,185,2009-12-03,2010-10-13,Regular
14754,1547.93,6,1010.0,110,2010-01-18,2011-10-26,Regular
16790,1545.62,6,898.0,88,2011-11-02,2011-12-06,Regular
17990,1527.61,6,777.0,40,2009-12-07,2011-04-17,Regular
14264,1517.36,6,553.0,59,2010-04-07,2011-07-08,Regular
14682,1514.81,6,949.0,79,2010-02-05,2011-06-05,Regular
17179,1507.26,6,625.0,75,2010-05-26,2011-06-14,Regular
15110,1505.85,6,337.0,23,2010-08-11,2011-11-16,Regular
16239,1492.2,6,692.0,24,2010-09-02,2011-10-14,Regular
18268,1490.23,6,711.0,36,2009-12-11,2011-07-28,Regular
15101,1477.94,6,676.0,52,2010-04-28,2011-12-01,Regular
16835,1456.66,6,496.0,58,2010-05-19,2011-08-03,Regular
13649,1453.68,6,782.0,97,2010-06-30,2011-03-28,Regular
17259,1452.39,6,844.0,179,2010-02-22,2011-07-14,Regular
14657,1450.19,6,879.0,143,2010-09-30,2011-11-22,Regular
17734,1442.32,6,741.0,76,2010-03-07,2011-10-17,Regular
18106,1441.06,6,506.0,126,2010-01-15,2011-01-14,Regular
13531,1433.07,6,497.0,44,2009-12-03,2011-05-18,Regular
14684,1430.03,6,1005.0,272,2010-11-14,2011-11-14,Regular
18221,1424.94,6,1000.0,71,2010-11-14,2011-11-17,Regular
16173,1418.32,6,575.0,70,2011-09-02,2011-11-24,Regular
17545,1409.86,6,682.0,204,2010-05-11,2011-10-27,Regular
12765,1404.58,6,1009.0,49,2010-03-08,2010-08-24,Regular
13821,1379.08,6,477.0,158,2010-01-04,2011-07-18,Regular
14434,1372.8,6,368.0,3,2011-09-28,2011-11-18,Regular
13155,1370.48,6,741.0,79,2010-08-05,2011-11-06,Regular
17150,1357.95,6,397.0,64,2009-12-06,2010-11-28,Regular
12919,1335.19,6,673.0,34,2011-06-23,2011-12-01,Regular
15774,1288.34,6,465.0,88,2010-02-21,2011-10-02,Regular
16949,1286.27,6,791.0,57,2011-01-27,2011-12-06,Regular
13443,1273.16,6,805.0,176,2010-01-31,2010-09-17,Regular
15584,1268.2,6,483.0,174,2010-02-07,2011-11-16,Regular
13892,1267.65,6,3125.0,33,2010-05-13,2011-11-13,Regular
13515,1265.82,6,819.0,64,2010-03-05,2011-09-28,Regular
14984,1260.51,6,348.0,48,2010-01-11,2011-11-20,Regular
17343,1259.94,6,454.0,61,2009-12-03,2010-12-19,Regular
12402,1256.9,6,584.0,43,2010-02-07,2011-01-20,Regular
17076,1242.75,6,514.0,31,2009-12-04,2011-11-03,Regular
13019,1229.95,6,397.0,46,2009-12-06,2010-11-25,Regular
13787,1222.5,6,998.0,71,2010-01-14,2011-09-25,Regular
13405,1213.81,6,855.0,33,2009-12-15,2011-09-26,Regular
16872,1213.13,6,1079.0,12,2010-09-02,2011-09-23,Regular
17360,1200.51,6,624.0,189,2010-10-01,2011-11-22,Regular
13723,1194.08,6,593.0,51,2010-04-07,2011-05-06,Regular
13293,1192.94,6,555.0,51,2010-02-09,2010-11-12,Regular
14275,1189.38,6,538.0,14,2010-04-11,2010-11-09,Regular
17021,1182.22,6,992.0,35,2010-04-29,2010-09-23,Regular
18025,1177.72,6,1053.0,83,2010-03-30,2010-11-25,Regular
14370,1175.78,6,266.0,37,2010-02-01,2010-09-15,Regular
18071,1169.68,6,678.0,52,2009-12-05,2011-03-27,Regular
13497,1166.83,6,525.0,52,2010-02-08,2011-03-02,Regular
16184,1158.79,6,561.0,26,2011-05-12,2011-10-06,Regular
14818,1153.56,6,543.0,87,2010-03-02,2011-09-27,Regular
16989,1133.25,6,1233.0,7,2011-07-12,2011-12-02,Regular
13589,1120.74,6,293.0,48,2009-12-06,2011-11-25,Regular
16955,1120.31,6,723.0,33,2010-01-31,2011-06-08,Regular
14948,1101.97,6,673.0,56,2011-05-04,2011-11-16,Regular
15574,1101.44,6,750.0,191,2010-09-01,2011-06-15,Regular
17137,1099.81,6,680.0,125,2010-01-31,2010-10-19,Regular
12421,1098.6,6,652.0,44,2010-07-22,2011-11-24,Regular
17854,1068.5,6,607.0,113,2009-12-08,2011-06-07,Regular
13959,1064.77,6,694.0,120,2010-07-16,2011-09-21,Regular
14966,1064.26,6,1060.0,125,2009-12-15,2011-11-25,Regular
17214,1059.12,6,272.0,79,2010-12-15,2011-10-10,Regular
15855,1052.72,6,712.0,72,2010-08-20,2011-07-26,Regular
14947,1049.79,6,416.0,47,2010-03-25,2011-09-28,Regular
15535,1044.37,6,314.0,88,2010-09-16,2011-06-19,Regular
16261,1041.16,6,454.0,118,2010-09-23,2011-11-22,Regular
15003,1027.03,6,525.0,253,2010-01-26,2010-08-23,Regular
12828,1018.71,6,494.0,46,2011-08-01,2011-12-07,Regular
15850,1006.75,6,1334.0,269,2009-12-13,2011-11-20,Regular
13238,1006.63,6,442.0,24,2010-04-28,2011-11-22,Regular
13427,1006.53,6,880.0,35,2009-12-17,2011-11-20,Regular
13857,1001.01,6,782.0,99,2010-05-17,2010-11-11,Regular
15508,1000.27,6,440.0,78,2011-04-18,2011-06-03,Regular
17299,993.23,6,919.0,96,2010-08-15,2011-11-28,Regular
15208,970.52,6,356.0,27,2010-10-12,2011-12-08,Regular
13223,969.12,6,568.0,8,2010-02-12,2011-05-23,Regular
15028,962.94,6,673.0,65,2010-11-10,2011-12-01,Regular
17420,953.58,6,446.0,43,2010-11-03,2011-10-20,Regular
12414,952.41,6,495.0,21,2010-09-02,2011-05-06,Regular
17955,949.9,6,681.0,16,2010-02-12,2011-05-25,Regular
17081,949.39,6,381.0,166,2010-02-22,2011-11-14,Regular
17516,947.5,6,522.0,150,2010-11-26,2011-11-24,Regular
16203,943.84,6,537.0,56,2010-07-23,2011-10-12,Regular
17604,942.38,6,614.0,142,2010-01-27,2011-05-06,Regular
14958,941.99,6,248.0,52,2009-12-03,2011-07-15,Regular
18001,924.14,6,874.0,120,2009-12-02,2011-11-27,Regular
16362,922.16,6,467.0,67,2010-09-28,2011-11-07,Regular
14342,918.44,6,521.0,27,2010-08-24,2011-11-18,Regular
16034,911.32,6,585.0,43,2010-10-26,2011-05-27,Regular
14289,911.26,6,292.0,33,2011-02-23,2011-12-01,Regular
13573,904.52,6,647.0,73,2010-03-12,2011-10-20,Regular
16122,895.62,6,1280.0,28,2010-10-10,2011-09-27,Regular
17062,889.75,6,644.0,82,2010-09-26,2011-01-30,Regular
14681,875.15,6,172.0,19,2010-02-24,2011-09-29,Regular
12791,863.51,6,353.0,17,2010-03-25,2010-12-01,Regular
13991,852.88,6,995.0,58,2011-07-19,2011-11-27,Regular
16877,846.62,6,458.0,111,2011-05-15,2011-11-27,Regular
13902,34095.26,5,220600.0,58,2009-12-15,2010-03-17,High Spend
12454,16679.78,5,7703.0,24,2010-10-14,2011-10-14,High Spend
14439,9443.04,5,2244.0,105,2010-01-21,2011-01-24,High Spend
16532,8756.64,5,2544.0,2,2010-03-29,2011-11-22,High Spend
15786,8501.62,5,5957.0,358,2010-06-21,2011-10-24,High Spend
15413,6798.72,5,2694.0,20,2009-12-01,2010-01-17,High Spend
12406,6390.36,5,3416.0,114,2010-01-11,2011-11-17,High Spend
15480,6279.0,5,1852.0,199,2010-02-01,2011-08-15,High Spend
13334,6201.8,5,3198.0,307,2010-02-25,2011-09-18,High Spend
14105,5988.83,5,3534.0,200,2009-12-18,2011-04-14,High Spend
16546,5307.07,5,4211.0,75,2010-09-23,2011-02-22,High Spend
12432,5059.32,5,1801.0,107,2011-06-20,2011-10-28,High Spend
12444,5005.46,5,1153.0,138,2011-06-21,2011-11-18,High Spend
17829,4756.74,5,3009.0,121,2010-02-22,2011-02-14,High Spend
15123,4656.17,5,2524.0,149,2010-03-16,2011-12-02,High Spend
17728,4238.76,5,2146.0,196,2010-09-12,2011-12-06,High Spend
18079,4203.93,5,8730.0,107,2010-08-05,2011-10-25,High Spend
15050,4087.19,5,2600.0,116,2010-08-16,2011-11-14,High Spend
12371,4067.38,5,1436.0,134,2010-03-04,2011-10-26,High Spend
15665,3987.07,5,2777.0,163,2010-03-14,2011-06-24,High Spend
12473,3928.05,5,2414.0,140,2011-06-01,2011-11-10,High Spend
12358,3887.07,5,1079.0,56,2009-12-08,2011-12-08,High Spend
15067,3862.88,5,2151.0,170,2010-04-11,2011-09-22,High Spend
14565,3859.22,5,1940.0,139,2010-08-23,2011-09-05,High Spend
13357,3805.51,5,2112.0,284,2010-03-22,2011-03-27,High Spend
12502,3723.87,5,820.0,102,2011-02-03,2011-09-05,High Spend
15494,3702.6,5,3052.0,307,2009-12-10,2011-11-18,High Spend
12468,3670.74,5,2201.0,127,2010-01-26,2011-06-05,High Spend
15505,3610.96,5,2390.0,90,2011-07-07,2011-10-18,High Spend
15791,3608.34,5,1970.0,121,2010-03-08,2011-10-27,High Spend
17722,3520.22,5,2412.0,163,2010-11-29,2011-09-04,High Spend
14934,3503.5,5,2100.0,115,2010-09-24,2011-09-19,High Spend
17597,3484.09,5,2215.0,109,2010-05-05,2011-05-10,High Spend
13849,3469.3,5,1883.0,189,2010-03-25,2011-10-19,High Spend
13425,3390.43,5,2358.0,124,2010-05-09,2011-08-23,High Spend
13707,3365.86,5,2210.0,142,2010-06-21,2011-03-17,High Spend
15065,3326.86,5,1446.0,156,2010-10-25,2011-11-02,High Spend
13031,3292.84,5,2309.0,275,2010-06-03,2010-10-28,High Spend
15057,3255.96,5,1394.0,62,2009-12-05,2011-03-09,High Spend
16584,3156.17,5,1913.0,61,2010-02-16,2011-09-20,High Spend
13692,3114.4,5,2101.0,83,2010-10-15,2011-11-15,High Spend
14700,3076.06,5,1606.0,111,2010-08-11,2011-11-07,High Spend
14038,3069.88,5,1708.0,99,2010-02-04,2011-09-22,High Spend
16718,3006.08,5,1924.0,123,2009-12-06,2010-12-05,High Spend
16012,2978.59,5,1760.0,207,2010-06-28,2011-11-04,High Spend
16736,2956.56,5,1050.0,116,2009-12-03,2010-07-22,High Spend
12906,2919.81,5,1749.0,55,2011-09-22,2011-11-28,High Spend
16358,2919.65,5,2065.0,118,2010-11-10,2011-12-08,High Spend
17242,2889.28,5,1459.0,44,2010-01-24,2011-08-23,High Spend
14251,2879.7,5,1674.0,37,2011-10-13,2011-12-08,High Spend
14005,2874.72,5,2478.0,53,2011-05-08,2011-11-30,High Spend
14903,2795.33,5,1531.0,227,2011-03-06,2011-11-18,High Spend
15389,2733.8,5,3940.0,2,2010-01-27,2011-06-20,High Spend
18173,2696.36,5,1730.0,34,2010-04-06,2011-09-14,High Spend
15157,2654.11,5,3466.0,152,2009-12-10,2011-12-06,High Spend
16618,2647.59,5,1363.0,79,2011-01-21,2011-11-08,High Spend
12520,2634.26,5,1439.0,121,2011-03-11,2011-09-21,High Spend
14163,2594.62,5,950.0,42,2010-09-03,2011-09-13,High Spend
12592,2582.66,5,1875.0,42,2010-07-08,2011-09-08,High Spend
12978,2502.82,5,1394.0,126,2009-12-10,2010-11-19,High Spend
12517,2481.6,5,1361.0,232,2011-06-02,2011-11-11,High Spend
13762,2472.48,5,2608.0,23,2010-01-10,2011-05-05,High Spend
17131,2463.17,5,983.0,78,2011-09-25,2011-12-04,High Spend
14256,2460.79,5,1147.0,100,2010-01-14,2011-03-24,High Spend
15111,2442.37,5,1058.0,109,2010-04-26,2011-11-10,High Spend
17505,2435.48,5,1242.0,83,2010-04-13,2011-07-01,High Spend
16147,2398.91,5,1395.0,113,2010-02-05,2011-07-29,High Spend
16105,2386.19,5,2125.0,92,2010-04-14,2011-04-05,High Spend
14295,2362.91,5,1029.0,66,2009-12-08,2011-10-30,High Spend
14346,2315.75,5,1878.0,123,2010-07-30,2011-08-11,High Spend
17282,2308.54,5,2332.0,168,2010-06-09,2011-08-01,High Spend
18095,2303.09,5,1623.0,37,2010-04-19,2011-01-31,High Spend
16485,2287.19,5,1153.0,126,2009-12-06,2011-09-23,High Spend
14481,2284.69,5,1568.0,114,2010-01-31,2011-06-28,High Spend
13652,2262.05,5,1458.0,116,2010-02-25,2011-10-25,High Spend
15865,2241.42,5,1141.0,119,2010-01-05,2011-10-30,Regular
18215,2232.49,5,1131.0,53,2010-03-26,2011-09-11,Regular
17648,2216.37,5,954.0,114,2010-11-19,2011-10-10,Regular
13478,2215.78,5,1189.0,114,2010-01-31,2010-08-27,Regular
16317,2192.51,5,1236.0,103,2010-05-04,2011-08-12,Regular
17822,2162.93,5,1375.0,152,2010-05-28,2010-10-15,Regular
14216,2150.04,5,712.0,65,2010-10-21,2011-12-06,Regular
16004,2146.39,5,1076.0,63,2010-01-25,2010-08-22,Regular
16134,2145.34,5,1637.0,85,2010-06-17,2011-11-18,Regular
14691,2114.33,5,707.0,50,2011-05-11,2011-11-09,Regular
16201,2112.12,5,1421.0,86,2010-10-20,2011-12-06,Regular
15252,2103.41,5,1430.0,106,2010-04-07,2011-11-03,Regular
15815,2100.6,5,1856.0,33,2011-03-25,2011-10-07,Regular
17159,2099.59,5,1348.0,115,2010-03-04,2011-11-18,Regular
12610,2099.54,5,1049.0,85,2011-08-05,2011-11-17,Regular
13265,2092.66,5,1740.0,66,2011-03-11,2011-10-17,Regular
14443,2082.97,5,1357.0,119,2010-11-25,2011-10-17,Regular
13476,2061.47,5,713.0,86,2010-03-05,2011-06-14,Regular
12518,2056.89,5,1318.0,84,2011-08-21,2011-12-09,Regular
14232,2048.07,5,1941.0,81,2011-03-20,2011-10-28,Regular
17666,2047.8,5,1552.0,30,2010-06-30,2011-12-06,Regular
13663,2047.51,5,893.0,87,2010-03-03,2011-06-13,Regular
14000,2046.34,5,1838.0,28,2009-12-02,2011-05-12,Regular
13989,2026.06,5,2207.0,61,2010-05-25,2011-10-05,Regular
12348,2019.4,5,2714.0,25,2010-09-27,2011-09-25,Regular
17671,2009.16,5,987.0,54,2010-11-29,2011-11-24,Regular
14628,1998.0,5,1147.0,65,2010-01-25,2011-09-09,Regular
17158,1980.0,5,1147.0,74,2010-03-07,2011-11-07,Regular
17554,1952.45,5,1763.0,58,2011-07-14,2011-12-08,Regular
16788,1928.93,5,965.0,348,2010-02-07,2011-08-08,Regular
13029,1927.3,5,194.0,13,2010-07-04,2011-11-09,Regular
14332,1917.41,5,875.0,47,2010-10-19,2011-11-17,Regular
17046,1906.07,5,1636.0,76,2010-03-29,2011-07-05,Regular
14389,1898.01,5,1388.0,48,2010-04-28,2011-10-05,Regular
13276,1891.91,5,840.0,209,2010-03-07,2011-10-07,Regular
15381,1890.57,5,802.0,20,2010-05-05,2011-05-10,Regular
12383,1850.56,5,1532.0,84,2010-12-22,2011-06-08,Regular
12381,1845.31,5,808.0,70,2011-08-12,2011-12-05,Regular
13168,1840.73,5,898.0,127,2010-06-15,2011-11-03,Regular
16825,1826.89,5,1297.0,48,2010-06-23,2011-11-01,Regular
17244,1826.04,5,1419.0,109,2009-12-06,2011-10-17,Regular
17642,1824.49,5,1475.0,88,2009-12-05,2011-08-12,Regular
15807,1817.52,5,1532.0,85,2010-02-11,2011-10-20,Regular
15530,1808.68,5,1328.0,111,2010-07-15,2011-11-18,Regular
15133,1806.9,5,960.0,45,2010-07-07,2011-08-04,Regular
16797,1802.02,5,898.0,289,2009-12-02,2010-11-11,Regular
16249,1800.07,5,950.0,67,2011-04-14,2011-10-18,Regular
14708,1793.22,5,1159.0,27,2010-09-10,2011-12-07,Regular
15608,1785.98,5,1262.0,93,2010-10-20,2011-11-11,Regular
15128,1783.68,5,1583.0,87,2010-10-05,2011-10-10,Regular
12908,1776.0,5,3000.0,1,2010-03-19,2011-06-16,Regular
15594,1771.78,5,983.0,85,2011-04-19,2011-11-24,Regular
15972,1769.33,5,468.0,104,2010-04-18,2010-09-09,Regular
16595,1757.75,5,1331.0,337,2010-01-17,2011-10-09,Regular
13808,1747.66,5,782.0,70,2011-09-04,2011-12-04,Regular
17695,1746.04,5,1809.0,46,2010-01-28,2011-07-31,Regular
16087,1739.92,5,664.0,6,2010-01-19,2010-11-15,Regular
15730,1726.58,5,1061.0,102,2010-10-04,2011-10-05,Regular
16374,1723.4,5,771.0,276,2010-04-30,2011-10-04,Regular
15267,1717.36,5,944.0,8,2011-06-10,2011-11-17,Regular
12407,1708.12,5,1416.0,57,2011-03-20,2011-10-21,Regular
14859,1705.64,5,888.0,51,2010-06-03,2011-11-27,Regular
15326,1700.52,5,1351.0,94,2009-12-01,2011-01-10,Regular
17813,1698.07,5,752.0,297,2011-09-29,2011-11-25,Regular
13566,1688.6,5,1257.0,263,2010-03-10,2011-10-30,Regular
14643,1679.89,5,1377.0,57,2009-12-11,2011-06-22,Regular
17656,1674.69,5,1399.0,67,2011-08-03,2011-09-27,Regular
17534,1668.83,5,860.0,76,2010-02-25,2011-10-17,Regular
13434,1666.86,5,864.0,17,2010-02-22,2011-09-26,Regular
15192,1666.39,5,1448.0,56,2010-01-29,2011-08-12,Regular
12912,1662.3,5,670.0,17,2011-10-30,2011-12-07,Regular
16625,1654.03,5,1057.0,82,2010-06-14,2011-03-10,Regular
18136,1631.36,5,860.0,77,2010-09-14,2011-10-07,Regular
17571,1630.91,5,991.0,290,2010-06-15,2011-10-20,Regular
15167,1627.62,5,863.0,262,2010-02-04,2011-01-23,Regular
15172,1624.05,5,1611.0,106,2011-04-17,2011-12-01,Regular
16224,1616.54,5,1555.0,107,2010-11-17,2011-10-13,Regular
13239,1594.69,5,1151.0,86,2010-07-25,2011-03-23,Regular
15289,1593.09,5,1627.0,67,2010-03-28,2011-11-10,Regular
13740,1582.77,5,987.0,83,2009-12-02,2011-04-13,Regular
14719,1581.84,5,1025.0,177,2011-04-04,2011-12-08,Regular
15279,1580.54,5,802.0,74,2010-02-02,2010-12-20,Regular
14136,1570.81,5,1148.0,86,2009-12-08,2010-11-04,Regular
14236,1555.34,5,774.0,39,2010-07-22,2011-09-20,Regular
16394,1555.34,5,2604.0,61,2011-02-23,2011-10-14,Regular
15149,1554.61,5,380.0,62,2010-02-28,2011-07-29,Regular
14186,1550.63,5,1550.0,75,2010-03-05,2010-10-08,Regular
16017,1545.58,5,635.0,99,2010-01-05,2011-10-23,Regular
13310,1541.2,5,816.0,80,2010-11-02,2011-11-11,Regular
16066,1521.04,5,935.0,77,2011-08-07,2011-11-23,Regular
17764,1513.57,5,674.0,126,2009-12-03,2011-10-20,Regular
17610,1511.94,5,893.0,114,2009-12-06,2010-06-17,Regular
16037,1509.34,5,766.0,62,2010-03-01,2011-03-15,Regular
13158,1508.18,5,992.0,70,2010-11-16,2011-09-06,Regular
18022,1507.25,5,1311.0,306,2010-06-11,2011-11-04,Regular
15590,1496.6,5,832.0,75,2010-04-12,2010-11-22,Regular
16569,1455.23,5,988.0,27,2009-12-16,2011-12-06,Regular
16121,1450.04,5,879.0,256,2010-05-23,2011-10-13,Regular
17582,1446.95,5,603.0,92,2010-03-26,2011-04-17,Regular
17411,1425.38,5,608.0,69,2009-12-03,2011-11-27,Regular
17438,1422.77,5,553.0,49,2010-03-08,2011-03-31,Regular
15106,1422.52,5,1181.0,90,2011-03-15,2011-11-22,Regular
15223,1417.95,5,385.0,26,2009-12-05,2011-04-28,Regular
17714,1410.18,5,608.0,69,2010-07-14,2011-01-23,Regular
15652,1405.94,5,657.0,93,2010-08-11,2011-09-09,Regular
15186,1403.2,5,716.0,29,2010-01-12,2011-11-25,Regular
13382,1387.58,5,863.0,74,2009-12-08,2011-03-04,Regular
16167,1386.12,5,1494.0,51,2009-12-01,2010-10-21,Regular
14116,1382.74,5,707.0,61,2011-08-10,2011-11-20,Regular
14853,1376.87,5,345.0,26,2010-04-13,2011-11-15,Regular
13579,1374.34,5,718.0,72,2010-02-18,2011-11-25,Regular
14538,1370.84,5,284.0,45,2010-01-25,2011-10-06,Regular
14316,1370.34,5,4494.0,21,2010-03-19,2010-10-13,Regular
13760,1363.64,5,623.0,95,2010-04-25,2011-10-16,Regular
17429,1357.46,5,1286.0,80,2010-10-06,2011-08-03,Regular
12875,1356.99,5,5187.0,2,2010-01-11,2011-07-19,Regular
17054,1356.33,5,804.0,64,2011-04-08,2011-11-11,Regular
17025,1349.67,5,885.0,31,2010-03-08,2011-10-10,Regular
14320,1346.75,5,713.0,68,2010-01-21,2011-05-17,Regular
13506,1338.08,5,942.0,55,2010-09-05,2011-01-27,Regular
13220,1336.09,5,396.0,46,2010-05-13,2011-09-22,Regular
14511,1314.81,5,784.0,53,2011-07-29,2011-11-28,Regular
12987,1312.21,5,585.0,61,2010-01-20,2011-09-27,Regular
16943,1299.49,5,147.0,24,2010-03-25,2011-05-12,Regular
16777,1292.18,5,470.0,125,2010-03-17,2011-09-20,Regular
16372,1290.31,5,722.0,271,2010-04-11,2011-11-06,Regular
17521,1278.06,5,806.0,65,2010-10-01,2011-11-10,Regular
17034,1276.42,5,694.0,49,2010-07-14,2011-11-23,Regular
17341,1272.21,5,831.0,200,2010-06-17,2011-07-06,Regular
17759,1261.88,5,965.0,114,2010-05-05,2011-11-22,Regular
18035,1260.23,5,1134.0,52,2010-11-19,2011-11-04,Regular
15651,1259.06,5,871.0,52,2010-04-22,2011-11-03,Regular
14931,1257.68,5,417.0,30,2011-04-13,2011-12-05,Regular
16292,1253.76,5,688.0,51,2010-04-14,2011-08-10,Regular
15579,1250.63,5,713.0,140,2010-10-03,2011-10-02,Regular
13860,1245.9,5,591.0,58,2011-09-14,2011-12-08,Regular
14428,1224.06,5,428.0,108,2011-01-18,2011-12-02,Regular
16946,1222.04,5,509.0,69,2010-03-02,2010-11-21,Regular
13243,1220.38,5,554.0,165,2010-03-18,2011-05-20,Regular
14698,1217.27,5,602.0,148,2011-10-19,2011-12-08,Regular
17410,1214.72,5,616.0,57,2011-05-08,2011-11-23,Regular
14446,1200.28,5,1091.0,259,2010-11-18,2011-12-09,Regular
15181,1200.2,5,688.0,15,2009-12-08,2011-10-04,Regular
13882,1191.13,5,953.0,54,2011-10-06,2011-12-07,Regular
15573,1188.42,5,770.0,181,2009-12-10,2011-11-08,Regular
18181,1188.34,5,510.0,139,2009-12-04,2011-11-15,Regular
18277,1180.05,5,449.0,53,2010-08-02,2011-10-12,Regular
16693,1179.48,5,658.0,149,2010-02-21,2011-10-02,Regular
16926,1169.61,5,197.0,63,2010-07-01,2010-12-03,Regular
13499,1159.11,5,1365.0,31,2011-03-15,2011-11-22,Regular
17127,1155.03,5,340.0,27,2009-12-04,2010-10-07,Regular
13462,1153.85,5,697.0,64,2009-12-14,2011-04-01,Regular
17984,1152.19,5,939.0,209,2009-12-01,2011-07-17,Regular
17770,1143.27,5,365.0,33,2011-03-02,2011-05-25,Regular
14585,1143.27,5,630.0,88,2010-10-19,2011-10-20,Regular
17908,1142.47,5,670.0,178,2009-12-14,2010-12-01,Regular
17302,1135.63,5,575.0,68,2011-02-07,2011-11-25,Regular
15022,1133.44,5,640.0,115,2010-01-31,2011-11-28,Regular
15969,1127.05,5,223.0,31,2010-07-05,2011-12-07,Regular
13167,1125.15,5,1007.0,64,2010-11-14,2011-11-21,Regular
16354,1119.46,5,592.0,116,2010-04-27,2011-10-07,Regular
14080,1115.68,5,268.0,74,2009-12-02,2011-11-07,Regular
16139,1111.15,5,602.0,47,2009-12-03,2011-11-21,Regular
14102,1105.88,5,769.0,35,2011-10-26,2011-12-04,Regular
16895,1102.9,5,421.0,135,2010-02-12,2011-10-06,Regular
16014,1100.28,5,462.0,219,2010-01-31,2011-11-02,Regular
16805,1091.34,5,1120.0,213,2009-12-08,2011-06-19,Regular
16188,1087.66,5,838.0,72,2010-10-27,2011-10-26,Regular
13546,1086.24,5,587.0,95,2010-10-11,2011-11-27,Regular
14013,1084.57,5,775.0,56,2010-03-26,2011-08-21,Regular
17522,1070.71,5,1034.0,59,2011-05-05,2011-12-08,Regular
12728,1070.17,5,543.0,48,2010-11-21,2011-09-29,Regular
17871,1068.95,5,665.0,64,2010-01-15,2011-05-19,Regular
13065,1055.05,5,381.0,49,2010-06-10,2010-12-01,Regular
13140,1054.92,5,572.0,89,2010-08-05,2011-08-23,Regular
15026,1048.89,5,655.0,109,2010-09-17,2011-09-20,Regular
17555,1045.74,5,739.0,220,2010-05-02,2011-11-20,Regular
13613,1039.85,5,445.0,50,2010-02-17,2010-09-13,Regular
17042,1036.58,5,990.0,74,2011-04-06,2011-12-07,Regular
17926,1035.49,5,572.0,27,2010-05-09,2011-07-29,Regular
12811,1033.9,5,435.0,47,2010-10-08,2011-03-24,Regular
16418,1028.74,5,564.0,121,2010-10-13,2011-10-26,Regular
16682,1028.0,5,1040.0,15,2011-06-05,2011-12-05,Regular
13956,1019.27,5,486.0,123,2011-03-13,2011-12-04,Regular
16441,1019.13,5,478.0,67,2010-03-22,2011-10-03,Regular
13641,1016.47,5,1098.0,41,2009-12-05,2010-03-09,Regular
13466,1013.35,5,660.0,49,2010-03-21,2011-06-08,Regular
13258,1009.43,5,446.0,29,2010-11-04,2011-11-28,Regular
16287,1006.98,5,1426.0,18,2010-01-19,2011-06-23,Regular
14214,1004.38,5,751.0,64,2011-03-07,2011-11-09,Regular
17329,998.53,5,430.0,80,2009-12-03,2011-11-25,Regular
13292,994.51,5,530.0,55,2010-07-01,2011-11-01,Regular
18237,987.1,5,622.0,40,2011-07-28,2011-12-07,Regular
14157,978.69,5,521.0,75,2010-03-03,2011-11-20,Regular
15132,977.93,5,679.0,49,2011-03-22,2011-11-21,Regular
14454,977.3,5,400.0,93,2009-12-06,2010-11-28,Regular
17221,976.62,5,713.0,115,2010-04-11,2011-12-02,Regular
17987,965.44,5,981.0,139,2010-06-07,2011-06-07,Regular
16947,955.21,5,655.0,50,2010-03-03,2011-04-18,Regular
17298,954.26,5,852.0,61,2010-03-08,2011-08-30,Regular
17189,953.63,5,601.0,101,2009-12-02,2011-08-25,Regular
14615,951.76,5,495.0,40,2010-06-09,2010-11-10,Regular
13636,949.12,5,592.0,57,2011-02-27,2011-11-03,Regular
14994,946.72,5,568.0,233,2010-03-26,2010-11-22,Regular
16861,946.59,5,616.0,39,2010-07-19,2011-10-11,Regular
17356,946.47,5,925.0,73,2010-01-20,2011-02-01,Regular
18154,932.6,5,626.0,34,2010-08-06,2011-12-06,Regular
13288,927.61,5,379.0,7,2010-02-11,2010-09-22,Regular
17322,922.59,5,631.0,115,2009-12-03,2010-11-28,Regular
15511,900.53,5,269.0,117,2011-09-15,2011-11-28,Regular
16784,892.33,5,494.0,138,2010-03-28,2011-11-20,Regular
16442,891.98,5,580.0,226,2009-12-13,2011-12-08,Regular
15393,891.34,5,378.0,37,2009-12-15,2011-11-23,Regular
16898,885.21,5,695.0,223,2010-05-12,2011-11-13,Regular
16387,882.46,5,448.0,68,2010-03-11,2011-01-21,Regular
16385,881.35,5,476.0,94,2010-03-18,2011-10-10,Regular
17864,876.57,5,1015.0,93,2010-10-08,2011-11-27,Regular
14437,873.34,5,420.0,34,2010-05-05,2010-12-09,Regular
17361,871.79,5,380.0,51,2010-02-01,2011-10-21,Regular
15224,871.36,5,443.0,24,2010-01-15,2010-12-16,Regular
17358,861.01,5,430.0,126,2010-02-24,2011-02-09,Regular
15287,856.03,5,1010.0,23,2009-12-02,2011-11-17,Regular
14686,852.53,5,457.0,185,2010-02-18,2010-10-21,Regular
15266,852.21,5,236.0,38,2010-01-07,2011-01-05,Regular
13487,846.87,5,362.0,31,2009-12-05,2011-10-13,Regular
17332,838.27,5,794.0,82,2010-02-21,2010-06-29,Regular
17045,827.68,5,294.0,44,2010-10-06,2011-08-18,Regular
14508,822.92,5,347.0,142,2010-06-17,2011-11-17,Regular
15847,822.57,5,643.0,39,2010-03-08,2011-11-01,Regular
16469,803.9,5,332.0,167,2010-07-13,2011-11-16,Regular
16438,798.35,5,463.0,74,2011-09-18,2011-12-04,Regular
15637,797.59,5,651.0,37,2009-12-15,2011-10-18,Regular
16155,796.9,5,495.0,45,2010-06-18,2010-11-23,Regular
16952,795.83,5,343.0,76,2009-12-11,2011-08-22,Regular
14656,790.0,5,309.0,148,2010-04-15,2011-06-23,Regular
13323,787.85,5,175.0,6,2011-09-16,2011-12-06,Regular
15646,784.81,5,821.0,65,2010-10-25,2011-07-05,Regular
15714,783.96,5,361.0,45,2010-06-02,2011-11-28,Regular
13502,780.5,5,490.0,28,2010-06-09,2011-11-23,Regular
12808,776.7,5,322.0,46,2010-09-03,2011-11-03,Regular
17349,772.41,5,772.0,74,2010-03-18,2011-06-13,Regular
13980,768.82,5,463.0,57,2010-02-21,2011-10-10,Regular
13598,761.96,5,393.0,78,2010-02-26,2011-10-23,Regular
14176,756.46,5,265.0,33,2010-11-23,2011-02-15,Regular
14247,753.56,5,378.0,82,2010-06-06,2011-03-06,Regular
18190,745.62,5,490.0,34,2009-12-22,2011-05-31,Regular
14104,743.53,5,496.0,117,2010-05-28,2011-07-08,Regular
12527,735.51,5,526.0,26,2010-06-28,2011-09-19,Regular
13575,732.07,5,449.0,41,2011-06-16,2011-11-16,Regular
17681,731.2,5,450.0,12,2010-01-15,2010-04-21,Regular
12723,725.07,5,434.0,53,2011-10-05,2011-12-06,Regular
12573,717.41,5,479.0,107,2010-08-31,2011-04-26,Regular
12450,688.2,5,442.0,31,2010-08-22,2011-07-06,Regular
13524,680.18,5,324.0,17,2011-05-04,2011-10-30,Regular
16226,672.17,5,521.0,23,2010-10-22,2011-05-20,Regular
17709,671.01,5,295.0,37,2010-04-15,2011-06-23,Regular
15715,658.02,5,246.0,33,2010-03-30,2010-06-02,Regular
17852,657.81,5,372.0,82,2009-12-08,2011-11-28,Regular
16750,623.93,5,214.0,74,2011-04-21,2011-10-26,Regular
16792,623.46,5,324.0,90,2010-01-04,2011-03-02,Regular
18101,622.01,5,247.0,89,2010-02-03,2011-11-28,Regular
15016,620.89,5,243.0,93,2010-06-14,2011-06-20,Regular
16566,614.66,5,362.0,14,2011-02-20,2011-11-24,Regular
15717,607.0,5,224.0,17,2010-04-26,2011-04-19,Regular
12654,601.98,5,264.0,31,2011-02-17,2011-11-29,Regular
18211,600.07,5,359.0,37,2011-03-06,2011-11-14,Regular
16412,593.19,5,288.0,84,2010-02-04,2011-10-17,Regular
15198,571.35,5,327.0,28,2010-01-19,2011-09-08,Regular
16414,551.21,5,201.0,58,2010-01-14,2011-11-18,Regular
17580,541.02,5,223.0,78,2010-10-13,2011-04-01,Regular
15890,535.65,5,119.0,10,2010-04-14,2010-11-10,Regular
17436,534.06,5,178.0,8,2009-12-07,2011-12-08,Regular
15917,530.17,5,248.0,127,2009-12-02,2011-04-06,Regular
14616,527.78,5,170.0,3,2010-06-09,2011-04-11,Regular
17266,501.72,5,243.0,95,2010-03-09,2011-12-07,Regular
15881,501.39,5,260.0,26,2010-12-10,2011-01-31,Regular
17256,498.93,5,299.0,20,2010-04-18,2011-08-24,Regular
15447,492.88,5,228.0,27,2010-03-24,2011-01-13,Regular
15488,431.92,5,251.0,10,2010-05-05,2011-09-08,Regular
16832,417.61,5,179.0,19,2010-09-07,2011-06-08,Regular
16998,402.0,5,104.0,2,2010-09-21,2011-07-13,Regular
15577,396.03,5,120.0,58,2009-12-13,2011-07-11,Regular
16827,392.13,5,125.0,10,2010-04-29,2010-11-11,Regular
15863,355.1,5,162.0,74,2009-12-17,2011-11-14,Regular
13666,127.9,5,54.0,19,2009-12-04,2011-10-10,Regular
16344,842.42,4,706.0,43,2010-02-09,2011-07-04,Regular
15713,839.64,4,451.0,48,2009-12-16,2011-07-19,Regular
13940,839.14,4,516.0,39,2011-07-18,2011-11-22,Regular
13795,836.3,4,1250.0,23,2010-03-12,2010-11-16,Regular
17003,828.21,4,494.0,90,2010-05-10,2010-11-02,Regular
13681,827.83,4,360.0,37,2011-07-07,2011-11-22,Regular
16048,818.79,4,425.0,30,2010-06-08,2010-12-01,Regular
16869,817.12,4,583.0,113,2011-06-17,2011-11-17,Regular
13514,815.9,4,288.0,15,2010-01-26,2011-09-27,Regular
16621,813.48,4,302.0,22,2011-03-07,2011-10-19,Regular
15644,803.54,4,550.0,166,2011-03-23,2011-06-26,Regular
13720,799.9,4,501.0,42,2011-03-30,2011-08-15,Regular
13041,799.13,4,335.0,23,2010-04-29,2010-09-15,Regular
15309,797.96,4,440.0,49,2009-12-04,2010-04-08,Regular
17952,788.46,4,477.0,85,2010-06-16,2010-11-26,Regular
14463,786.57,4,210.0,7,2010-07-28,2011-09-02,Regular
13770,785.37,4,468.0,48,2009-12-09,2010-10-13,Regular
13415,784.17,4,496.0,85,2009-12-11,2010-08-24,Regular
16836,782.37,4,539.0,42,2010-05-14,2011-10-31,Regular
15952,781.91,4,391.0,65,2011-04-28,2011-11-06,Regular
17255,781.7,4,583.0,163,2010-09-19,2011-10-30,Regular
15679,781.28,4,1170.0,98,2011-06-10,2011-11-15,Regular
12504,779.05,4,458.0,11,2010-04-22,2011-11-21,Regular
14690,777.68,4,341.0,69,2010-10-25,2011-10-26,Regular
15618,776.85,4,454.0,39,2011-07-26,2011-11-07,Regular
14997,776.6,4,1408.0,36,2010-02-22,2011-10-24,Regular
15743,775.96,4,214.0,59,2011-06-08,2011-11-23,Regular
15921,775.26,4,335.0,69,2010-03-09,2011-06-20,Regular
18112,773.36,4,443.0,59,2010-06-06,2011-11-27,Regular
16565,773.05,4,211.0,7,2010-06-02,2010-12-10,Regular
14413,764.52,4,277.0,93,2010-01-19,2010-12-12,Regular
15428,762.75,4,347.0,39,2009-12-17,2011-11-24,Regular
16806,762.16,4,356.0,68,2011-04-14,2011-08-28,Regular
16411,756.39,4,461.0,139,2010-10-07,2011-11-20,Regular
14234,754.12,4,951.0,122,2011-10-13,2011-11-17,Regular
17579,753.28,4,375.0,89,2010-05-10,2011-12-05,Regular
14998,753.18,4,352.0,111,2010-04-13,2011-06-22,Regular
13070,751.7,4,372.0,12,2009-12-07,2011-05-31,Regular
15656,748.5,4,343.0,46,2011-02-28,2011-10-25,Regular
14942,746.56,4,354.0,12,2009-12-10,2010-11-03,Regular
13950,745.06,4,323.0,33,2011-04-07,2011-11-28,Regular
15462,737.05,4,495.0,32,2010-09-20,2011-09-06,Regular
17616,734.4,4,288.0,1,2010-09-14,2011-06-19,Regular
17979,732.41,4,383.0,116,2011-03-25,2011-11-04,Regular
17548,731.26,4,494.0,22,2010-11-08,2011-04-20,Regular
13921,730.7,4,210.0,36,2009-12-18,2010-11-02,Regular
15872,729.25,4,467.0,164,2010-06-07,2011-11-25,Regular
17141,727.58,4,423.0,138,2010-01-24,2010-10-17,Regular
13569,726.54,4,345.0,140,2010-10-07,2011-11-22,Regular
18078,725.53,4,370.0,65,2010-03-21,2011-05-06,Regular
17860,717.39,4,696.0,127,2009-12-11,2010-12-06,Regular
13512,713.39,4,419.0,31,2010-05-05,2011-03-24,Regular
13147,712.8,4,144.0,1,2011-09-01,2011-11-29,Regular
17051,706.49,4,507.0,107,2010-03-21,2011-05-29,Regular
12883,703.47,4,196.0,39,2011-09-11,2011-11-15,Regular
17561,703.02,4,381.0,163,2009-12-06,2011-11-20,Regular
14699,702.6,4,484.0,45,2010-07-02,2011-05-09,Regular
17825,701.96,4,516.0,24,2009-12-14,2010-04-20,Regular
17163,699.78,4,531.0,27,2010-02-02,2011-11-18,Regular
16018,698.13,4,503.0,48,2009-12-07,2011-10-31,Regular
14959,695.42,4,494.0,37,2011-02-16,2011-10-06,Regular
13101,695.4,4,478.0,48,2010-01-27,2011-04-19,Regular
14111,692.85,4,458.0,10,2011-04-12,2011-11-25,Regular
17502,689.1,4,376.0,25,2011-11-10,2011-11-30,Regular
15361,689.07,4,373.0,10,2010-06-14,2010-12-13,Regular
18017,688.0,4,400.0,1,2010-10-04,2011-09-19,Regular
15184,685.39,4,462.0,72,2009-12-16,2011-11-10,Regular
16885,684.6,4,358.0,121,2010-11-19,2011-11-24,Regular
15669,684.34,4,342.0,31,2011-03-21,2011-10-30,Regular
14182,678.77,4,174.0,42,2010-04-22,2010-09-22,Regular
13925,678.25,4,331.0,28,2011-07-28,2011-09-08,Regular
14504,673.26,4,308.0,85,2011-03-06,2011-10-23,Regular
17962,666.96,4,633.0,146,2010-01-13,2011-07-20,Regular
13217,666.48,4,512.0,3,2010-02-22,2011-08-09,Regular
16862,662.33,4,513.0,34,2010-01-07,2010-06-10,Regular
17375,660.55,4,480.0,77,2010-10-04,2011-05-24,Regular
14452,658.95,4,285.0,108,2010-07-06,2011-11-29,Regular
13433,658.32,4,190.0,22,2010-01-12,2010-07-26,Regular
16696,657.9,4,146.0,7,2011-04-05,2011-07-27,Regular
17523,652.74,4,872.0,25,2011-11-20,2011-11-28,Regular
12844,648.6,4,223.0,88,2010-04-25,2011-11-10,Regular
15945,646.27,4,345.0,24,2009-12-01,2010-12-09,Regular
17963,643.16,4,341.0,98,2010-01-19,2010-08-25,Regular
17691,637.55,4,315.0,37,2010-06-11,2010-12-16,Regular
14283,628.44,4,550.0,36,2010-05-19,2010-09-02,Regular
17430,622.57,4,455.0,30,2010-08-17,2011-11-07,Regular
15276,619.8,4,317.0,160,2010-10-01,2011-10-04,Regular
13301,618.09,4,345.0,75,2011-02-20,2011-08-28,Regular
14455,617.72,4,706.0,65,2010-08-01,2010-10-03,Regular
17035,613.59,4,327.0,29,2009-12-03,2011-04-08,Regular
12855,612.84,4,240.0,65,2010-11-02,2010-12-02,Regular
16589,612.36,4,536.0,39,2010-09-15,2011-09-29,Regular
16080,602.56,4,298.0,29,2010-09-15,2011-09-19,Regular
14569,597.33,4,257.0,31,2010-04-15,2011-12-08,Regular
17845,596.09,4,195.0,42,2010-05-12,2010-06-02,Regular
13684,594.88,4,234.0,81,2010-03-28,2011-02-27,Regular
13558,594.52,4,338.0,123,2011-10-02,2011-12-04,Regular
14746,593.5,4,398.0,7,2010-10-12,2010-10-29,Regular
18232,592.97,4,302.0,31,2011-05-26,2011-09-19,Regular
17483,591.73,4,265.0,23,2010-10-21,2011-10-05,Regular
17968,590.44,4,352.0,106,2010-07-15,2010-12-01,Regular
15160,589.27,4,307.0,17,2010-10-14,2010-12-17,Regular
15624,588.13,4,357.0,26,2011-03-28,2011-08-15,Regular
16445,583.16,4,287.0,143,2010-10-24,2011-11-06,Regular
17557,575.46,4,310.0,28,2009-12-07,2011-11-25,Regular
14053,572.3,4,490.0,3,2010-08-10,2011-08-07,Regular
15691,571.3,4,212.0,12,2009-12-06,2011-04-01,Regular
17122,570.5,4,368.0,23,2010-07-28,2011-08-12,Regular
14273,559.97,4,264.0,22,2011-04-11,2011-10-19,Regular
18127,556.13,4,250.0,56,2010-11-01,2011-11-20,Regular
13948,548.76,4,248.0,23,2009-12-04,2010-12-14,Regular
18039,548.22,4,555.0,137,2010-03-09,2010-11-30,Regular
16475,544.3,4,319.0,23,2011-03-11,2011-09-12,Regular
13785,542.49,4,151.0,26,2010-09-05,2010-10-07,Regular
15675,542.04,4,624.0,32,2010-10-31,2011-09-19,Regular
16647,541.9,4,396.0,28,2010-06-13,2011-06-23,Regular
13207,535.86,4,178.0,10,2010-04-06,2011-11-24,Regular
16707,533.41,4,396.0,64,2010-03-09,2010-11-04,Regular
15756,528.01,4,241.0,160,2011-04-04,2011-10-09,Regular
17765,524.0,4,195.0,71,2010-09-17,2011-07-04,Regular
12956,521.89,4,340.0,42,2009-12-15,2011-02-06,Regular
14949,515.0,4,250.0,16,2009-12-18,2010-08-27,Regular
12897,514.25,4,249.0,10,2010-06-14,2011-05-19,Regular
12977,513.88,4,128.0,54,2010-07-16,2011-07-06,Regular
12361,511.25,4,235.0,18,2010-01-26,2011-02-25,Regular
13865,501.56,4,204.0,26,2011-02-23,2011-10-12,Regular
13247,501.12,4,328.0,18,2011-09-18,2011-11-22,Regular
15278,496.16,4,458.0,29,2010-02-12,2010-05-27,Regular
16977,496.0,4,142.0,25,2010-03-18,2010-11-09,Regular
18203,492.52,4,111.0,40,2009-12-08,2011-07-05,Regular
17608,488.06,4,528.0,134,2010-04-11,2011-11-06,Regular
12920,486.64,4,420.0,59,2009-12-14,2011-11-22,Regular
14322,474.1,4,158.0,10,2010-02-18,2010-10-06,Regular
13642,472.2,4,231.0,93,2010-10-03,2011-05-08,Regular
16473,470.83,4,296.0,26,2010-11-30,2011-06-28,Regular
13928,464.57,4,129.0,23,2011-07-29,2011-11-29,Regular
15958,462.12,4,154.0,50,2010-06-07,2011-09-26,Regular
16596,458.98,4,180.0,23,2009-12-10,2011-11-24,Regular
14819,456.41,4,170.0,52,2009-12-21,2011-10-06,Regular
17376,453.64,4,244.0,41,2010-07-05,2011-09-30,Regular
15124,450.82,4,462.0,30,2010-02-26,2011-11-17,Regular
13489,449.52,4,560.0,11,2011-02-18,2011-08-26,Regular
17370,446.18,4,540.0,31,2011-06-23,2011-09-28,Regular
12788,444.9,4,194.0,20,2010-06-29,2010-09-02,Regular
16519,439.06,4,150.0,32,2010-03-01,2011-11-14,Regular
14910,434.35,4,238.0,25,2011-10-16,2011-12-07,Regular
17330,423.8,4,122.0,7,2010-03-02,2011-11-17,Regular
15206,420.3,4,162.0,3,2011-03-09,2011-11-29,Regular
16816,417.06,4,274.0,28,2010-12-16,2011-08-28,Regular
15960,410.95,4,258.0,24,2010-09-30,2010-11-30,Regular
15504,402.7,4,141.0,42,2010-02-12,2011-09-19,Regular
17771,387.41,4,373.0,63,2010-04-29,2011-10-14,Regular
12889,385.46,4,124.0,25,2010-07-25,2010-11-23,Regular
17753,382.06,4,124.0,63,2010-01-06,2010-09-01,Regular
15048,381.0,4,192.0,86,2010-12-06,2011-10-05,Regular
12651,377.75,4,265.0,30,2010-08-31,2011-01-09,Regular
16544,376.7,4,150.0,8,2010-02-15,2010-07-08,Regular
13283,373.36,4,204.0,19,2010-03-09,2011-10-11,Regular
14962,366.91,4,123.0,14,2010-05-04,2011-03-14,Regular
18273,357.0,4,140.0,1,2010-04-28,2011-12-07,Regular
17200,356.71,4,367.0,25,2010-02-25,2010-11-17,Regular
12845,354.09,4,204.0,26,2011-02-22,2011-03-17,Regular
16690,353.03,4,209.0,12,2010-09-14,2011-09-28,Regular
13187,341.36,4,296.0,51,2010-03-25,2011-01-06,Regular
15512,331.58,4,235.0,29,2010-02-01,2011-07-07,Regular
17440,323.58,4,282.0,4,2010-06-08,2011-07-06,Regular
16342,322.41,4,157.0,10,2011-06-13,2011-09-25,Regular
15873,313.92,4,1152.0,3,2010-07-27,2010-07-28,Regular
17898,299.18,4,251.0,48,2010-05-21,2011-09-15,Regular
18018,297.99,4,186.0,43,2010-10-15,2011-08-23,Regular
15060,294.25,4,257.0,81,2011-11-30,2011-12-01,Regular
13080,280.73,4,193.0,17,2010-04-09,2011-06-13,Regular
17808,262.64,4,143.0,29,2010-05-07,2010-06-09,Regular
13592,247.96,4,84.0,15,2011-03-20,2011-11-04,Regular
18002,244.37,4,71.0,52,2009-12-08,2010-11-29,Regular
16112,195.74,4,574.0,15,2011-01-05,2011-07-19,Regular
14865,92.52,4,204.0,4,2009-12-01,2011-12-02,Regular
17763,86.15,4,41.0,11,2010-02-18,2011-03-21,Regular
12798,8510.93,4,8455.0,27,2010-10-14,2011-11-29,High Spend
13734,6695.69,4,302.0,24,2010-04-16,2010-07-19,High Spend
12625,5164.88,4,3309.0,144,2010-04-22,2011-05-12,High Spend
12700,4939.99,4,2967.0,193,2011-05-08,2011-12-02,High Spend
12578,4642.45,4,2380.0,149,2010-09-22,2011-11-18,High Spend
13124,4641.66,4,2738.0,216,2010-11-19,2011-09-11,High Spend
12349,4428.69,4,1624.0,138,2010-04-29,2011-11-21,High Spend
13505,4393.63,4,2486.0,182,2011-04-21,2011-09-28,High Spend
16732,4387.64,4,2414.0,199,2009-12-08,2011-11-08,High Spend
16072,4180.09,4,1580.0,414,2010-06-08,2011-02-24,High Spend
14566,4092.0,4,2400.0,9,2010-06-24,2011-08-21,High Spend
12876,4081.79,4,3047.0,117,2010-04-28,2011-10-13,High Spend
15782,4014.1,4,1844.0,51,2010-10-05,2011-11-30,High Spend
12597,3811.22,4,2236.0,184,2011-03-16,2011-11-20,High Spend
16636,3802.04,4,2186.0,62,2010-03-03,2010-09-27,High Spend
17553,3757.6,4,2288.0,2,2010-04-08,2011-08-02,High Spend
14737,3554.17,4,1071.0,28,2010-11-04,2011-12-06,High Spend
16336,3517.69,4,1473.0,64,2010-03-18,2010-10-15,High Spend
12377,3426.32,4,2105.0,129,2010-04-29,2011-01-28,High Spend
15265,3345.64,4,1570.0,179,2009-12-01,2011-07-11,High Spend
12424,3340.03,4,2025.0,78,2010-06-09,2011-06-30,High Spend
12865,3323.47,4,1973.0,156,2010-08-20,2011-11-13,High Spend
17353,3242.0,4,2168.0,7,2010-03-25,2011-08-02,High Spend
16101,3229.16,4,1844.0,153,2010-05-27,2011-09-30,High Spend
15614,3147.36,4,1632.0,73,2010-03-23,2010-09-28,High Spend
17354,3133.96,4,2531.0,85,2010-10-07,2011-10-20,High Spend
17145,3120.91,4,2591.0,168,2010-02-19,2010-07-15,High Spend
13635,2999.16,4,1884.0,135,2009-12-01,2011-10-03,High Spend
12374,2989.22,4,1362.0,79,2010-04-30,2011-11-14,High Spend
13253,2951.11,4,3015.0,73,2010-01-05,2011-07-06,High Spend
12635,2930.41,4,1949.0,159,2010-09-09,2011-09-11,High Spend
12806,2878.96,4,2087.0,58,2010-04-30,2010-09-30,High Spend
14842,2824.69,4,1166.0,128,2011-02-04,2011-10-27,High Spend
14121,2780.15,4,2082.0,148,2011-10-11,2011-12-06,High Spend
12739,2726.73,4,951.0,85,2010-11-10,2011-09-22,High Spend
12516,2648.62,4,1952.0,49,2010-04-19,2011-09-23,High Spend
13644,2624.26,4,2067.0,144,2011-08-26,2011-11-23,High Spend
14431,2614.2,4,1202.0,72,2010-01-21,2011-02-10,High Spend
15826,2598.28,4,1824.0,100,2010-05-20,2011-10-14,High Spend
16036,2556.84,4,1369.0,120,2010-03-29,2011-09-13,High Spend
13471,2501.84,4,1583.0,214,2011-10-23,2011-12-08,High Spend
17594,2497.88,4,1368.0,70,2010-04-14,2011-09-15,High Spend
13507,2479.16,4,1597.0,146,2011-07-17,2011-12-06,High Spend
13338,2445.62,4,1151.0,113,2010-01-05,2011-07-05,High Spend
12733,2424.87,4,896.0,117,2010-01-19,2011-04-19,High Spend
13878,2416.9,4,927.0,93,2010-04-14,2011-10-16,High Spend
16812,2392.0,4,1116.0,98,2010-11-22,2010-12-14,High Spend
13908,2369.55,4,1478.0,104,2011-03-08,2011-09-21,High Spend
16083,2351.42,4,1514.0,61,2010-11-16,2011-08-31,High Spend
17004,2324.36,4,1233.0,48,2010-10-11,2011-10-24,High Spend
13055,2321.11,4,1821.0,145,2010-10-06,2011-09-22,High Spend
14554,2279.49,4,1443.0,147,2011-10-18,2011-11-29,High Spend
12725,2266.76,4,1142.0,92,2010-05-04,2010-12-03,High Spend
15734,2263.3,4,516.0,36,2010-06-10,2011-08-17,High Spend
15629,2240.9,4,1518.0,39,2010-06-25,2010-09-15,Regular
16108,2235.92,4,1473.0,124,2010-03-18,2011-09-16,Regular
15476,2209.98,4,1174.0,67,2010-09-23,2010-11-24,Regular
15944,2164.24,4,859.0,25,2009-12-13,2011-03-08,Regular
16379,2157.4,4,1410.0,87,2011-09-22,2011-12-05,Regular
17272,2148.63,4,1778.0,70,2011-03-22,2011-10-28,Regular
14634,2124.46,4,1906.0,105,2010-06-16,2010-09-28,Regular
14360,2118.03,4,1139.0,104,2011-09-06,2011-11-08,Regular
16054,2111.88,4,791.0,109,2010-04-01,2011-07-17,Regular
13753,2094.57,4,1450.0,64,2009-12-03,2011-02-25,Regular
14469,2093.46,4,973.0,120,2010-01-29,2010-10-19,Regular
12586,2062.67,4,687.0,82,2009-12-16,2011-11-22,Regular
15221,2062.2,4,244.0,21,2010-03-12,2010-12-08,Regular
16176,2052.69,4,952.0,53,2010-03-29,2010-10-14,Regular
16214,2038.25,4,1308.0,84,2010-09-30,2011-06-22,Regular
14225,2031.07,4,1167.0,70,2010-01-12,2010-10-01,Regular
15384,2027.79,4,1767.0,83,2010-04-26,2011-06-23,Regular
12418,2021.2,4,1088.0,90,2010-03-19,2011-08-19,Regular
17152,2016.5,4,577.0,9,2010-10-10,2011-05-29,Regular
14301,1992.18,4,1686.0,37,2010-02-11,2011-08-14,Regular
17088,1991.01,4,868.0,96,2011-03-31,2011-11-11,Regular
16529,1986.8,4,739.0,87,2010-06-27,2011-06-02,Regular
17337,1981.06,4,1247.0,421,2011-02-02,2011-07-11,Regular
12582,1980.4,4,985.0,88,2010-05-11,2011-04-15,Regular
12674,1970.6,4,1133.0,52,2011-05-16,2011-11-01,Regular
16290,1957.7,4,957.0,85,2010-05-23,2010-09-01,Regular
15620,1942.36,4,1249.0,114,2010-10-26,2011-10-14,Regular
15425,1941.12,4,1041.0,114,2010-02-14,2010-11-04,Regular
16619,1938.33,4,1055.0,103,2010-02-22,2011-03-21,Regular
15803,1929.66,4,1030.0,48,2010-02-01,2011-10-19,Regular
12644,1918.49,4,1032.0,106,2010-01-14,2011-08-02,Regular
12842,1917.99,4,887.0,45,2009-12-02,2011-09-30,Regular
16692,1914.7,4,878.0,3,2010-09-24,2011-03-28,Regular
14130,1858.77,4,1215.0,189,2009-12-11,2011-01-24,Regular
12507,1844.06,4,1256.0,46,2010-05-04,2011-07-28,Regular
16169,1822.97,4,1325.0,71,2011-09-25,2011-12-01,Regular
17828,1820.09,4,667.0,54,2011-06-08,2011-11-17,Regular
17787,1817.54,4,896.0,94,2010-12-03,2011-07-10,Regular
17603,1788.38,4,638.0,104,2009-12-10,2011-09-22,Regular
16110,1781.59,4,880.0,343,2010-07-05,2011-10-25,Regular
18214,1780.34,4,989.0,38,2010-06-03,2010-06-27,Regular
12458,1777.49,4,986.0,71,2010-08-09,2011-09-29,Regular
13920,1774.68,4,1772.0,81,2010-05-26,2010-10-04,Regular
16124,1772.49,4,797.0,63,2009-12-07,2011-01-26,Regular
14933,1770.0,4,600.0,1,2010-09-21,2010-09-22,Regular
16639,1747.98,4,751.0,76,2010-10-26,2011-11-08,Regular
13516,1685.26,4,1114.0,55,2010-10-18,2011-11-18,Regular
13149,1676.06,4,1280.0,76,2011-02-23,2011-11-25,Regular
13587,1673.5,4,664.0,27,2010-02-14,2011-10-07,Regular
13308,1670.37,4,1073.0,65,2010-04-22,2011-11-17,Regular
16329,1664.92,4,797.0,83,2009-12-01,2010-10-08,Regular
15649,1660.35,4,365.0,8,2010-11-17,2011-01-07,Regular
12657,1643.18,4,1044.0,35,2011-09-22,2011-11-28,Regular
14420,1639.17,4,1120.0,85,2010-01-17,2011-09-01,Regular
14904,1630.49,4,2522.0,127,2010-10-08,2011-12-07,Regular
12379,1620.22,4,815.0,58,2010-06-23,2011-09-19,Regular
14336,1614.91,4,1759.0,77,2011-03-08,2011-11-23,Regular
16801,1594.23,4,493.0,72,2011-03-11,2011-06-29,Regular
16096,1584.97,4,700.0,58,2010-03-04,2011-03-20,Regular
14489,1574.93,4,1011.0,65,2010-04-06,2011-05-16,Regular
17624,1568.63,4,958.0,91,2009-12-20,2011-11-25,Regular
15466,1560.46,4,941.0,211,2009-12-03,2011-09-15,Regular
13360,1553.65,4,942.0,58,2010-01-08,2010-10-04,Regular
16366,1548.13,4,882.0,74,2009-12-16,2011-11-21,Regular
13783,1542.09,4,3437.0,4,2010-02-04,2010-08-09,Regular
15701,1529.0,4,912.0,193,2011-08-21,2011-12-07,Regular
12926,1523.97,4,754.0,202,2009-12-14,2010-10-24,Regular
14068,1516.72,4,510.0,93,2010-01-31,2011-01-23,Regular
14220,1515.0,4,468.0,26,2010-05-19,2011-04-06,Regular
15261,1508.0,4,806.0,87,2010-10-01,2011-07-27,Regular
16714,1497.33,4,828.0,95,2010-02-07,2011-05-05,Regular
13500,1466.3,4,838.0,77,2010-11-03,2011-11-16,Regular
18196,1457.19,4,1038.0,210,2010-03-17,2011-09-05,Regular
15071,1455.56,4,416.0,41,2010-05-18,2011-09-07,Regular
17073,1446.09,4,759.0,142,2011-08-22,2011-11-22,Regular
15636,1444.58,4,560.0,39,2010-05-19,2011-09-11,Regular
17175,1443.69,4,866.0,42,2011-02-16,2011-10-26,Regular
13278,1435.85,4,1358.0,80,2010-04-08,2011-10-30,Regular
12805,1434.95,4,593.0,44,2010-02-03,2010-11-23,Regular
17941,1433.28,4,1108.0,5,2010-01-06,2011-08-01,Regular
13475,1431.78,4,1012.0,64,2011-02-14,2011-06-01,Regular
13159,1429.35,4,1058.0,114,2011-08-16,2011-12-01,Regular
16463,1422.4,4,1163.0,74,2011-05-19,2011-11-18,Regular
15799,1421.34,4,1341.0,143,2010-10-17,2011-09-25,Regular
17856,1418.03,4,842.0,12,2011-03-03,2011-12-08,Regular
17496,1412.89,4,675.0,54,2010-01-14,2010-12-16,Regular
15237,1412.32,4,1071.0,94,2011-04-26,2011-12-08,Regular
16848,1411.62,4,780.0,75,2010-10-03,2011-10-18,Regular
13049,1408.24,4,620.0,19,2010-11-03,2011-10-06,Regular
12952,1387.79,4,653.0,64,2011-09-22,2011-12-04,Regular
16389,1382.07,4,1242.0,33,2011-03-01,2011-10-17,Regular
13074,1378.74,4,826.0,26,2009-12-16,2010-07-16,Regular
16727,1377.77,4,1066.0,158,2010-01-20,2010-12-10,Regular
14265,1373.35,4,715.0,74,2010-04-06,2011-08-22,Regular
16588,1361.28,4,882.0,64,2010-05-14,2010-11-18,Regular
13919,1360.68,4,1133.0,65,2010-06-17,2011-10-11,Regular
16384,1358.95,4,861.0,80,2010-04-28,2011-09-11,Regular
15116,1352.75,4,648.0,37,2011-05-19,2011-11-22,Regular
15411,1348.93,4,529.0,86,2011-06-10,2011-11-13,Regular
14550,1345.06,4,771.0,77,2010-08-13,2011-11-29,Regular
12463,1344.78,4,776.0,65,2011-04-12,2011-10-17,Regular
18085,1341.85,4,507.0,42,2010-03-21,2011-01-13,Regular
17951,1340.58,4,780.0,24,2010-10-31,2011-10-31,Regular
17033,1332.79,4,871.0,33,2010-11-07,2011-09-14,Regular
16295,1328.55,4,841.0,70,2011-10-06,2011-11-30,Regular
14712,1328.07,4,411.0,24,2010-10-17,2011-11-10,Regular
12960,1322.07,4,1379.0,49,2010-02-16,2010-10-22,Regular
14591,1320.21,4,1228.0,138,2011-05-10,2011-11-24,Regular
16296,1313.67,4,645.0,56,2009-12-18,2010-03-23,Regular
13282,1313.19,4,410.0,42,2010-10-29,2011-11-21,Regular
12364,1313.1,4,1506.0,70,2011-08-19,2011-12-02,Regular
13855,1310.34,4,575.0,64,2009-12-08,2010-07-27,Regular
13846,1307.79,4,705.0,81,2010-11-05,2011-11-15,Regular
14297,1305.33,4,865.0,48,2011-03-10,2011-11-22,Regular
16370,1301.91,4,640.0,143,2011-04-28,2011-09-18,Regular
15108,1300.25,4,499.0,50,2011-04-26,2011-07-21,Regular
14480,1299.52,4,670.0,52,2009-12-21,2011-11-28,Regular
16212,1293.71,4,571.0,71,2010-02-07,2011-11-20,Regular
15621,1293.03,4,501.0,11,2011-11-18,2011-12-05,Regular
15136,1286.7,4,776.0,61,2011-09-04,2011-12-07,Regular
14478,1276.66,4,1226.0,59,2009-12-01,2010-11-22,Regular
13916,1275.81,4,673.0,72,2010-02-02,2010-09-02,Regular
17142,1275.25,4,322.0,78,2010-01-24,2011-04-14,Regular
15439,1269.05,4,572.0,49,2010-02-24,2010-10-31,Regular
14379,1265.16,4,712.0,93,2010-08-16,2011-10-26,Regular
14427,1263.52,4,538.0,43,2010-03-18,2011-10-20,Regular
16688,1260.86,4,804.0,52,2011-10-10,2011-12-08,Regular
17481,1255.59,4,1061.0,69,2011-09-07,2011-12-06,Regular
17862,1254.89,4,440.0,90,2010-05-25,2011-01-20,Regular
15064,1254.41,4,810.0,75,2009-12-22,2010-10-25,Regular
15664,1254.03,4,530.0,54,2010-02-28,2011-10-20,Regular
14725,1252.74,4,1335.0,85,2010-06-23,2011-11-15,Regular
14020,1249.01,4,648.0,63,2010-06-28,2011-11-23,Regular
13863,1239.55,4,553.0,59,2010-04-25,2011-04-06,Regular
14231,1235.62,4,610.0,66,2010-09-15,2011-06-09,Regular
13201,1233.06,4,1036.0,65,2010-03-07,2010-07-25,Regular
12605,1232.95,4,929.0,63,2010-09-07,2010-11-28,Regular
16159,1232.79,4,635.0,31,2009-12-03,2011-03-03,Regular
16723,1231.36,4,958.0,108,2009-12-04,2011-09-09,Regular
17342,1227.54,4,521.0,31,2010-02-08,2010-11-25,Regular
13402,1226.85,4,917.0,55,2010-05-24,2011-08-04,Regular
13304,1217.99,4,716.0,59,2010-02-08,2010-12-23,Regular
15377,1211.75,4,253.0,15,2010-10-20,2010-11-22,Regular
17653,1207.56,4,1409.0,44,2011-08-11,2011-11-03,Regular
16830,1207.5,4,699.0,65,2009-12-13,2011-11-01,Regular
15600,1199.31,4,657.0,55,2010-04-25,2010-10-07,Regular
17713,1198.09,4,989.0,55,2010-06-09,2010-11-22,Regular
15145,1194.73,4,756.0,54,2011-04-05,2011-12-05,Regular
13976,1192.36,4,452.0,49,2010-02-09,2011-05-17,Regular
16471,1189.98,4,670.0,48,2010-02-25,2011-03-10,Regular
17239,1189.45,4,515.0,18,2010-07-01,2011-01-31,Regular
15259,1182.38,4,631.0,50,2010-01-26,2010-07-15,Regular
17539,1176.84,4,708.0,132,2009-12-13,2010-04-01,Regular
13233,1176.46,4,1604.0,74,2010-01-14,2011-09-26,Regular
15068,1174.9,4,832.0,178,2010-03-28,2011-10-24,Regular
14126,1172.46,4,887.0,37,2010-09-21,2011-12-02,Regular
17664,1166.23,4,1058.0,68,2010-03-29,2011-11-21,Regular
15347,1162.0,4,542.0,29,2010-09-28,2010-12-08,Regular
12972,1161.2,4,844.0,69,2010-02-16,2010-10-22,Regular
13601,1159.99,4,957.0,160,2010-06-11,2011-10-25,Regular
17978,1159.99,4,1297.0,62,2009-12-08,2010-12-09,Regular
16838,1159.61,4,509.0,53,2010-02-14,2011-05-26,Regular
16637,1154.47,4,927.0,66,2011-04-28,2011-11-07,Regular
14475,1151.15,4,541.0,40,2010-10-27,2011-09-29,Regular
17201,1143.1,4,1004.0,154,2010-02-10,2011-10-17,Regular
15879,1137.8,4,639.0,171,2009-12-17,2010-10-31,Regular
18125,1131.75,4,800.0,164,2011-01-27,2011-11-10,Regular
15500,1131.56,4,572.0,64,2011-09-19,2011-12-01,Regular
13393,1131.45,4,662.0,53,2009-12-07,2010-05-05,Regular
15695,1131.04,4,484.0,55,2010-01-27,2011-03-18,Regular
14479,1124.71,4,562.0,127,2009-12-06,2011-03-31,Regular
13778,1124.49,4,511.0,33,2010-05-23,2011-08-28,Regular
18218,1121.84,4,1028.0,25,2010-02-17,2011-05-12,Regular
13368,1121.5,4,606.0,45,2010-10-12,2011-03-28,Regular
16769,1117.05,4,295.0,76,2009-12-14,2011-03-24,Regular
14672,1113.14,4,646.0,93,2010-01-28,2011-04-19,Regular
12679,1113.02,4,554.0,43,2011-03-01,2011-10-12,Regular
12648,1112.0,4,518.0,38,2010-01-07,2011-07-08,Regular
16702,1110.83,4,692.0,84,2009-12-07,2010-10-20,Regular
14891,1106.73,4,788.0,55,2010-09-29,2011-07-14,Regular
13295,1101.97,4,733.0,56,2010-05-12,2010-12-15,Regular
17703,1094.84,4,897.0,63,2010-10-17,2011-11-04,Regular
15745,1094.59,4,421.0,57,2011-04-17,2011-11-20,Regular
14199,1091.7,4,254.0,15,2010-06-27,2011-05-05,Regular
14139,1086.8,4,1049.0,48,2010-06-15,2011-10-24,Regular
14343,1079.66,4,626.0,193,2010-01-18,2010-10-14,Regular
13567,1079.29,4,643.0,180,2010-06-16,2010-10-07,Regular
14352,1078.96,4,538.0,44,2011-03-11,2011-07-05,Regular
13656,1078.85,4,862.0,81,2010-04-23,2011-06-28,Regular
16183,1077.81,4,351.0,32,2010-10-28,2011-10-03,Regular
16071,1076.8,4,697.0,62,2010-02-22,2011-10-26,Regular
16231,1074.47,4,563.0,69,2010-04-21,2010-11-25,Regular
14484,1070.98,4,744.0,47,2009-12-17,2011-10-20,Regular
16884,1070.97,4,520.0,64,2010-05-18,2011-11-02,Regular
12936,1063.9,4,559.0,56,2011-09-22,2011-11-22,Regular
15706,1060.56,4,321.0,50,2011-08-15,2011-10-07,Regular
14734,1056.42,4,378.0,48,2010-06-06,2010-10-10,Regular
15886,1052.87,4,667.0,58,2010-04-20,2011-10-10,Regular
16391,1052.26,4,715.0,261,2010-05-27,2010-11-04,Regular
16728,1048.28,4,671.0,218,2011-03-20,2011-10-24,Regular
15407,1046.74,4,552.0,142,2011-02-07,2011-11-06,Regular
14108,1044.96,4,660.0,49,2009-12-01,2011-11-09,Regular
13000,1032.5,4,548.0,57,2009-12-14,2011-08-25,Regular
13602,1025.17,4,538.0,49,2010-05-28,2011-10-06,Regular
14204,1024.83,4,469.0,186,2009-12-02,2011-12-07,Regular
16787,1017.53,4,472.0,102,2010-01-10,2010-11-07,Regular
16623,1015.24,4,442.0,44,2010-04-26,2011-04-08,Regular
17980,1012.72,4,771.0,41,2010-11-11,2011-06-27,Regular
13039,1010.73,4,290.0,37,2009-12-17,2010-05-04,Regular
13429,1006.8,4,1390.0,55,2011-09-25,2011-11-29,Regular
12703,1006.53,4,595.0,56,2010-01-24,2011-09-29,Regular
13005,999.68,4,462.0,41,2010-09-08,2011-06-19,Regular
12413,999.45,4,319.0,41,2010-11-02,2011-10-04,Regular
12722,997.63,4,566.0,50,2011-07-12,2011-09-15,Regular
17237,994.13,4,414.0,76,2010-11-23,2011-11-28,Regular
16130,987.48,4,296.0,53,2010-04-01,2010-10-13,Regular
15406,975.87,4,547.0,108,2010-09-12,2011-11-08,Regular
12915,975.1,4,411.0,46,2010-04-29,2011-07-14,Regular
16009,972.11,4,366.0,68,2011-07-03,2011-11-17,Regular
14953,971.32,4,1014.0,202,2010-09-30,2011-11-14,Regular
18006,969.51,4,395.0,57,2009-12-17,2011-11-16,Regular
16518,959.37,4,524.0,61,2010-06-01,2011-10-09,Regular
12588,958.78,4,438.0,31,2010-04-21,2011-10-31,Regular
15835,954.09,4,439.0,47,2011-01-13,2011-10-26,Regular
16136,946.8,4,674.0,44,2010-02-14,2011-10-11,Regular
16146,946.38,4,544.0,34,2010-09-17,2011-07-05,Regular
18217,945.04,4,740.0,33,2010-07-01,2011-11-10,Regular
17527,939.37,4,488.0,45,2011-05-05,2011-10-17,Regular
16661,932.76,4,364.0,50,2009-12-17,2010-06-17,Regular
15723,930.7,4,427.0,108,2010-05-14,2010-12-10,Regular
17472,922.35,4,551.0,183,2010-03-21,2011-06-01,Regular
14605,921.56,4,416.0,88,2009-12-08,2010-11-30,Regular
14272,920.81,4,1097.0,62,2010-05-06,2011-09-27,Regular
15707,916.98,4,594.0,126,2011-09-14,2011-11-04,Regular
14141,915.13,4,355.0,27,2011-08-26,2011-12-07,Regular
14549,913.6,4,394.0,117,2009-12-02,2011-02-01,Regular
14133,911.14,4,398.0,33,2009-12-06,2011-08-02,Regular
14714,906.24,4,642.0,64,2010-01-21,2011-11-15,Regular
17746,904.18,4,688.0,32,2010-04-08,2011-04-13,Regular
16916,902.02,4,649.0,180,2010-10-20,2011-11-16,Regular
16361,891.21,4,418.0,87,2011-09-29,2011-11-30,Regular
15525,890.22,4,527.0,152,2010-11-22,2011-12-07,Regular
14813,888.91,4,392.0,110,2010-04-08,2010-12-05,Regular
15900,886.57,4,656.0,100,2010-05-26,2011-11-16,Regular
17708,884.18,4,387.0,57,2010-10-12,2011-06-05,Regular
12680,880.81,4,444.0,33,2011-08-18,2011-12-09,Regular
16513,874.59,4,407.0,33,2011-10-27,2011-12-05,Regular
16657,874.43,4,1130.0,158,2011-03-30,2011-11-30,Regular
13200,870.09,4,516.0,42,2011-08-05,2011-11-20,Regular
16357,868.37,4,389.0,43,2010-11-23,2011-11-06,Regular
12787,862.18,4,510.0,30,2010-10-22,2011-11-30,Regular
15870,857.46,4,504.0,127,2010-09-19,2011-11-07,Regular
13479,851.37,4,716.0,45,2010-08-19,2011-05-23,Regular
16454,30.95,4,9.0,4,2010-04-07,2011-10-26,Regular
16846,842.41,3,517.0,47,2010-03-10,2011-10-20,Regular
16798,841.16,3,205.0,141,2009-12-10,2010-06-03,Regular
13169,840.08,3,296.0,16,2010-05-26,2011-10-07,Regular
14355,840.05,3,617.0,57,2010-03-22,2010-12-09,Regular
18247,839.73,3,335.0,28,2010-03-18,2010-10-21,Regular
16863,834.27,3,640.0,43,2010-10-26,2011-11-08,Regular
15766,831.06,3,334.0,21,2010-01-26,2011-10-06,Regular
16924,829.89,3,467.0,69,2011-09-16,2011-11-18,Regular
14087,829.47,3,718.0,175,2009-12-04,2011-12-07,Regular
14851,829.41,3,631.0,38,2010-03-19,2011-11-16,Regular
15617,828.55,3,485.0,41,2010-07-20,2010-11-08,Regular
12427,825.8,3,533.0,26,2010-12-03,2011-11-18,Regular
17880,824.92,3,466.0,43,2009-12-09,2010-12-10,Regular
13513,824.59,3,364.0,32,2010-02-22,2011-08-05,Regular
14260,824.28,3,544.0,50,2010-06-09,2010-08-25,Regular
16164,822.48,3,433.0,27,2011-10-28,2011-11-22,Regular
16680,821.45,3,377.0,24,2010-06-23,2011-10-27,Regular
15314,820.45,3,750.0,49,2010-10-07,2011-05-24,Regular
17683,819.01,3,781.0,41,2010-06-03,2010-11-19,Regular
14890,817.25,3,636.0,55,2010-02-18,2011-03-31,Regular
15180,816.93,3,654.0,46,2010-04-29,2010-12-07,Regular
14872,816.6,3,662.0,34,2010-03-16,2010-08-13,Regular
15399,815.77,3,611.0,45,2011-09-21,2011-12-08,Regular
14556,815.69,3,323.0,158,2010-01-20,2010-04-22,Regular
13811,814.5,3,68.0,7,2011-04-14,2011-06-09,Regular
17194,812.5,3,420.0,57,2010-06-27,2011-03-11,Regular
16460,811.23,3,876.0,128,2011-09-19,2011-11-11,Regular
13045,808.92,3,405.0,41,2010-08-10,2011-09-01,Regular
15533,807.57,3,289.0,73,2011-09-11,2011-11-20,Regular
17495,806.72,3,367.0,38,2010-11-14,2011-12-02,Regular
13637,804.3,3,405.0,79,2011-04-27,2011-10-18,Regular
17023,800.18,3,530.0,48,2010-01-11,2010-10-18,Regular
17251,798.98,3,377.0,65,2009-12-15,2010-12-12,Regular
13389,797.96,3,429.0,50,2011-04-21,2011-11-28,Regular
18084,795.23,3,755.0,7,2010-11-16,2011-11-23,Regular
15831,794.64,3,1092.0,63,2011-01-19,2011-10-12,Regular
16961,794.56,3,482.0,52,2010-06-25,2011-08-15,Regular
17212,794.41,3,727.0,29,2010-08-10,2011-03-31,Regular
13484,790.72,3,224.0,38,2010-03-10,2011-04-12,Regular
13016,789.89,3,527.0,39,2011-08-08,2011-09-27,Regular
16759,789.79,3,609.0,40,2011-11-09,2011-12-02,Regular
16468,787.52,3,371.0,38,2010-08-15,2011-09-26,Regular
13212,786.83,3,309.0,128,2011-10-09,2011-11-20,Regular
12628,786.46,3,448.0,34,2011-10-06,2011-12-05,Regular
15806,784.58,3,602.0,24,2011-03-08,2011-10-24,Regular
13595,784.48,3,341.0,114,2010-03-03,2010-07-11,Regular
13453,781.69,3,341.0,33,2010-11-02,2011-06-27,Regular
13287,781.59,3,429.0,46,2010-01-04,2010-04-15,Regular
15246,780.4,3,359.0,45,2010-06-02,2011-04-15,Regular
13781,778.83,3,300.0,56,2009-12-18,2011-04-03,Regular
15092,776.46,3,230.0,39,2010-09-03,2011-05-08,Regular
13314,775.94,3,560.0,55,2011-09-27,2011-12-08,Regular
15414,774.9,3,443.0,37,2011-04-11,2011-11-30,Regular
18058,774.06,3,394.0,12,2010-02-10,2011-11-30,Regular
12923,770.42,3,230.0,54,2010-05-13,2011-10-06,Regular
17801,770.03,3,820.0,66,2010-01-17,2010-09-14,Regular
16978,768.88,3,285.0,65,2010-02-11,2011-09-23,Regular
15331,767.91,3,701.0,41,2010-04-09,2010-07-28,Regular
12991,764.82,3,483.0,45,2010-11-15,2011-11-16,Regular
18246,758.82,3,214.0,3,2010-04-09,2011-11-16,Regular
16720,758.74,3,460.0,130,2009-12-17,2011-11-13,Regular
15568,758.29,3,461.0,27,2011-09-27,2011-12-07,Regular
13034,756.82,3,406.0,42,2010-11-03,2011-10-16,Regular
16392,756.7,3,604.0,125,2010-05-27,2011-03-15,Regular
18034,754.2,3,951.0,182,2010-11-29,2011-11-18,Regular
14048,748.69,3,467.0,126,2010-11-22,2011-02-07,Regular
14228,745.5,3,260.0,38,2010-06-11,2010-09-28,Regular
12871,744.02,3,484.0,13,2010-09-26,2011-09-16,Regular
16730,743.11,3,994.0,75,2011-01-24,2011-10-18,Regular
14302,742.9,3,298.0,25,2009-12-02,2010-10-05,Regular
13713,740.76,3,284.0,70,2010-05-05,2010-10-27,Regular
15988,738.89,3,476.0,114,2010-02-21,2011-11-20,Regular
15070,737.05,3,339.0,26,2009-12-15,2010-12-02,Regular
17461,735.82,3,770.0,104,2011-11-10,2011-11-17,Regular
13780,732.07,3,479.0,90,2010-10-28,2011-12-02,Regular
13452,729.8,3,6.0,2,2010-08-24,2011-03-25,Regular
12925,729.33,3,649.0,46,2010-04-26,2011-12-05,Regular
17756,728.75,3,399.0,54,2010-11-10,2010-11-29,Regular
17374,727.11,3,155.0,34,2010-11-09,2011-05-05,Regular
16447,727.1,3,315.0,59,2010-02-17,2011-07-27,Regular
13729,724.73,3,419.0,36,2010-01-24,2010-09-30,Regular
16023,719.81,3,358.0,90,2011-03-18,2011-10-24,Regular
12492,715.21,3,444.0,38,2010-11-01,2011-10-07,Regular
14470,712.04,3,282.0,56,2010-10-05,2011-11-28,Regular
13103,709.64,3,426.0,27,2010-05-11,2011-10-31,Regular
13057,709.59,3,456.0,34,2010-03-18,2010-06-27,Regular
16882,705.12,3,424.0,39,2011-01-26,2011-10-04,Regular
16015,704.55,3,907.0,146,2011-10-21,2011-12-06,Regular
16997,702.0,3,360.0,7,2011-01-18,2011-02-24,Regular
16415,696.76,3,508.0,120,2010-02-01,2011-10-26,Regular
15053,693.95,3,984.0,49,2011-03-03,2011-12-05,Regular
17198,692.22,3,357.0,89,2010-12-03,2011-11-16,Regular
12817,690.98,3,219.0,16,2010-10-01,2011-03-03,Regular
14880,690.59,3,365.0,45,2011-02-24,2011-09-23,Regular
16824,686.24,3,390.0,34,2010-11-11,2011-11-24,Regular
13585,684.54,3,1386.0,29,2009-12-01,2010-06-27,Regular
15207,683.92,3,428.0,19,2010-06-10,2010-10-19,Regular
15582,682.91,3,453.0,39,2011-05-03,2011-11-15,Regular
15973,680.62,3,195.0,8,2010-10-06,2010-12-08,Regular
13809,679.7,3,281.0,23,2010-09-05,2011-02-07,Regular
13255,678.76,3,407.0,26,2010-07-15,2011-11-30,Regular
16601,677.0,3,391.0,60,2010-03-26,2011-10-30,Regular
12942,675.6,3,198.0,68,2010-12-09,2011-07-31,Regular
13951,674.45,3,459.0,38,2011-02-18,2011-06-16,Regular
16648,672.8,3,503.0,37,2010-04-28,2011-10-28,Regular
17011,671.7,3,792.0,27,2010-02-26,2011-11-09,Regular
15562,671.43,3,560.0,32,2009-12-13,2010-12-23,Regular
17418,670.06,3,521.0,40,2010-11-17,2011-10-28,Regular
13741,668.43,3,218.0,34,2011-05-06,2011-09-29,Regular
18123,666.64,3,616.0,53,2010-07-14,2011-11-15,Regular
15643,664.0,3,246.0,31,2011-03-02,2011-06-01,Regular
14720,663.81,3,219.0,34,2011-08-05,2011-12-04,Regular
16679,663.31,3,247.0,15,2010-06-10,2010-12-08,Regular
14425,661.39,3,325.0,35,2009-12-02,2010-10-01,Regular
16887,658.17,3,423.0,94,2009-12-01,2011-11-04,Regular
16157,656.69,3,347.0,12,2011-09-28,2011-11-24,Regular
14558,655.5,3,162.0,13,2009-12-08,2010-02-23,Regular
16117,654.4,3,321.0,64,2010-04-27,2011-06-03,Regular
17398,653.38,3,310.0,30,2011-03-29,2011-08-17,Regular
13820,652.75,3,285.0,68,2010-01-28,2010-10-17,Regular
16969,650.41,3,816.0,42,2011-06-01,2011-10-31,Regular
17779,650.32,3,396.0,73,2011-07-19,2011-11-18,Regular
14034,648.89,3,420.0,82,2011-07-05,2011-11-17,Regular
16495,648.26,3,328.0,78,2011-03-08,2011-12-06,Regular
17777,647.56,3,501.0,141,2011-08-31,2011-11-15,Regular
16734,646.76,3,345.0,44,2011-08-17,2011-10-18,Regular
13474,646.59,3,318.0,116,2010-08-01,2011-04-17,Regular
15012,646.26,3,383.0,165,2010-05-12,2011-10-17,Regular
14024,645.74,3,238.0,33,2010-11-14,2011-08-10,Regular
17380,645.0,3,252.0,5,2010-06-23,2010-10-01,Regular
16185,644.72,3,321.0,39,2010-05-24,2011-11-23,Regular
17312,644.3,3,372.0,11,2011-07-03,2011-07-24,Regular
15297,641.94,3,292.0,30,2011-10-07,2011-11-29,Regular
13318,640.76,3,304.0,14,2011-11-02,2011-12-08,Regular
15183,639.93,3,297.0,33,2010-05-04,2010-06-10,Regular
12734,639.65,3,265.0,17,2010-11-12,2010-12-22,Regular
17998,639.24,3,561.0,57,2009-12-01,2010-11-24,Regular
16428,638.49,3,575.0,121,2010-07-30,2010-10-22,Regular
17334,635.15,3,566.0,20,2010-10-29,2011-02-10,Regular
14219,633.83,3,363.0,39,2010-08-03,2011-12-05,Regular
13540,632.39,3,189.0,26,2010-02-22,2010-08-29,Regular
16399,630.22,3,452.0,97,2010-11-15,2011-11-20,Regular
17134,625.3,3,144.0,31,2010-09-23,2011-08-25,Regular
16431,623.28,3,442.0,51,2011-02-15,2011-05-10,Regular
16368,621.44,3,307.0,74,2010-09-30,2011-12-07,Regular
16343,614.12,3,345.0,54,2010-10-28,2011-11-23,Regular
14570,613.75,3,431.0,64,2010-09-22,2011-03-04,Regular
13008,612.13,3,379.0,31,2009-12-16,2011-01-20,Regular
15748,609.81,3,261.0,34,2010-09-16,2011-10-30,Regular
17325,609.57,3,465.0,39,2010-03-08,2011-03-04,Regular
15424,597.78,3,873.0,33,2010-09-02,2011-03-30,Regular
16780,596.4,3,352.0,73,2010-10-28,2011-08-31,Regular
15346,596.12,3,260.0,36,2010-10-04,2011-01-11,Regular
17209,595.7,3,723.0,36,2009-12-03,2010-02-28,Regular
17098,591.07,3,125.0,10,2010-06-17,2010-11-23,Regular
15191,588.05,3,287.0,33,2010-01-20,2010-09-02,Regular
14729,586.24,3,372.0,126,2010-03-24,2010-12-01,Regular
17392,585.92,3,450.0,66,2010-09-15,2011-02-06,Regular
12800,584.25,3,284.0,31,2010-02-01,2010-08-26,Regular
17014,583.43,3,243.0,63,2011-10-04,2011-12-01,Regular
14670,583.33,3,423.0,159,2009-12-07,2011-03-04,Regular
15918,582.88,3,240.0,49,2010-03-18,2011-06-02,Regular
14529,578.61,3,325.0,177,2011-08-21,2011-10-10,Regular
18262,577.54,3,552.0,40,2010-04-16,2011-07-22,Regular
13262,573.45,3,247.0,48,2010-04-18,2011-03-21,Regular
12879,573.22,3,370.0,7,2011-09-09,2011-10-26,Regular
13379,572.56,3,601.0,85,2011-07-26,2011-11-13,Regular
18053,571.07,3,409.0,29,2010-06-30,2011-09-30,Regular
13190,570.66,3,308.0,16,2009-12-07,2010-06-13,Regular
14170,570.18,3,270.0,123,2010-11-09,2010-11-29,Regular
13998,566.7,3,204.0,30,2010-05-12,2010-09-19,Regular
18150,566.58,3,332.0,29,2011-05-22,2011-11-07,Regular
16250,565.24,3,268.0,29,2010-11-18,2011-03-23,Regular
13894,564.62,3,354.0,25,2011-02-02,2011-11-16,Regular
15344,563.94,3,116.0,21,2011-09-26,2011-12-09,Regular
17233,560.86,3,298.0,56,2009-12-15,2011-11-04,Regular
17223,558.04,3,155.0,62,2010-11-29,2011-02-02,Regular
14592,557.94,3,407.0,132,2011-10-06,2011-11-04,Regular
15055,549.12,3,225.0,77,2009-12-16,2010-08-22,Regular
17295,547.0,3,293.0,53,2011-10-06,2011-11-11,Regular
13955,544.07,3,272.0,82,2010-11-29,2011-07-08,Regular
14716,543.28,3,643.0,85,2010-09-21,2011-10-27,Regular
16927,543.05,3,993.0,5,2010-12-13,2011-08-16,Regular
15959,542.89,3,269.0,58,2010-01-26,2010-01-26,Regular
16060,541.95,3,243.0,22,2010-08-02,2010-11-04,Regular
17524,539.14,3,362.0,37,2010-09-27,2010-12-13,Regular
13812,539.0,3,333.0,33,2011-08-26,2011-10-28,Regular
16804,536.99,3,246.0,59,2011-03-14,2011-11-16,Regular
15659,532.49,3,161.0,14,2010-02-24,2011-10-27,Regular
16706,531.35,3,249.0,108,2011-08-17,2011-11-02,Regular
16935,530.86,3,273.0,55,2010-10-14,2010-11-23,Regular
18043,529.29,3,265.0,106,2010-12-08,2011-11-15,Regular
17999,528.46,3,286.0,125,2010-11-26,2011-11-02,Regular
16406,528.36,3,257.0,135,2010-02-24,2011-11-21,Regular
16421,526.27,3,123.0,35,2010-08-27,2010-11-28,Regular
15467,524.88,3,310.0,41,2011-07-10,2011-11-30,Regular
15689,521.03,3,207.0,20,2010-04-01,2011-08-12,Regular
13710,509.52,3,336.0,13,2010-04-06,2011-11-08,Regular
13067,508.51,3,131.0,24,2010-09-19,2011-09-18,Regular
14552,507.93,3,258.0,124,2010-04-26,2011-07-11,Regular
17384,507.55,3,121.0,15,2010-08-29,2011-11-20,Regular
17110,499.9,3,136.0,38,2010-04-08,2011-06-27,Regular
16488,498.8,3,728.0,28,2011-07-14,2011-11-06,Regular
17680,497.45,3,155.0,20,2010-07-16,2011-11-16,Regular
17923,497.0,3,140.0,2,2010-06-13,2011-03-02,Regular
15018,496.21,3,189.0,30,2010-12-07,2011-11-01,Regular
17995,495.48,3,263.0,28,2010-11-17,2011-03-03,Regular
14722,489.52,3,214.0,72,2010-08-10,2011-07-15,Regular
16024,483.99,3,504.0,78,2010-10-24,2011-11-27,Regular
17996,482.33,3,587.0,63,2010-06-11,2010-11-25,Regular
13428,478.54,3,356.0,122,2010-07-13,2011-11-29,Regular
15589,478.53,3,243.0,28,2011-02-02,2011-03-29,Regular
15780,475.28,3,220.0,26,2010-12-17,2011-06-09,Regular
16038,471.78,3,244.0,24,2011-05-22,2011-12-02,Regular
17254,469.48,3,397.0,129,2010-11-03,2011-12-05,Regular
13171,468.41,3,229.0,37,2011-02-13,2011-11-18,Regular
16390,467.5,3,122.0,16,2010-01-29,2010-06-21,Regular
14727,463.73,3,458.0,43,2010-06-11,2011-03-10,Regular
13957,458.25,3,157.0,21,2010-02-19,2010-10-18,Regular
12999,455.88,3,342.0,25,2011-04-08,2011-05-27,Regular
17067,454.54,3,322.0,8,2009-12-08,2009-12-15,Regular
17564,454.01,3,146.0,38,2011-09-20,2011-11-15,Regular
12831,451.11,3,303.0,16,2010-09-02,2011-03-22,Regular
13150,449.97,3,171.0,7,2010-03-19,2010-08-12,Regular
14784,449.93,3,363.0,25,2010-11-15,2011-11-13,Regular
13877,449.68,3,478.0,23,2010-01-19,2011-09-14,Regular
14761,447.92,3,206.0,21,2010-09-21,2011-10-12,Regular
13754,447.05,3,315.0,16,2010-09-28,2011-07-11,Regular
18270,444.55,3,209.0,17,2010-10-03,2011-11-01,Regular
17807,437.87,3,262.0,88,2010-01-04,2010-11-09,Regular
15323,434.6,3,188.0,29,2010-02-16,2010-05-26,Regular
14238,434.23,3,189.0,13,2009-12-05,2011-01-17,Regular
16888,434.2,3,145.0,44,2010-01-07,2010-11-04,Regular
16939,433.85,3,229.0,38,2010-02-28,2010-08-08,Regular
12827,430.15,3,197.0,19,2011-10-26,2011-12-04,Regular
15036,429.56,3,316.0,107,2011-06-13,2011-09-28,Regular
15888,429.16,3,139.0,33,2010-07-01,2011-09-20,Regular
16913,423.91,3,229.0,18,2010-02-26,2011-02-22,Regular
16149,422.22,3,598.0,30,2010-10-06,2011-12-05,Regular
13807,422.2,3,116.0,24,2009-12-04,2010-12-07,Regular
16773,421.24,3,252.0,53,2009-12-06,2011-10-13,Regular
13672,419.92,3,138.0,13,2009-12-09,2011-02-11,Regular
13442,419.87,3,115.0,33,2009-12-01,2010-02-10,Regular
15262,418.82,3,218.0,22,2010-08-08,2011-01-20,Regular
12593,418.1,3,206.0,14,2011-05-05,2011-08-23,Regular
13565,414.8,3,260.0,45,2010-10-24,2011-11-20,Regular
13002,414.13,3,201.0,19,2010-10-01,2011-01-25,Regular
13669,413.55,3,393.0,13,2010-10-28,2011-10-20,Regular
16932,412.55,3,217.0,116,2010-05-17,2011-10-17,Regular
13827,409.8,3,138.0,83,2011-07-19,2011-10-13,Regular
16921,409.21,3,275.0,78,2010-04-18,2011-10-09,Regular
13686,409.04,3,378.0,27,2010-11-03,2011-06-10,Regular
16324,408.59,3,270.0,100,2011-06-15,2011-08-03,Regular
12498,403.7,3,159.0,21,2011-10-13,2011-11-18,Regular
17785,403.38,3,227.0,48,2010-05-23,2011-10-17,Regular
14494,401.46,3,210.0,17,2009-12-08,2011-11-14,Regular
15446,399.75,3,265.0,90,2009-12-13,2010-11-28,Regular
17830,398.7,3,92.0,18,2011-02-24,2011-12-08,Regular
15280,397.52,3,507.0,48,2010-05-17,2011-06-20,Regular
17918,396.39,3,352.0,34,2010-07-22,2010-07-27,Regular
13083,395.43,3,307.0,19,2010-10-10,2011-12-05,Regular
16538,395.07,3,254.0,35,2010-04-23,2010-06-16,Regular
18048,394.93,3,256.0,56,2010-08-03,2011-05-20,Regular
17286,389.18,3,368.0,89,2010-11-04,2011-11-18,Regular
14779,386.15,3,84.0,40,2011-01-20,2011-03-04,Regular
13584,385.7,3,360.0,74,2010-02-02,2011-02-06,Regular
12829,385.3,3,550.0,17,2010-06-07,2011-01-07,Regular
16868,384.56,3,112.0,47,2010-04-25,2010-11-10,Regular
13792,383.95,3,156.0,23,2010-10-13,2011-10-04,Regular
17804,383.78,3,194.0,82,2009-12-01,2010-11-28,Regular
15440,383.68,3,197.0,50,2011-05-15,2011-10-16,Regular
12547,383.58,3,309.0,13,2010-07-27,2011-05-26,Regular
17573,380.6,3,308.0,24,2011-09-07,2011-11-10,Regular
14731,380.02,3,256.0,38,2011-05-11,2011-10-23,Regular
16930,378.89,3,339.0,47,2011-10-02,2011-11-13,Regular
17736,377.44,3,238.0,24,2011-08-18,2011-11-30,Regular
17783,376.96,3,438.0,91,2010-07-15,2011-09-28,Regular
14353,376.5,3,344.0,18,2010-10-04,2011-05-08,Regular
13997,376.46,3,143.0,36,2010-06-07,2010-07-08,Regular
18155,371.62,3,266.0,19,2011-02-21,2011-09-25,Regular
14172,369.02,3,78.0,38,2010-03-07,2010-04-13,Regular
17536,364.83,3,201.0,16,2010-01-26,2011-06-15,Regular
16378,362.95,3,267.0,22,2011-02-02,2011-04-06,Regular
13962,362.8,3,160.0,23,2010-09-30,2011-11-18,Regular
14122,362.42,3,114.0,12,2009-12-02,2010-10-29,Regular
17772,360.75,3,113.0,94,2010-11-12,2011-11-29,Regular
17945,360.35,3,244.0,66,2010-01-12,2010-01-12,Regular
16856,358.49,3,171.0,16,2010-09-23,2011-11-25,Regular
14500,356.85,3,117.0,6,2011-06-03,2011-09-12,Regular
15334,350.82,3,273.0,67,2011-06-19,2011-07-06,Regular
17780,346.56,3,156.0,76,2010-01-24,2010-02-10,Regular
15781,345.46,3,180.0,20,2011-02-07,2011-11-14,Regular
18081,343.45,3,195.0,14,2011-07-29,2011-11-03,Regular
16851,342.45,3,271.0,17,2011-10-19,2011-12-05,Regular
17835,342.24,3,344.0,45,2011-11-16,2011-12-07,Regular
17928,341.24,3,222.0,27,2010-05-17,2011-10-25,Regular
16259,340.94,3,143.0,75,2010-04-13,2010-10-25,Regular
17542,340.85,3,323.0,57,2010-03-08,2011-03-15,Regular
17917,335.03,3,184.0,77,2010-12-12,2011-10-25,Regular
16234,333.18,3,170.0,13,2010-05-27,2010-08-20,Regular
17647,331.66,3,82.0,12,2010-02-08,2011-10-05,Regular
16478,331.0,3,224.0,15,2011-10-05,2011-11-14,Regular
14823,321.43,3,88.0,56,2011-05-29,2011-06-12,Regular
15869,321.11,3,273.0,29,2010-03-23,2011-03-07,Regular
17309,320.39,3,181.0,33,2010-02-04,2011-09-05,Regular
16436,319.14,3,227.0,37,2009-12-06,2010-02-09,Regular
17408,316.09,3,163.0,7,2010-07-13,2011-06-29,Regular
12665,313.6,3,165.0,13,2010-02-08,2011-01-19,Regular
15724,310.85,3,117.0,17,2010-11-04,2011-05-22,Regular
17181,309.85,3,268.0,28,2010-04-23,2011-10-13,Regular
18059,306.46,3,258.0,17,2011-10-03,2011-11-16,Regular
17339,302.36,3,172.0,10,2010-07-18,2011-09-06,Regular
16050,300.7,3,388.0,19,2010-11-03,2011-06-19,Regular
17991,300.3,3,93.0,37,2010-04-27,2011-04-28,Regular
16890,285.41,3,243.0,17,2010-05-06,2010-08-20,Regular
15354,284.4,3,3.0,1,2010-04-15,2010-04-15,Regular
13679,281.26,3,102.0,44,2009-12-04,2010-08-03,Regular
13606,276.75,3,276.0,40,2011-02-01,2011-11-10,Regular
13399,275.4,3,120.0,10,2010-07-08,2010-09-01,Regular
12789,273.35,3,36.0,5,2010-01-15,2011-10-05,Regular
13307,273.34,3,140.0,15,2010-04-26,2011-08-11,Regular
13058,271.4,3,52.0,5,2011-07-11,2011-11-15,Regular
13533,269.09,3,202.0,61,2011-03-17,2011-06-10,Regular
15423,266.89,3,198.0,13,2010-03-28,2011-11-01,Regular
17901,260.08,3,38.0,22,2010-07-06,2011-11-10,Regular
15852,257.26,3,60.0,31,2010-07-01,2011-06-06,Regular
14765,254.11,3,135.0,38,2011-06-16,2011-11-10,Regular
17892,244.1,3,109.0,27,2011-07-07,2011-10-14,Regular
13403,229.5,3,114.0,9,2009-12-16,2011-11-22,Regular
17185,229.46,3,119.0,38,2010-04-20,2010-04-27,Regular
13651,226.85,3,62.0,14,2010-11-23,2011-11-04,Regular
13992,219.5,3,154.0,10,2010-09-02,2011-11-09,Regular
15591,217.9,3,58.0,6,2010-02-04,2010-05-06,Regular
16866,207.74,3,60.0,10,2011-07-01,2011-07-22,Regular
14385,202.11,3,159.0,13,2011-11-16,2011-11-30,Regular
13133,200.45,3,55.0,12,2010-09-06,2011-03-11,Regular
17468,194.8,3,184.0,8,2010-11-29,2011-11-29,Regular
15729,192.55,3,47.0,10,2010-11-01,2011-05-11,Regular
14287,176.63,3,261.0,9,2011-05-25,2011-12-01,Regular
17026,175.83,3,107.0,4,2010-10-18,2011-06-07,Regular
14495,174.8,3,68.0,7,2010-02-18,2011-10-20,Regular
15684,173.95,3,77.0,9,2009-12-04,2010-06-10,Regular
13003,149.05,3,103.0,4,2011-05-09,2011-08-26,Regular
15283,148.33,3,27.0,9,2010-07-09,2010-11-14,Regular
16462,136.0,3,16.0,1,2011-03-01,2011-09-27,Regular
17960,135.08,3,60.0,37,2010-03-08,2011-06-21,Regular
14836,102.45,3,45.0,5,2011-11-09,2011-11-29,Regular
17024,95.85,3,69.0,2,2011-07-05,2011-10-25,Regular
15516,62.43,3,27.0,15,2011-10-24,2011-10-26,Regular
15749,44534.3,3,18028.0,5,2011-01-11,2011-04-18,High Spend
15098,39916.5,3,121.0,1,2011-06-10,2011-06-10,High Spend
12357,18287.66,3,6587.0,261,2010-11-16,2011-11-06,High Spend
12536,12601.83,3,2803.0,260,2011-10-11,2011-10-27,High Spend
16000,12393.7,3,5110.0,9,2011-12-07,2011-12-07,High Spend
14028,10396.5,3,7170.0,3,2010-06-07,2010-06-07,High Spend
12497,6248.5,3,5685.0,41,2010-03-05,2011-09-19,High Spend
13935,6116.92,3,2252.0,67,2010-02-25,2010-04-22,High Spend
15202,6001.49,3,3.0,1,2010-10-15,2010-10-15,High Spend
13763,5217.44,3,3224.0,50,2010-09-30,2011-10-07,High Spend
17084,5001.21,3,3178.0,263,2010-11-08,2011-11-04,High Spend
12653,4160.83,3,1681.0,76,2010-07-01,2011-07-14,High Spend
15823,3882.17,3,1774.0,155,2009-12-08,2010-12-02,High Spend
16772,3698.05,3,687.0,54,2009-12-18,2010-10-12,High Spend
15113,3509.43,3,2344.0,77,2011-10-16,2011-11-30,High Spend
15676,3435.76,3,2252.0,191,2011-03-01,2011-11-21,High Spend
16281,3424.02,3,1570.0,27,2010-01-26,2011-09-28,High Spend
17876,3424.02,3,1958.0,3,2010-02-02,2010-11-05,High Spend
15978,3279.42,3,2444.0,107,2010-03-05,2011-09-23,High Spend
16067,3269.11,3,1236.0,60,2010-02-02,2010-05-26,High Spend
12456,3181.04,3,1633.0,105,2011-03-30,2011-10-26,High Spend
16041,3166.4,3,1584.0,6,2011-07-21,2011-11-09,High Spend
12754,3010.74,3,6481.0,49,2011-02-04,2011-04-18,High Spend
17444,2940.04,3,2119.0,132,2011-06-20,2011-07-15,High Spend
14544,2938.53,3,2412.0,148,2010-08-26,2011-11-15,High Spend
12967,2938.52,3,912.0,47,2010-11-21,2010-12-16,High Spend
13501,2885.11,3,1253.0,90,2010-05-18,2011-02-24,High Spend
14875,2862.4,3,1332.0,88,2010-09-24,2011-08-24,High Spend
15817,2766.4,3,1596.0,133,2010-06-14,2010-10-15,High Spend
12669,2744.03,3,1115.0,98,2011-03-28,2011-07-12,High Spend
14125,2720.63,3,1628.0,159,2011-09-22,2011-11-29,High Spend
14756,2653.76,3,1423.0,102,2010-10-11,2011-11-24,High Spend
16276,2629.39,3,1467.0,20,2010-04-11,2011-06-16,High Spend
17317,2600.34,3,1146.0,8,2011-09-11,2011-10-24,High Spend
13344,2511.69,3,952.0,115,2011-03-07,2011-10-03,High Spend
13151,2465.21,3,813.0,131,2010-03-22,2011-02-17,High Spend
13091,2321.82,3,1339.0,41,2009-12-10,2011-11-11,High Spend
15946,2304.18,3,1614.0,25,2010-03-16,2010-07-25,High Spend
13814,2257.32,3,1214.0,56,2010-06-30,2011-09-08,High Spend
13407,2244.7,3,1690.0,85,2010-02-16,2010-05-10,Regular
16275,2151.11,3,1268.0,105,2010-03-08,2011-05-27,Regular
16716,2149.68,3,912.0,7,2010-03-19,2011-03-18,Regular
12560,2134.01,3,1110.0,91,2011-07-19,2011-12-04,Regular
13517,2128.42,3,1369.0,125,2011-06-13,2011-10-11,Regular
16795,2062.41,3,1214.0,306,2010-01-25,2010-12-09,Regular
12873,2027.3,3,786.0,33,2010-01-27,2011-03-02,Regular
13696,2020.4,3,552.0,24,2010-02-11,2010-10-14,Regular
15478,1983.48,3,894.0,53,2010-05-13,2011-10-30,Regular
18204,1975.35,3,1190.0,159,2011-05-31,2011-09-29,Regular
14014,1948.21,3,2004.0,76,2010-05-12,2011-09-23,Regular
14418,1937.25,3,1711.0,114,2011-08-23,2011-12-06,Regular
14250,1904.05,3,1200.0,94,2011-09-11,2011-12-02,Regular
15248,1893.93,3,1065.0,103,2010-06-23,2010-10-24,Regular
14305,1858.96,3,1089.0,96,2011-07-27,2011-09-29,Regular
12694,1843.35,3,1355.0,69,2010-10-14,2011-09-30,Regular
12950,1843.0,3,1380.0,13,2011-11-15,2011-12-07,Regular
16102,1842.14,3,942.0,41,2011-08-03,2011-10-28,Regular
17015,1838.61,3,1978.0,182,2011-06-07,2011-11-11,Regular
15678,1825.94,3,1022.0,77,2010-07-05,2011-10-18,Regular
14893,1809.61,3,1047.0,98,2010-04-01,2011-11-30,Regular
18235,1796.48,3,1578.0,100,2011-05-06,2011-09-29,Regular
12369,1791.15,3,1241.0,90,2010-03-08,2010-10-22,Regular
12784,1763.15,3,862.0,121,2010-06-28,2011-11-30,Regular
12809,1755.94,3,518.0,75,2010-03-02,2011-06-15,Regular
14400,1732.47,3,1706.0,71,2010-03-18,2011-07-13,Regular
14387,1727.6,3,795.0,125,2011-08-22,2011-11-07,Regular
14304,1725.01,3,775.0,69,2010-05-18,2011-05-01,Regular
13363,1723.86,3,1146.0,78,2010-10-26,2011-11-22,Regular
13665,1711.66,3,1652.0,97,2010-07-23,2010-11-18,Regular
17694,1695.97,3,1493.0,54,2010-05-26,2011-07-21,Regular
16671,1692.27,3,875.0,3,2011-06-28,2011-11-11,Regular
13294,1689.53,3,996.0,93,2010-03-03,2011-06-03,Regular
12813,1687.8,3,1141.0,37,2010-01-15,2010-07-26,Regular
13800,1679.56,3,891.0,73,2009-12-03,2011-02-03,Regular
12870,1676.95,3,906.0,85,2010-03-25,2010-11-29,Regular
14831,1676.57,3,885.0,67,2009-12-02,2010-01-28,Regular
16256,1629.37,3,1590.0,27,2010-04-21,2011-03-18,Regular
14759,1625.97,3,569.0,92,2011-04-21,2011-12-05,Regular
13154,1624.84,3,976.0,78,2009-12-04,2010-11-05,Regular
14937,1621.88,3,484.0,33,2011-08-01,2011-10-14,Regular
16860,1610.62,3,625.0,35,2010-02-15,2010-09-13,Regular
14920,1607.17,3,886.0,90,2010-05-23,2011-05-11,Regular
14885,1598.12,3,1308.0,24,2010-08-31,2011-07-31,Regular
17853,1596.29,3,625.0,84,2009-12-03,2010-10-28,Regular
17028,1593.83,3,856.0,85,2009-12-18,2010-05-07,Regular
13156,1586.54,3,914.0,94,2010-02-01,2010-11-19,Regular
17649,1578.89,3,723.0,88,2010-08-24,2011-07-24,Regular
13186,1575.89,3,820.0,69,2011-08-03,2011-10-31,Regular
15074,1553.13,3,1039.0,63,2010-08-29,2011-08-26,Regular
16461,1545.83,3,933.0,223,2010-03-03,2011-06-15,Regular
15798,1535.37,3,915.0,73,2010-01-27,2010-08-04,Regular
14695,1534.22,3,661.0,76,2009-12-07,2010-07-08,Regular
14055,1520.96,3,720.0,33,2009-12-16,2011-08-25,Regular
14267,1516.24,3,530.0,25,2011-03-24,2011-06-30,Regular
15948,1509.09,3,852.0,63,2010-10-11,2011-12-01,Regular
16450,1505.73,3,681.0,36,2010-02-21,2011-07-13,Regular
13810,1499.01,3,312.0,32,2011-10-14,2011-11-11,Regular
16340,1496.24,3,1319.0,277,2010-06-06,2011-08-24,Regular
14894,1492.81,3,603.0,39,2009-12-02,2011-09-15,Regular
16314,1491.4,3,636.0,58,2010-08-24,2010-11-15,Regular
13042,1488.59,3,812.0,164,2009-12-07,2010-04-20,Regular
15630,1481.4,3,987.0,76,2010-03-05,2011-10-25,Regular
14246,1474.06,3,804.0,57,2011-04-08,2011-08-21,Regular
17590,1468.02,3,822.0,162,2011-10-30,2011-12-07,Regular
16586,1462.78,3,348.0,27,2010-03-14,2011-04-05,Regular
13165,1451.16,3,1736.0,47,2010-10-22,2011-10-24,Regular
13023,1449.03,3,585.0,69,2010-06-29,2011-10-06,Regular
15076,1447.74,3,866.0,68,2010-07-05,2011-06-20,Regular
18066,1440.4,3,535.0,37,2010-10-20,2011-09-25,Regular
16140,1433.46,3,1272.0,50,2010-09-24,2011-10-05,Regular
12389,1433.33,3,614.0,41,2010-02-22,2010-11-02,Regular
15427,1430.54,3,967.0,233,2011-10-23,2011-11-06,Regular
15468,1430.48,3,1400.0,80,2010-11-12,2011-10-19,Regular
14412,1426.19,3,1428.0,75,2010-10-11,2011-10-28,Regular
16980,1422.83,3,990.0,91,2010-10-07,2011-03-29,Regular
14019,1421.61,3,1037.0,37,2011-07-24,2011-10-24,Regular
16245,1413.66,3,1014.0,80,2011-03-28,2011-11-16,Regular
14909,1404.68,3,888.0,61,2010-02-14,2010-09-28,Regular
18189,1403.73,3,836.0,79,2010-03-24,2011-09-23,Regular
14687,1402.06,3,850.0,34,2010-06-06,2011-08-25,Regular
18202,1396.99,3,581.0,55,2011-02-01,2011-05-24,Regular
16129,1396.05,3,1261.0,91,2010-07-20,2010-10-28,Regular
18167,1384.86,3,382.0,24,2011-08-26,2011-11-16,Regular
17878,1378.93,3,1014.0,82,2010-11-09,2011-10-27,Regular
16300,1367.32,3,643.0,190,2010-02-02,2010-10-05,Regular
13035,1364.2,3,926.0,27,2010-10-04,2011-09-27,Regular
16079,1352.0,3,864.0,18,2011-10-30,2011-11-23,Regular
16367,1350.48,3,1103.0,196,2010-11-21,2011-11-02,Regular
14847,1348.95,3,533.0,56,2010-05-24,2011-07-14,Regular
16669,1348.88,3,881.0,141,2011-09-22,2011-11-16,Regular
15154,1343.72,3,333.0,166,2010-08-18,2011-09-25,Regular
12620,1339.41,3,1181.0,89,2011-05-19,2011-11-25,Regular
12591,1338.95,3,653.0,63,2010-10-27,2011-01-26,Regular
13803,1338.91,3,831.0,73,2010-03-31,2011-03-29,Regular
17932,1331.57,3,789.0,84,2011-05-12,2011-11-10,Regular
12526,1316.66,3,632.0,64,2011-09-06,2011-12-09,Regular
14973,1314.45,3,369.0,29,2011-04-28,2011-08-24,Regular
12639,1312.37,3,631.0,58,2010-03-22,2011-04-15,Regular
12717,1308.91,3,600.0,60,2010-04-28,2011-07-11,Regular
16282,1307.58,3,790.0,31,2009-12-21,2011-01-04,Regular
16894,1306.96,3,503.0,186,2010-06-22,2010-07-25,Regular
15677,1305.63,3,675.0,63,2010-09-02,2011-10-21,Regular
16574,1301.78,3,1002.0,86,2010-02-19,2011-09-29,Regular
14284,1299.65,3,510.0,59,2010-02-24,2011-11-09,Regular
16464,1298.66,3,952.0,152,2011-07-20,2011-11-20,Regular
12488,1298.66,3,529.0,46,2011-09-25,2011-11-30,Regular
12372,1298.04,3,794.0,34,2011-02-16,2011-09-29,Regular
15471,1292.01,3,670.0,122,2010-06-07,2011-12-07,Regular
14856,1290.53,3,711.0,65,2011-10-14,2011-11-03,Regular
14679,1289.44,3,794.0,49,2009-12-08,2010-11-23,Regular
13300,1285.51,3,455.0,44,2010-05-14,2011-06-23,Regular
16951,1277.75,3,1318.0,73,2011-02-08,2011-07-28,Regular
13492,1269.84,3,408.0,38,2011-05-09,2011-07-26,Regular
17531,1266.82,3,472.0,54,2010-03-31,2011-06-02,Regular
17635,1265.58,3,770.0,60,2010-04-28,2010-10-11,Regular
16842,1264.19,3,693.0,45,2011-02-10,2011-08-31,Regular
15009,1259.43,3,639.0,148,2011-11-14,2011-11-27,Regular
15441,1254.21,3,587.0,45,2009-12-09,2010-11-08,Regular
15599,1250.06,3,1098.0,77,2010-09-20,2011-11-13,Regular
14383,1247.69,3,817.0,49,2011-06-29,2011-11-01,Regular
14240,1247.49,3,655.0,46,2010-10-12,2011-11-09,Regular
12673,1230.02,3,700.0,68,2010-11-03,2011-12-04,Regular
12866,1227.35,3,553.0,58,2010-07-25,2011-03-01,Regular
15269,1225.36,3,372.0,33,2010-11-14,2011-11-16,Regular
15303,1224.18,3,514.0,63,2010-01-25,2011-02-22,Regular
15376,1221.56,3,615.0,100,2011-05-01,2011-10-30,Regular
14430,1220.9,3,446.0,29,2010-04-11,2010-07-16,Regular
13299,1218.7,3,416.0,56,2010-06-29,2011-03-16,Regular
18263,1213.16,3,1468.0,59,2011-04-01,2011-11-14,Regular
14193,1210.19,3,653.0,49,2010-11-08,2011-10-03,Regular
18193,1207.35,3,926.0,66,2010-09-23,2011-06-27,Regular
16762,1207.24,3,480.0,51,2011-07-18,2011-11-20,Regular
17397,1198.28,3,691.0,132,2010-10-19,2011-11-17,Regular
16307,1194.92,3,1123.0,69,2010-05-11,2010-10-06,Regular
18057,1188.46,3,970.0,121,2010-01-18,2010-11-11,Regular
13388,1185.65,3,701.0,68,2010-04-15,2011-07-31,Regular
14206,1185.01,3,930.0,62,2010-11-02,2011-04-14,Regular
13395,1180.23,3,1660.0,77,2010-10-14,2011-06-07,Regular
17058,1179.89,3,592.0,51,2011-04-14,2011-09-19,Regular
16614,1179.79,3,349.0,37,2010-05-10,2011-06-10,Regular
13797,1179.45,3,573.0,71,2010-03-02,2010-09-29,Regular
15210,1176.19,3,841.0,66,2010-05-13,2011-04-28,Regular
15994,1175.68,3,462.0,93,2010-03-14,2011-10-16,Regular
12885,1175.22,3,655.0,66,2011-08-08,2011-10-07,Regular
12640,1174.58,3,311.0,47,2011-09-19,2011-11-16,Regular
17525,1161.9,3,338.0,19,2010-10-07,2010-12-15,Regular
13897,1160.72,3,820.0,58,2010-01-31,2011-10-20,Regular
17513,1158.8,3,440.0,18,2010-08-17,2011-09-28,Regular
17169,1156.73,3,671.0,64,2010-05-10,2011-10-13,Regular
14788,1156.32,3,719.0,53,2010-04-22,2011-12-02,Regular
12710,1149.02,3,851.0,75,2011-05-22,2011-09-04,Regular
16521,1140.11,3,1014.0,212,2010-03-01,2010-10-20,Regular
15586,1139.1,3,1338.0,30,2010-01-08,2010-04-26,Regular
17500,1138.0,3,17.0,3,2011-11-10,2011-11-22,Regular
17866,1134.95,3,535.0,20,2009-12-14,2011-07-20,Regular
13109,1134.03,3,757.0,57,2010-06-06,2011-10-11,Regular
12616,1131.1,3,498.0,32,2010-11-16,2011-09-05,Regular
13447,1129.14,3,584.0,55,2011-11-04,2011-11-16,Regular
12373,1127.65,3,516.0,36,2010-02-04,2011-02-01,Regular
17492,1122.42,3,450.0,32,2010-07-09,2011-04-05,Regular
13486,1122.41,3,669.0,69,2011-07-07,2011-09-22,Regular
17423,1118.95,3,790.0,39,2010-11-11,2011-10-24,Regular
16278,1117.84,3,342.0,50,2010-07-28,2011-08-31,Regular
15933,1107.46,3,885.0,63,2011-09-14,2011-11-18,Regular
14375,1106.82,3,647.0,176,2010-06-16,2011-06-07,Regular
12434,1103.43,3,532.0,62,2010-11-23,2011-09-16,Regular
12785,1100.4,3,453.0,42,2009-12-08,2010-12-10,Regular
14009,1099.91,3,951.0,71,2010-09-03,2011-05-25,Regular
14971,1097.98,3,639.0,144,2011-10-27,2011-11-04,Regular
16211,1090.59,3,519.0,35,2010-09-27,2011-09-12,Regular
15254,1088.35,3,711.0,64,2010-05-28,2011-08-04,Regular
16533,1082.81,3,611.0,112,2011-10-02,2011-11-20,Regular
14561,1080.76,3,1014.0,67,2011-06-08,2011-09-25,Regular
16642,1077.45,3,775.0,50,2010-10-20,2011-12-05,Regular
15238,1071.99,3,692.0,49,2011-06-08,2011-11-10,Regular
13521,1071.73,3,718.0,313,2011-11-29,2011-12-08,Regular
16386,1068.16,3,700.0,127,2010-11-17,2011-11-11,Regular
15436,1067.75,3,574.0,243,2011-04-19,2011-11-27,Regular
15626,1067.52,3,1138.0,73,2010-10-14,2011-09-26,Regular
15639,1065.08,3,849.0,61,2010-04-13,2011-07-28,Regular
15801,1063.95,3,570.0,61,2011-08-22,2011-10-24,Regular
17421,1059.41,3,807.0,46,2009-12-04,2010-11-18,Regular
18130,1059.39,3,824.0,58,2011-10-13,2011-11-24,Regular
15645,1055.17,3,396.0,59,2010-10-10,2011-11-21,Regular
17934,1049.15,3,628.0,36,2010-10-29,2011-10-19,Regular
15839,1048.49,3,675.0,56,2011-07-14,2011-11-06,Regular
15091,1046.61,3,582.0,55,2010-02-03,2011-10-03,Regular
16903,1041.75,3,717.0,148,2010-10-20,2011-11-10,Regular
14902,1035.62,3,716.0,51,2010-06-04,2011-11-14,Regular
17724,1033.0,3,300.0,38,2011-07-24,2011-09-29,Regular
14248,1032.95,3,692.0,41,2010-07-12,2011-01-25,Regular
17405,1031.41,3,726.0,77,2011-07-12,2011-12-08,Regular
16227,1027.22,3,436.0,28,2010-06-22,2011-04-28,Regular
15887,1027.15,3,605.0,27,2010-06-02,2010-10-29,Regular
17749,1026.18,3,446.0,52,2010-06-11,2011-06-14,Regular
13376,1019.76,3,493.0,45,2011-04-19,2011-09-01,Regular
16284,1018.48,3,674.0,108,2010-11-11,2011-11-08,Regular
13333,1015.74,3,685.0,54,2010-02-19,2010-10-24,Regular
12410,1013.71,3,341.0,36,2010-07-25,2011-02-04,Regular
12642,1013.26,3,552.0,39,2011-08-24,2011-11-14,Regular
15951,1013.17,3,420.0,44,2010-11-23,2011-12-01,Regular
16451,1013.15,3,524.0,61,2009-12-04,2011-09-13,Regular
14775,1011.9,3,1174.0,57,2010-12-02,2011-10-12,Regular
16572,1009.6,3,532.0,40,2011-03-09,2011-08-04,Regular
15771,1006.54,3,512.0,26,2010-01-15,2010-04-14,Regular
13867,1005.09,3,501.0,51,2011-05-05,2011-11-08,Regular
18160,1003.88,3,519.0,56,2010-11-18,2011-10-13,Regular
16435,1003.07,3,608.0,119,2010-07-13,2010-07-15,Regular
17205,999.35,3,2214.0,27,2010-05-24,2011-10-17,Regular
13965,996.61,3,425.0,23,2010-01-05,2010-08-20,Regular
14223,991.13,3,585.0,50,2011-03-20,2011-09-08,Regular
13439,986.61,3,952.0,132,2010-07-01,2011-03-29,Regular
15109,983.1,3,258.0,46,2009-12-04,2011-04-08,Regular
12541,981.18,3,680.0,46,2011-03-04,2011-11-10,Regular
14510,979.85,3,793.0,67,2010-09-29,2010-11-29,Regular
14230,979.8,3,246.0,27,2010-06-09,2010-09-30,Regular
17123,977.17,3,676.0,37,2010-05-16,2011-07-01,Regular
15247,976.06,3,514.0,13,2010-06-20,2011-08-09,Regular
15449,974.52,3,812.0,47,2011-03-23,2011-11-13,Regular
12994,974.42,3,459.0,52,2011-03-16,2011-12-05,Regular
12525,973.73,3,509.0,56,2010-03-02,2010-07-29,Regular
16535,972.04,3,664.0,67,2010-01-28,2011-12-04,Regular
14350,972.03,3,543.0,55,2010-10-05,2011-03-10,Regular
16254,967.44,3,543.0,65,2010-03-17,2010-11-26,Regular
15268,961.9,3,428.0,21,2010-04-13,2010-08-18,Regular
15156,961.49,3,597.0,51,2011-11-06,2011-12-08,Regular
12697,957.59,3,508.0,37,2011-06-23,2011-11-11,Regular
17172,956.57,3,1215.0,39,2009-12-13,2011-09-22,Regular
13046,949.25,3,505.0,50,2010-09-09,2011-11-09,Regular
17544,944.82,3,410.0,80,2010-11-14,2010-11-14,Regular
15385,942.08,3,428.0,18,2010-01-31,2011-10-30,Regular
14326,940.98,3,572.0,54,2010-06-25,2011-04-11,Regular
13416,940.8,3,208.0,16,2009-12-03,2011-10-27,Regular
13936,939.66,3,661.0,56,2010-10-21,2011-06-13,Regular
16109,939.48,3,1092.0,30,2010-01-10,2011-05-05,Regular
15787,933.26,3,534.0,156,2011-10-09,2011-11-13,Regular
14924,931.01,3,312.0,30,2010-03-10,2011-04-08,Regular
14338,928.1,3,622.0,43,2010-06-21,2011-07-01,Regular
16975,926.12,3,586.0,44,2010-07-22,2010-10-12,Regular
12745,925.41,3,468.0,21,2010-01-26,2010-08-10,Regular
14128,924.21,3,814.0,50,2010-06-06,2011-10-10,Regular
15957,921.25,3,453.0,121,2010-10-15,2011-11-08,Regular
17363,920.46,3,499.0,34,2010-11-02,2010-11-09,Regular
12998,920.08,3,1124.0,58,2010-02-24,2010-08-04,Regular
13872,919.57,3,339.0,51,2009-12-14,2010-06-30,Regular
16204,918.71,3,671.0,86,2009-12-08,2011-11-16,Regular
14061,917.43,3,133.0,17,2009-12-01,2010-07-20,Regular
14423,916.61,3,419.0,12,2010-01-14,2011-05-05,Regular
14839,915.28,3,927.0,61,2010-01-04,2010-10-17,Regular
14359,912.18,3,371.0,44,2011-09-13,2011-11-20,Regular
15244,912.08,3,472.0,44,2010-02-11,2011-10-05,Regular
16138,910.35,3,774.0,35,2010-04-28,2010-11-26,Regular
13038,908.46,3,360.0,24,2011-02-22,2011-09-20,Regular
15097,908.35,3,424.0,59,2010-05-05,2011-12-05,Regular
17464,907.14,3,608.0,35,2010-03-30,2011-07-04,Regular
17176,902.32,3,576.0,37,2010-01-31,2011-05-22,Regular
13548,901.44,3,558.0,169,2010-08-25,2011-09-04,Regular
15992,896.6,3,514.0,53,2010-09-12,2011-12-06,Regular
17226,895.47,3,853.0,51,2010-02-12,2011-02-04,Regular
14065,891.02,3,582.0,42,2010-10-04,2010-11-15,Regular
16900,887.11,3,833.0,78,2011-10-07,2011-11-23,Regular
16228,885.71,3,555.0,45,2010-11-04,2010-11-19,Regular
12793,885.53,3,461.0,34,2010-11-03,2011-01-09,Regular
15907,882.72,3,478.0,175,2011-05-13,2011-12-06,Regular
14645,876.89,3,587.0,45,2010-03-15,2011-07-06,Regular
15469,874.25,3,287.0,38,2010-09-27,2011-10-20,Regular
17167,867.11,3,429.0,64,2010-09-20,2010-11-25,Regular
13922,865.2,3,467.0,30,2010-08-29,2010-12-23,Regular
13891,859.21,3,476.0,97,2010-05-06,2010-11-26,Regular
15542,855.71,3,418.0,212,2009-12-02,2010-07-15,Regular
17064,855.45,3,316.0,53,2011-01-16,2011-10-12,Regular
16020,851.01,3,487.0,42,2011-10-05,2011-11-23,Regular
18108,848.81,3,261.0,43,2009-12-02,2011-03-30,Regular
14202,847.76,3,166.0,27,2010-03-25,2010-11-23,Regular
14803,845.55,3,370.0,35,2011-02-20,2011-06-30,Regular
16446,168472.5,2,80997.0,3,2011-05-18,2011-12-09,High Spend
15760,13916.34,2,2.0,1,2010-03-19,2010-03-19,High Spend
12590,9864.26,2,4283.0,68,2011-05-12,2011-05-12,High Spend
14091,9530.08,2,3316.0,13,2010-01-10,2010-02-23,High Spend
12378,5416.32,2,3316.0,281,2010-05-26,2011-08-02,High Spend
14459,5375.74,2,2303.0,113,2010-02-26,2011-07-07,High Spend
17308,4511.76,2,5148.0,5,2010-09-13,2010-11-11,High Spend
16749,4157.88,2,1910.0,53,2009-12-15,2010-04-27,High Spend
16240,3718.8,2,1641.0,126,2011-09-23,2011-11-15,High Spend
12737,3710.5,2,2.0,2,2010-07-29,2010-07-29,High Spend
13135,3371.45,2,4423.0,18,2010-08-05,2011-05-27,High Spend
12770,3246.45,2,1843.0,19,2010-09-09,2011-05-13,High Spend
13868,3192.54,2,1964.0,32,2011-11-01,2011-12-02,High Spend
12469,3070.54,2,2552.0,76,2010-06-21,2010-07-05,High Spend
12438,2906.85,2,1180.0,84,2011-07-22,2011-11-25,High Spend
14935,2849.83,2,1931.0,25,2010-03-30,2011-02-15,High Spend
14564,2605.62,2,1295.0,107,2009-12-04,2010-10-01,High Spend
15077,2428.08,2,528.0,28,2009-12-09,2010-08-02,High Spend
12397,2409.9,2,1263.0,110,2011-07-27,2011-11-04,High Spend
15341,2402.72,2,1008.0,22,2010-09-16,2011-09-20,High Spend
14938,2322.43,2,1369.0,71,2010-05-26,2010-05-26,High Spend
13371,2297.66,2,1019.0,75,2010-03-17,2010-07-22,High Spend
13365,2225.37,2,1247.0,122,2011-05-06,2011-11-06,Regular
15934,2190.66,2,2166.0,29,2010-10-06,2010-10-18,Regular
14212,2190.14,2,2046.0,18,2010-09-20,2011-09-11,Regular
13224,2155.95,2,1518.0,101,2011-07-11,2011-10-10,Regular
12687,2138.91,2,1403.0,126,2010-08-16,2010-08-16,Regular
15151,2085.61,2,795.0,56,2010-07-18,2010-10-12,Regular
18026,2074.07,2,530.0,12,2010-07-22,2010-07-27,Regular
12585,2040.1,2,1279.0,77,2010-12-23,2011-04-19,Regular
16698,1998.0,2,840.0,4,2011-03-31,2011-04-27,Regular
15531,1972.39,2,1085.0,196,2011-11-09,2011-12-01,Regular
16993,1950.95,2,285.0,19,2010-05-12,2010-09-02,Regular
12531,1933.2,2,1119.0,126,2010-01-22,2011-11-25,Regular
12762,1898.52,2,1227.0,62,2011-11-14,2011-12-02,Regular
16917,1851.88,2,792.0,45,2010-03-17,2011-03-08,Regular
17919,1840.32,2,1452.0,37,2010-09-27,2011-09-12,Regular
13375,1792.23,2,1124.0,62,2010-09-21,2011-09-12,Regular
15736,1767.12,2,1208.0,95,2010-09-30,2010-09-30,Regular
12425,1741.41,2,1147.0,87,2010-09-17,2011-09-22,Regular
16398,1705.8,2,758.0,75,2011-03-31,2011-07-08,Regular
14245,1693.45,2,976.0,107,2011-03-21,2011-05-04,Regular
14164,1631.77,2,1033.0,28,2011-09-20,2011-09-30,Regular
17814,1609.37,2,1435.0,112,2010-10-13,2010-11-29,Regular
12847,1609.0,2,1497.0,100,2010-11-17,2011-11-17,Regular
12514,1597.76,2,840.0,76,2010-03-08,2011-03-17,Regular
12629,1558.22,2,722.0,40,2010-10-12,2010-11-19,Regular
13377,1552.88,2,748.0,71,2010-03-04,2010-11-08,Regular
16491,1533.16,2,1060.0,86,2010-10-22,2011-10-24,Regular
14567,1530.36,2,412.0,33,2011-08-01,2011-10-14,Regular
16244,1522.75,2,855.0,88,2010-12-02,2011-05-12,Regular
13791,1516.0,2,1200.0,7,2011-06-24,2011-08-04,Regular
17977,1511.45,2,1948.0,94,2010-11-04,2011-11-10,Regular
14802,1502.98,2,2.0,1,2010-09-27,2010-09-27,Regular
12882,1463.04,2,246.0,12,2011-11-06,2011-11-30,Regular
13361,1450.5,2,324.0,29,2010-04-01,2010-08-24,Regular
15876,1449.14,2,886.0,11,2010-09-17,2010-10-26,Regular
13583,1445.03,2,1097.0,93,2010-01-29,2011-07-07,Regular
13543,1439.61,2,329.0,37,2010-01-21,2010-03-15,Regular
16088,1437.43,2,373.0,3,2010-04-27,2010-05-13,Regular
15444,1411.21,2,759.0,191,2011-10-30,2011-11-30,Regular
16854,1408.96,2,997.0,72,2010-03-09,2010-10-18,Regular
15322,1390.86,2,971.0,76,2010-08-20,2011-09-15,Regular
12886,1378.4,2,770.0,75,2011-05-04,2011-10-03,Regular
12533,1367.89,2,704.0,63,2009-12-01,2010-03-22,Regular
13396,1360.99,2,600.0,42,2011-01-24,2011-11-10,Regular
12646,1346.97,2,897.0,43,2011-10-21,2011-12-05,Regular
13639,1346.27,2,997.0,49,2010-09-29,2011-09-26,Regular
15398,1345.53,2,769.0,60,2011-09-22,2011-11-23,Regular
12426,1345.21,2,584.0,73,2010-02-15,2011-05-29,Regular
17499,1341.39,2,1086.0,66,2010-05-27,2011-02-23,Regular
12711,1339.05,2,770.0,56,2010-02-01,2010-04-07,Regular
15146,1327.16,2,1473.0,90,2011-02-21,2011-06-28,Regular
14921,1316.07,2,953.0,78,2011-05-22,2011-11-09,Regular
16377,1308.48,2,2928.0,6,2010-04-01,2011-03-17,Regular
15813,1303.91,2,603.0,40,2011-04-14,2011-05-16,Regular
18286,1296.43,2,608.0,67,2009-12-16,2010-08-20,Regular
14619,1291.24,2,594.0,58,2010-06-16,2011-04-08,Regular
16608,1286.62,2,612.0,94,2010-02-14,2010-09-12,Regular
14490,1273.47,2,933.0,72,2010-10-07,2010-10-29,Regular
17478,1272.8,2,516.0,40,2010-03-16,2010-10-27,Regular
12394,1272.48,2,819.0,26,2011-05-06,2011-10-07,Regular
16222,1272.05,2,463.0,133,2009-12-18,2011-01-25,Regular
12630,1270.88,2,548.0,60,2011-10-27,2011-11-30,Regular
13689,1259.5,2,722.0,6,2010-09-21,2011-10-07,Regular
14474,1258.89,2,448.0,122,2010-05-09,2011-10-24,Regular
12689,1247.61,2,628.0,57,2011-08-04,2011-11-14,Regular
17529,1240.25,2,790.0,78,2010-01-11,2010-04-08,Regular
12985,1239.38,2,1533.0,73,2011-11-11,2011-12-09,Regular
16527,1232.94,2,708.0,66,2010-10-11,2011-09-19,Regular
18080,1231.5,2,642.0,2,2011-04-11,2011-11-21,Regular
17132,1220.91,2,963.0,62,2010-08-08,2010-09-13,Regular
15390,1216.66,2,894.0,77,2010-10-26,2010-11-08,Regular
13918,1212.84,2,1140.0,30,2011-03-31,2011-10-21,Regular
16653,1212.66,2,733.0,67,2011-09-29,2011-11-23,Regular
14382,1193.63,2,1667.0,227,2010-11-14,2011-11-13,Regular
12462,1189.59,2,536.0,51,2011-02-09,2011-11-21,Regular
18060,1185.46,2,902.0,74,2010-05-24,2010-10-27,Regular
13526,1182.0,2,1911.0,29,2009-12-01,2009-12-01,Regular
16345,1178.79,2,611.0,95,2010-08-13,2011-10-26,Regular
14261,1163.45,2,406.0,52,2011-09-22,2011-10-20,Regular
12546,1161.5,2,633.0,59,2011-09-23,2011-10-24,Regular
13459,1160.41,2,986.0,57,2010-01-26,2010-03-25,Regular
15088,1160.07,2,460.0,53,2011-10-03,2011-11-18,Regular
12475,1149.64,2,771.0,54,2010-10-26,2011-10-17,Regular
14308,1147.02,2,2.0,1,2010-06-08,2010-06-08,Regular
16766,1145.6,2,536.0,17,2011-03-11,2011-03-11,Regular
17477,1144.3,2,225.0,44,2010-03-02,2010-04-06,Regular
12439,1142.88,2,478.0,69,2009-12-14,2010-01-26,Regular
17622,1130.21,2,379.0,19,2010-04-20,2010-04-21,Regular
14671,1127.45,2,571.0,48,2010-05-20,2010-06-08,Regular
14917,1123.75,2,891.0,29,2010-04-22,2010-04-22,Regular
17788,1117.9,2,211.0,3,2011-08-02,2011-09-27,Regular
16223,1087.05,2,643.0,101,2010-11-09,2010-11-30,Regular
15763,1086.92,2,271.0,58,2011-09-23,2011-11-08,Regular
13744,1080.52,2,1153.0,54,2011-02-20,2011-09-05,Regular
13726,1079.66,2,1054.0,39,2011-08-31,2011-11-01,Regular
15546,1079.1,2,198.0,6,2010-04-12,2010-04-12,Regular
17366,1077.24,2,504.0,120,2010-09-09,2010-10-03,Regular
13607,1075.81,2,466.0,110,2010-11-02,2011-10-30,Regular
13467,1071.91,2,580.0,89,2011-11-03,2011-11-29,Regular
17277,1065.35,2,430.0,67,2011-01-21,2011-04-26,Regular
12815,1063.46,2,379.0,38,2011-05-25,2011-07-15,Regular
15977,1054.73,2,1016.0,48,2011-10-31,2011-11-22,Regular
12716,1053.49,2,708.0,60,2011-07-29,2011-12-06,Regular
12580,1052.9,2,569.0,52,2010-05-12,2011-04-07,Regular
13359,1043.31,2,381.0,52,2010-11-01,2011-10-07,Regular
16198,1030.04,2,384.0,31,2010-09-28,2011-09-25,Regular
16160,1025.44,2,1162.0,20,2011-09-15,2011-10-05,Regular
17310,1025.1,2,402.0,1,2010-06-23,2010-11-17,Regular
16568,1020.9,2,366.0,5,2010-03-08,2010-10-08,Regular
12572,1020.42,2,452.0,53,2011-10-19,2011-12-01,Regular
18142,1019.52,2,1276.0,9,2011-05-08,2011-07-05,Regular
18074,1019.44,2,361.0,37,2010-07-22,2010-12-01,Regular
12403,1019.36,2,260.0,5,2010-07-06,2011-10-21,Regular
12905,1018.42,2,532.0,52,2010-01-26,2010-05-12,Regular
15970,1017.32,2,498.0,19,2010-04-20,2011-02-09,Regular
12652,1017.03,2,536.0,51,2010-10-01,2011-01-12,Regular
14675,1015.58,2,660.0,196,2010-11-16,2011-11-23,Regular
12545,1000.39,2,523.0,42,2011-03-25,2011-09-25,Regular
18143,1000.16,2,570.0,59,2011-07-21,2011-08-15,Regular
15104,993.54,2,635.0,66,2011-03-02,2011-05-27,Regular
13559,990.0,2,360.0,1,2010-06-14,2010-07-15,Regular
13245,989.22,2,371.0,43,2010-10-03,2011-10-20,Regular
12862,984.62,2,611.0,119,2010-08-01,2010-10-10,Regular
17144,984.57,2,483.0,42,2011-09-16,2011-12-08,Regular
15025,979.79,2,503.0,132,2010-05-20,2011-11-06,Regular
13350,979.12,2,287.0,36,2011-09-21,2011-11-23,Regular
17456,975.56,2,508.0,59,2010-09-09,2010-12-09,Regular
16376,974.96,2,691.0,104,2011-11-22,2011-12-01,Regular
17958,973.88,2,284.0,35,2009-12-11,2011-08-15,Regular
17100,971.74,2,800.0,65,2011-11-21,2011-11-21,Regular
14138,965.88,2,600.0,40,2011-10-07,2011-12-08,Regular
15084,965.2,2,600.0,31,2010-03-04,2010-11-25,Regular
16763,964.7,2,492.0,44,2009-12-01,2011-05-25,Regular
12675,957.25,2,336.0,111,2010-05-10,2010-06-04,Regular
16141,955.94,2,410.0,47,2010-10-18,2011-09-12,Regular
14629,955.26,2,378.0,133,2011-10-23,2011-12-05,Regular
15430,954.75,2,309.0,36,2010-06-29,2010-08-29,Regular
12822,948.88,2,550.0,41,2011-09-13,2011-09-30,Regular
12874,948.42,2,623.0,44,2010-06-03,2010-11-19,Regular
12355,947.61,2,543.0,35,2010-05-21,2011-05-09,Regular
13261,944.1,2,210.0,8,2011-02-27,2011-03-16,Regular
17020,935.62,2,860.0,64,2010-03-03,2010-06-15,Regular
14140,935.05,2,811.0,60,2011-11-08,2011-12-06,Regular
15792,933.84,2,606.0,57,2010-03-31,2010-11-05,Regular
13465,931.12,2,584.0,34,2010-05-02,2010-09-19,Regular
15243,927.28,2,543.0,56,2010-09-30,2011-09-26,Regular
17805,927.03,2,1126.0,10,2010-04-08,2011-09-27,Regular
13805,924.6,2,1900.0,10,2011-08-02,2011-10-18,Regular
16643,923.11,2,553.0,48,2010-10-13,2011-04-08,Regular
15654,922.53,2,475.0,15,2011-11-13,2011-11-30,Regular
13122,922.39,2,585.0,54,2011-04-13,2011-09-06,Regular
12638,921.49,2,663.0,47,2010-03-10,2011-11-06,Regular
15364,913.19,2,493.0,29,2011-03-30,2011-09-05,Regular
12945,900.11,2,446.0,47,2010-02-21,2011-02-24,Regular
12940,899.69,2,404.0,87,2011-09-13,2011-10-16,Regular
16834,898.96,2,760.0,43,2010-02-03,2011-04-26,Regular
13996,895.76,2,613.0,29,2010-11-05,2010-11-18,Regular
15211,894.41,2,240.0,52,2010-12-09,2011-10-10,Regular
15824,890.94,2,478.0,24,2010-06-25,2010-09-12,Regular
17537,887.67,2,699.0,74,2011-02-09,2011-11-10,Regular
17704,885.19,2,343.0,27,2011-04-14,2011-06-24,Regular
18141,882.47,2,433.0,38,2010-04-29,2010-11-03,Regular
17480,882.23,2,581.0,50,2010-09-21,2011-09-23,Regular
17143,880.97,2,314.0,82,2010-07-12,2010-10-18,Regular
16677,880.62,2,457.0,45,2010-02-25,2010-10-24,Regular
13937,880.13,2,587.0,54,2010-11-02,2011-06-23,Regular
15653,877.44,2,1200.0,4,2011-08-16,2011-09-08,Regular
13768,875.97,2,373.0,30,2009-12-09,2009-12-13,Regular
13166,875.93,2,522.0,55,2010-10-21,2011-03-01,Regular
17566,869.77,2,497.0,113,2011-11-14,2011-12-01,Regular
14753,869.51,2,412.0,45,2010-09-05,2011-09-13,Regular
16567,865.6,2,996.0,34,2011-01-07,2011-05-29,Regular
14600,865.17,2,487.0,53,2010-11-11,2011-02-07,Regular
12794,860.41,2,592.0,43,2011-09-02,2011-10-17,Regular
14372,860.08,2,378.0,36,2010-04-19,2010-09-22,Regular
12440,859.2,2,331.0,21,2009-12-22,2010-09-03,Regular
12878,854.99,2,547.0,38,2011-03-18,2011-04-17,Regular
13945,854.15,2,413.0,49,2010-08-17,2010-11-10,Regular
14873,854.13,2,311.0,48,2010-03-16,2011-05-13,Regular
16070,852.15,2,457.0,32,2011-11-07,2011-11-17,Regular
12696,851.91,2,564.0,43,2010-07-19,2010-10-01,Regular
15264,848.4,2,443.0,52,2010-06-27,2011-10-06,Regular
15784,848.33,2,381.0,33,2010-02-05,2010-08-29,Regular
13221,847.41,2,244.0,62,2010-12-15,2011-04-13,Regular
13970,846.55,2,469.0,10,2010-09-28,2010-11-18,Regular
14610,24.35,2,15.0,10,2010-07-13,2010-11-09,Regular
14922,843.74,2,376.0,49,2010-07-20,2010-11-11,Regular
17638,842.4,2,432.0,2,2009-12-18,2010-03-02,Regular
16810,842.04,2,372.0,34,2010-10-15,2011-05-31,Regular
14862,841.2,2,772.0,47,2011-07-14,2011-11-14,Regular
14929,836.69,2,487.0,34,2010-10-14,2011-11-07,Regular
16747,836.06,2,583.0,34,2011-10-03,2011-11-02,Regular
13386,835.46,2,514.0,24,2010-09-28,2010-10-21,Regular
16737,835.2,2,576.0,1,2010-05-11,2011-10-17,Regular
16644,833.78,2,826.0,62,2011-05-11,2011-06-15,Regular
13175,831.45,2,423.0,40,2009-12-04,2010-05-06,Regular
12953,828.81,2,364.0,45,2010-07-05,2011-11-30,Regular
12792,827.01,2,394.0,39,2010-06-23,2011-03-28,Regular
12461,826.88,2,287.0,35,2011-07-08,2011-09-06,Regular
12781,826.74,2,671.0,25,2011-02-28,2011-10-07,Regular
16264,823.53,2,616.0,62,2010-09-19,2010-09-27,Regular
15137,823.4,2,596.0,34,2010-01-28,2010-07-07,Regular
16246,821.35,2,336.0,79,2010-02-08,2010-09-06,Regular
16135,819.45,2,395.0,35,2010-05-05,2011-03-22,Regular
16624,810.57,2,488.0,44,2011-05-26,2011-09-20,Regular
12632,804.88,2,694.0,32,2010-05-24,2010-07-07,Regular
18248,804.02,2,511.0,39,2011-06-06,2011-08-09,Regular
18265,801.51,2,311.0,44,2011-07-04,2011-09-28,Regular
16127,801.31,2,391.0,75,2009-12-13,2011-10-31,Regular
15396,796.38,2,278.0,16,2010-05-05,2011-08-19,Regular
14022,792.15,2,681.0,45,2010-08-10,2011-04-28,Regular
16472,789.6,2,252.0,39,2010-04-21,2010-10-01,Regular
15448,788.81,2,487.0,49,2010-02-03,2011-01-31,Regular
16739,786.43,2,391.0,33,2010-06-21,2011-06-16,Regular
13541,785.25,2,279.0,10,2010-05-18,2010-10-08,Regular
12761,782.95,2,281.0,27,2010-09-01,2010-09-08,Regular
15239,780.59,2,594.0,48,2011-09-22,2011-11-29,Regular
18228,779.9,2,238.0,23,2011-09-21,2011-10-14,Regular
12735,779.57,2,368.0,38,2011-01-06,2011-01-28,Regular
14815,778.5,2,744.0,53,2011-10-03,2011-11-03,Regular
13563,777.53,2,209.0,49,2011-07-22,2011-09-16,Regular
13745,777.36,2,1146.0,46,2010-06-11,2011-06-30,Regular
15837,777.01,2,405.0,52,2010-08-11,2011-10-06,Regular
15794,777.0,2,288.0,15,2009-12-02,2009-12-03,Regular
17482,775.64,2,240.0,50,2010-05-10,2010-08-09,Regular
15773,774.52,2,410.0,46,2010-10-26,2011-12-04,Regular
14838,769.92,2,361.0,69,2009-12-03,2010-10-12,Regular
13712,766.42,2,1128.0,32,2010-04-08,2011-04-07,Regular
13699,764.15,2,219.0,33,2010-06-07,2011-07-07,Regular
16602,763.33,2,429.0,37,2010-11-16,2011-11-03,Regular
17466,763.28,2,306.0,41,2011-09-22,2011-11-29,Regular
17425,759.17,2,407.0,42,2011-10-10,2011-11-20,Regular
15908,758.62,2,173.0,37,2010-07-15,2010-08-06,Regular
15006,757.78,2,387.0,165,2010-09-12,2011-10-19,Regular
13730,752.6,2,488.0,38,2011-07-01,2011-07-27,Regular
13030,752.44,2,348.0,76,2010-12-06,2011-11-28,Regular
16972,749.0,2,183.0,54,2010-09-09,2010-11-22,Regular
13108,748.46,2,745.0,27,2010-09-30,2010-12-02,Regular
17387,746.81,2,522.0,71,2011-11-06,2011-11-20,Regular
14050,746.36,2,689.0,49,2011-08-25,2011-11-08,Regular
16465,746.24,2,504.0,45,2010-09-21,2010-10-15,Regular
13236,744.85,2,416.0,34,2011-08-25,2011-11-15,Regular
17038,743.17,2,535.0,61,2010-10-20,2011-11-09,Regular
12465,742.19,2,479.0,46,2011-06-23,2011-11-22,Regular
18275,741.85,2,417.0,19,2009-12-08,2010-05-10,Regular
13721,741.54,2,512.0,41,2010-11-09,2011-11-03,Regular
15720,739.22,2,327.0,152,2010-06-07,2011-11-15,Regular
16075,736.93,2,271.0,41,2010-05-24,2010-07-25,Regular
15045,735.66,2,114.0,11,2011-03-27,2011-07-11,Regular
14778,730.86,2,306.0,34,2011-02-04,2011-08-04,Regular
17547,727.85,2,223.0,22,2010-02-12,2010-11-29,Regular
15368,722.74,2,406.0,8,2010-11-10,2011-11-18,Regular
13441,720.9,2,520.0,33,2010-10-04,2011-09-09,Regular
13537,717.85,2,337.0,38,2010-09-14,2010-10-10,Regular
16526,717.21,2,279.0,30,2010-05-04,2011-06-21,Regular
15274,716.57,2,619.0,44,2011-11-21,2011-12-05,Regular
12519,716.54,2,387.0,34,2010-08-20,2011-10-07,Regular
12535,716.35,2,219.0,28,2011-06-06,2011-09-09,Regular
15330,714.96,2,1312.0,10,2011-10-10,2011-11-07,Regular
14026,713.11,2,427.0,43,2010-03-24,2010-08-26,Regular
15127,711.5,2,464.0,27,2010-07-08,2011-10-05,Regular
13927,708.26,2,463.0,37,2010-09-28,2011-09-26,Regular
14398,707.79,2,267.0,50,2010-06-30,2010-11-03,Regular
16449,707.69,2,367.0,40,2011-03-04,2011-05-26,Regular
13626,707.04,2,398.0,44,2010-11-25,2011-04-01,Regular
16309,706.57,2,467.0,39,2011-04-13,2011-08-25,Regular
12890,706.02,2,457.0,124,2010-11-17,2011-11-15,Regular
16364,705.79,2,279.0,48,2011-07-25,2011-11-28,Regular
15103,703.36,2,329.0,35,2011-09-14,2011-11-08,Regular
14324,701.61,2,402.0,41,2010-01-15,2010-10-26,Regular
14179,701.57,2,319.0,135,2011-10-18,2011-10-30,Regular
14356,701.23,2,277.0,33,2011-09-19,2011-09-21,Regular
13833,700.41,2,243.0,43,2010-10-31,2011-07-03,Regular
14497,697.06,2,332.0,40,2010-02-04,2011-02-03,Regular
15700,696.68,2,357.0,85,2011-06-19,2011-06-20,Regular
17733,692.19,2,463.0,33,2011-03-23,2011-11-01,Regular
16545,689.82,2,322.0,6,2010-11-29,2011-06-28,Regular
17834,689.67,2,639.0,54,2010-09-20,2010-10-21,Regular
14809,686.76,2,232.0,18,2010-03-28,2010-03-28,Regular
13898,686.4,2,544.0,43,2010-10-24,2011-01-18,Regular
15257,685.9,2,71.0,11,2010-10-21,2011-03-01,Regular
15219,685.45,2,271.0,26,2010-03-01,2011-06-16,Regular
13987,682.54,2,492.0,46,2010-11-04,2010-11-25,Regular
18271,680.85,2,319.0,19,2009-12-08,2010-04-09,Regular
13430,679.45,2,751.0,48,2011-09-14,2011-11-21,Regular
14151,679.45,2,405.0,44,2009-12-23,2010-02-04,Regular
17782,679.02,2,538.0,29,2010-11-22,2010-11-22,Regular
15363,678.11,2,383.0,32,2010-08-04,2010-12-02,Regular
13974,677.72,2,356.0,43,2010-05-06,2011-10-21,Regular
13040,676.99,2,355.0,38,2011-11-06,2011-12-01,Regular
17462,675.69,2,227.0,25,2011-02-28,2011-10-10,Regular
18156,675.64,2,283.0,100,2010-12-05,2011-11-27,Regular
14142,671.34,2,518.0,42,2010-03-03,2010-12-01,Regular
13398,670.34,2,341.0,37,2010-09-17,2011-05-31,Regular
16268,667.65,2,533.0,45,2011-09-29,2011-09-29,Regular
14932,666.13,2,257.0,29,2010-11-19,2010-12-09,Regular
17105,665.78,2,693.0,80,2011-02-06,2011-07-03,Regular
16132,664.2,2,280.0,14,2010-03-22,2010-06-13,Regular
16704,664.16,2,433.0,50,2010-02-05,2010-03-31,Regular
13596,664.11,2,384.0,133,2011-11-27,2011-12-04,Regular
16573,663.61,2,360.0,40,2011-02-22,2011-09-16,Regular
12837,662.66,2,194.0,83,2010-05-19,2011-06-19,Regular
13028,661.32,2,798.0,40,2011-10-25,2011-11-17,Regular
15405,659.84,2,348.0,29,2010-05-12,2011-06-03,Regular
15492,659.46,2,483.0,32,2011-09-26,2011-11-11,Regular
13759,659.41,2,287.0,24,2011-09-29,2011-11-06,Regular
14150,658.64,2,496.0,23,2010-12-15,2011-11-04,Regular
17459,657.3,2,537.0,88,2011-10-10,2011-10-27,Regular
13496,653.33,2,341.0,28,2010-12-15,2011-11-29,Regular
18121,653.3,2,438.0,28,2011-07-08,2011-07-13,Regular
15205,653.24,2,378.0,37,2011-08-04,2011-09-15,Regular
12719,644.95,2,374.0,34,2011-10-05,2011-12-04,Regular
14537,641.4,2,228.0,23,2010-03-26,2011-10-13,Regular
12365,641.38,2,174.0,22,2011-02-21,2011-02-21,Regular
12624,641.13,2,355.0,36,2011-06-15,2011-08-25,Regular
14563,640.54,2,279.0,95,2010-04-26,2010-07-18,Regular
12538,640.45,2,336.0,33,2010-11-26,2011-11-10,Regular
12880,640.13,2,279.0,32,2010-05-14,2010-11-23,Regular
15648,639.5,2,218.0,23,2011-03-17,2011-05-19,Regular
14664,636.24,2,465.0,78,2011-11-06,2011-11-20,Regular
15829,636.14,2,996.0,44,2011-07-22,2011-09-01,Regular
14365,634.68,2,557.0,50,2010-01-27,2010-11-10,Regular
15666,632.94,2,469.0,62,2010-08-01,2010-08-24,Regular
18183,632.07,2,371.0,36,2011-03-10,2011-04-26,Regular
13822,632.0,2,611.0,90,2011-10-30,2011-12-04,Regular
13706,631.17,2,301.0,38,2010-03-23,2011-02-10,Regular
16193,630.43,2,379.0,38,2010-10-25,2011-04-17,Regular
13525,628.78,2,394.0,5,2011-04-05,2011-11-25,Regular
13480,627.82,2,362.0,40,2010-01-29,2010-10-19,Regular
13914,626.45,2,380.0,28,2011-11-03,2011-11-28,Regular
14381,625.94,2,449.0,104,2010-09-14,2011-10-18,Regular
14793,625.9,2,361.0,39,2010-06-22,2011-11-18,Regular
16715,625.52,2,1174.0,27,2010-05-26,2011-09-22,Regular
13776,623.98,2,2.0,1,2010-10-07,2010-10-07,Regular
15258,623.16,2,142.0,32,2011-05-06,2011-06-24,Regular
16781,623.0,2,192.0,36,2010-02-08,2010-12-02,Regular
12575,622.82,2,315.0,34,2010-07-01,2010-09-08,Regular
14115,622.67,2,509.0,22,2010-02-11,2010-07-26,Regular
17005,622.36,2,691.0,14,2010-04-30,2010-08-26,Regular
14169,621.51,2,205.0,50,2010-09-21,2010-10-05,Regular
13836,620.37,2,273.0,29,2010-10-21,2010-11-05,Regular
14339,620.27,2,456.0,21,2010-10-07,2011-04-11,Regular
13444,619.08,2,331.0,51,2010-07-21,2010-11-30,Regular
13020,618.96,2,278.0,38,2010-02-18,2010-05-26,Regular
14079,618.73,2,302.0,13,2010-01-26,2011-08-07,Regular
13493,618.63,2,380.0,6,2011-02-25,2011-03-09,Regular
12596,618.27,2,474.0,25,2011-04-11,2011-10-19,Regular
15956,617.6,2,278.0,18,2009-12-13,2010-06-06,Regular
14377,617.05,2,219.0,11,2011-03-22,2011-06-01,Regular
16311,616.26,2,394.0,35,2011-10-21,2011-11-22,Regular
16847,614.89,2,255.0,37,2010-03-31,2011-10-27,Regular
16844,614.34,2,281.0,26,2010-05-06,2010-05-26,Regular
15362,613.08,2,368.0,38,2009-12-01,2010-09-17,Regular
16178,612.6,2,304.0,24,2010-11-03,2011-07-24,Regular
15232,612.06,2,686.0,26,2011-07-22,2011-08-18,Regular
13731,610.59,2,278.0,36,2011-04-07,2011-05-04,Regular
13832,609.89,2,420.0,54,2010-10-13,2011-11-20,Regular
14636,609.85,2,241.0,27,2011-03-16,2011-11-03,Regular
16675,608.86,2,296.0,21,2010-08-18,2010-09-24,Regular
13933,608.79,2,205.0,23,2011-07-14,2011-08-22,Regular
17473,607.0,2,270.0,33,2010-09-09,2010-10-27,Regular
17119,606.91,2,334.0,35,2011-10-11,2011-12-06,Regular
15158,606.02,2,219.0,11,2010-11-03,2011-10-25,Regular
16590,605.9,2,240.0,26,2010-10-21,2010-11-04,Regular
17507,605.58,2,359.0,79,2011-02-03,2011-03-23,Regular
14323,605.06,2,350.0,32,2011-04-15,2011-08-17,Regular
12944,604.51,2,289.0,29,2010-12-20,2011-11-04,Regular
14611,604.33,2,582.0,37,2010-04-20,2010-09-22,Regular
13106,603.46,2,231.0,15,2010-10-22,2011-07-29,Regular
17270,601.45,2,420.0,45,2009-12-07,2010-08-27,Regular
17745,600.34,2,164.0,27,2010-06-02,2010-08-19,Regular
17678,599.76,2,368.0,27,2010-04-15,2011-03-21,Regular
12556,599.56,2,355.0,100,2011-07-11,2011-10-20,Regular
13311,598.57,2,305.0,25,2011-07-12,2011-12-05,Regular
14965,596.09,2,363.0,80,2011-09-04,2011-09-04,Regular
17658,595.42,2,616.0,17,2011-05-12,2011-11-14,Regular
14771,594.62,2,622.0,46,2009-12-03,2010-03-28,Regular
16776,592.51,2,435.0,105,2010-10-20,2011-10-10,Regular
13472,592.24,2,310.0,24,2010-06-02,2010-09-02,Regular
12790,591.85,2,306.0,36,2010-10-25,2011-05-31,Regular
15524,591.4,2,28.0,9,2010-04-12,2011-11-15,Regular
17890,586.89,2,402.0,88,2010-12-13,2011-01-21,Regular
12384,585.27,2,126.0,26,2011-08-10,2011-11-11,Regular
14023,584.07,2,345.0,30,2011-04-03,2011-12-02,Regular
15762,583.75,2,251.0,37,2011-09-23,2011-10-05,Regular
16802,582.61,2,369.0,48,2009-12-09,2010-01-29,Regular
17773,575.37,2,254.0,48,2010-01-18,2010-07-13,Regular
17274,573.22,2,271.0,76,2010-11-09,2011-11-04,Regular
12816,572.2,2,128.0,27,2011-06-16,2011-09-05,Regular
13816,571.67,2,269.0,25,2011-10-06,2011-11-16,Regular
15821,570.96,2,202.0,57,2011-10-09,2011-10-26,Regular
15315,570.5,2,862.0,35,2011-08-15,2011-10-06,Regular
15857,570.48,2,584.0,21,2010-10-05,2011-11-21,Regular
17433,569.96,2,305.0,81,2010-11-19,2011-09-12,Regular
15169,569.22,2,356.0,58,2009-12-13,2010-11-22,Regular
13406,568.92,2,292.0,7,2010-03-18,2010-10-08,Regular
18244,568.64,2,856.0,19,2010-07-25,2010-10-05,Regular
13321,567.36,2,372.0,10,2011-09-14,2011-09-28,Regular
16667,567.18,2,236.0,52,2011-02-28,2011-10-02,Regular
14208,567.05,2,529.0,34,2010-06-06,2011-09-06,Regular
15627,566.9,2,344.0,23,2010-07-05,2010-09-08,Regular
15143,563.63,2,320.0,27,2010-10-03,2011-04-28,Regular
15597,563.37,2,393.0,35,2010-05-13,2011-11-04,Regular
14986,563.1,2,338.0,87,2010-01-24,2010-11-28,Regular
12559,561.71,2,283.0,21,2011-01-24,2011-02-02,Regular
17413,560.14,2,302.0,10,2010-05-19,2010-10-31,Regular
17503,558.96,2,486.0,36,2011-11-01,2011-12-07,Regular
13024,555.87,2,181.0,26,2010-05-06,2010-08-26,Regular
15102,554.67,2,339.0,26,2010-06-11,2010-06-27,Regular
15634,554.65,2,227.0,34,2010-11-21,2011-11-22,Regular
18056,554.6,2,334.0,28,2010-03-31,2011-02-24,Regular
16641,554.5,2,454.0,36,2010-01-07,2011-08-26,Regular
15650,553.88,2,210.0,33,2010-03-21,2010-07-06,Regular
12797,552.08,2,215.0,27,2010-10-11,2010-12-09,Regular
12363,552.0,2,408.0,23,2011-04-11,2011-08-22,Regular
13677,551.24,2,217.0,98,2010-07-07,2010-10-31,Regular
17674,551.04,2,672.0,19,2010-12-06,2011-09-26,Regular
17265,550.01,2,389.0,106,2011-06-12,2011-07-24,Regular
15842,548.8,2,296.0,24,2010-06-30,2010-11-11,Regular
16936,548.29,2,339.0,122,2010-11-19,2011-11-14,Regular
15598,548.02,2,404.0,32,2010-10-08,2011-10-17,Regular
16031,547.9,2,421.0,91,2011-04-06,2011-09-08,Regular
15350,547.6,2,272.0,26,2010-11-21,2010-12-01,Regular
16811,547.07,2,477.0,26,2011-11-22,2011-12-05,Regular
17637,547.06,2,280.0,35,2011-08-16,2011-11-08,Regular
15080,546.25,2,287.0,31,2010-07-26,2010-10-08,Regular
15728,544.6,2,132.0,10,2010-09-21,2010-11-25,Regular
16230,542.03,2,365.0,32,2011-05-03,2011-06-03,Regular
17447,541.53,2,443.0,33,2011-09-29,2011-10-30,Regular
16576,540.87,2,323.0,32,2010-07-06,2010-10-15,Regular
12743,540.13,2,315.0,114,2011-07-28,2011-07-28,Regular
14539,537.48,2,428.0,31,2011-10-26,2011-11-24,Regular
12810,534.99,2,389.0,32,2010-02-01,2010-06-23,Regular
13594,533.32,2,396.0,31,2010-08-11,2011-10-18,Regular
15433,533.3,2,534.0,40,2011-03-17,2011-05-10,Regular
15115,531.85,2,245.0,35,2009-12-07,2011-11-21,Regular
14940,531.49,2,384.0,32,2009-12-06,2010-10-18,Regular
14002,529.73,2,877.0,47,2011-07-06,2011-07-28,Regular
17458,529.58,2,282.0,81,2010-11-23,2011-11-24,Regular
18191,529.4,2,332.0,15,2010-08-19,2011-03-23,Regular
15919,525.69,2,385.0,103,2010-12-06,2011-11-20,Regular
15683,524.54,2,332.0,25,2010-08-23,2011-08-14,Regular
13605,522.67,2,425.0,50,2010-05-17,2010-11-17,Regular
16413,522.03,2,283.0,55,2010-11-29,2011-10-14,Regular
17514,522.0,2,284.0,72,2010-02-08,2011-08-03,Regular
12571,519.61,2,523.0,31,2011-08-10,2011-10-31,Regular
12825,518.63,2,139.0,20,2010-03-08,2010-07-06,Regular
13600,518.42,2,599.0,35,2010-03-15,2011-01-31,Regular
18205,517.36,2,192.0,30,2011-09-26,2011-11-03,Regular
14311,516.45,2,235.0,31,2010-05-21,2011-04-11,Regular
13859,515.86,2,167.0,34,2010-06-28,2011-01-17,Regular
17510,514.56,2,422.0,28,2010-10-15,2011-11-15,Regular
18212,514.37,2,158.0,40,2010-01-31,2011-01-17,Regular
16829,513.32,2,215.0,25,2010-11-16,2011-07-06,Regular
13177,512.2,2,180.0,23,2010-10-05,2011-10-06,Regular
16561,511.12,2,244.0,29,2011-10-11,2011-12-04,Regular
12907,508.91,2,177.0,23,2010-08-02,2010-11-09,Regular
17391,508.8,2,480.0,2,2011-06-28,2011-06-29,Regular
13885,506.8,2,182.0,28,2011-05-23,2011-06-03,Regular
13123,506.75,2,268.0,36,2010-06-28,2010-08-24,Regular
14647,506.04,2,175.0,42,2010-07-04,2011-05-22,Regular
14807,504.14,2,234.0,37,2010-02-28,2010-11-14,Regular
17630,503.6,2,158.0,24,2011-04-21,2011-06-23,Regular
12376,503.15,2,240.0,11,2010-10-18,2010-11-15,Regular
12419,503.01,2,231.0,23,2010-10-22,2010-11-19,Regular
14968,501.24,2,257.0,83,2010-09-07,2011-11-09,Regular
18049,500.92,2,402.0,82,2010-04-28,2010-09-28,Regular
17248,500.54,2,276.0,85,2010-08-15,2011-08-11,Regular
16616,500.42,2,370.0,31,2011-07-05,2011-11-24,Regular
14171,498.79,2,211.0,61,2009-12-09,2011-09-02,Regular
17335,497.04,2,210.0,34,2010-01-24,2010-11-21,Regular
12943,496.5,2,222.0,22,2010-04-13,2010-05-30,Regular
12904,496.06,2,294.0,59,2011-06-20,2011-11-21,Regular
16352,494.44,2,300.0,28,2011-11-02,2011-11-22,Regular
12763,494.08,2,316.0,16,2010-12-05,2011-07-24,Regular
14663,490.6,2,397.0,60,2010-10-05,2010-10-05,Regular
15877,490.33,2,368.0,122,2011-11-22,2011-12-08,Regular
14416,490.22,2,326.0,13,2011-10-28,2011-11-17,Regular
12634,490.0,2,337.0,20,2010-06-09,2010-06-22,Regular
17476,489.86,2,224.0,29,2009-12-02,2010-11-09,Regular
17715,489.6,2,576.0,1,2010-04-26,2011-05-23,Regular
18280,488.15,2,194.0,28,2010-11-10,2011-03-07,Regular
13733,487.03,2,335.0,28,2009-12-04,2010-10-25,Regular
16021,487.03,2,276.0,117,2010-06-13,2010-11-09,Regular
13675,486.82,2,330.0,25,2011-02-28,2011-07-11,Regular
17453,486.72,2,219.0,19,2011-10-06,2011-11-22,Regular
15216,486.09,2,217.0,24,2010-03-31,2011-09-13,Regular
16999,484.82,2,294.0,21,2011-09-26,2011-11-16,Regular
16603,482.47,2,480.0,34,2011-09-09,2011-09-26,Regular
12542,481.88,2,522.0,39,2010-03-09,2010-08-12,Regular
15174,481.46,2,382.0,34,2010-10-25,2011-01-21,Regular
15277,476.34,2,373.0,23,2010-10-10,2011-10-24,Regular
13194,472.78,2,326.0,10,2010-10-14,2011-07-27,Regular
14975,472.39,2,507.0,25,2010-10-14,2011-10-13,Regular
13161,472.13,2,105.0,30,2010-07-27,2011-01-30,Regular
14237,471.14,2,238.0,26,2010-04-28,2010-12-01,Regular
13066,470.8,2,322.0,48,2011-11-07,2011-11-15,Regular
15963,470.76,2,298.0,26,2011-10-25,2011-11-20,Regular
14058,469.19,2,211.0,23,2010-06-27,2010-09-03,Regular
14369,469.13,2,255.0,24,2010-02-16,2010-03-07,Regular
17294,467.79,2,297.0,17,2010-02-08,2010-02-08,Regular
17187,467.71,2,426.0,21,2010-07-01,2011-04-27,Regular
14029,467.66,2,198.0,15,2011-07-18,2011-10-07,Regular
12958,467.34,2,118.0,45,2010-05-05,2010-11-04,Regular
14052,466.66,2,174.0,115,2010-11-14,2011-11-20,Regular
14148,466.29,2,223.0,15,2010-10-21,2011-04-20,Regular
13248,465.68,2,305.0,25,2011-06-03,2011-08-07,Regular
15349,463.91,2,321.0,65,2011-06-05,2011-07-04,Regular
17040,463.25,2,189.0,15,2010-06-07,2011-07-25,Regular
17964,463.21,2,294.0,84,2010-12-02,2011-11-08,Regular
14331,462.66,2,252.0,27,2011-07-27,2011-08-07,Regular
14954,462.12,2,209.0,111,2010-01-05,2011-11-27,Regular
15540,460.68,2,444.0,31,2010-11-29,2011-11-28,Regular
16310,460.08,2,270.0,26,2010-03-07,2010-10-21,Regular
17111,459.58,2,581.0,44,2010-10-10,2011-10-23,Regular
14599,457.89,2,292.0,77,2010-07-18,2010-11-14,Regular
14011,457.82,2,644.0,32,2010-04-11,2010-08-16,Regular
15121,457.72,2,199.0,28,2011-02-24,2011-10-20,Regular
12375,457.5,2,178.0,14,2011-09-02,2011-11-29,Regular
17344,457.36,2,200.0,64,2009-12-11,2011-10-24,Regular
14296,456.4,2,314.0,27,2010-05-14,2010-10-14,Regular
16039,456.4,2,409.0,27,2010-03-21,2010-10-12,Regular
14335,454.86,2,375.0,55,2011-09-04,2011-11-23,Regular
16765,454.75,2,311.0,52,2010-11-22,2011-02-18,Regular
18158,453.4,2,354.0,24,2011-09-12,2011-11-30,Regular
16799,452.78,2,162.0,81,2010-09-12,2010-10-03,Regular
13698,451.73,2,227.0,31,2010-01-27,2010-04-22,Regular
15126,449.49,2,273.0,25,2010-01-21,2010-06-21,Regular
15418,449.42,2,264.0,64,2010-05-02,2010-10-10,Regular
17823,449.25,2,252.0,88,2010-10-14,2010-10-14,Regular
14780,447.68,2,310.0,26,2011-09-21,2011-10-16,Regular
14010,445.15,2,177.0,20,2010-05-23,2010-05-23,Regular
18134,445.0,2,128.0,27,2010-01-14,2010-04-20,Regular
16424,443.06,2,212.0,10,2010-11-22,2011-06-01,Regular
14996,442.29,2,404.0,37,2010-08-15,2010-08-15,Regular
17699,442.0,2,208.0,17,2010-05-27,2010-08-20,Regular
13954,439.92,2,150.0,24,2011-09-30,2011-12-08,Regular
17643,439.7,2,226.0,30,2010-07-22,2010-12-01,Regular
16968,439.43,2,326.0,31,2011-08-24,2011-12-05,Regular
17718,439.18,2,274.0,22,2010-03-05,2011-04-21,Regular
13432,439.1,2,217.0,98,2010-04-06,2010-05-17,Regular
13964,438.9,2,228.0,22,2010-10-05,2010-11-17,Regular
12552,437.82,2,88.0,20,2011-10-31,2011-11-01,Regular
17070,437.42,2,232.0,102,2010-10-25,2011-08-17,Regular
12672,437.05,2,138.0,22,2010-04-23,2011-01-14,Regular
16166,435.83,2,173.0,18,2010-01-17,2010-10-07,Regular
12445,434.98,2,206.0,24,2010-10-15,2011-11-17,Regular
12493,433.74,2,207.0,20,2011-05-26,2011-06-27,Regular
16522,433.36,2,212.0,16,2010-09-15,2010-09-30,Regular
16604,432.45,2,175.0,10,2010-05-20,2010-05-26,Regular
12452,430.57,2,185.0,21,2011-11-23,2011-11-23,Regular
15461,429.7,2,230.0,1,2010-03-18,2010-09-05,Regular
15230,429.6,2,351.0,23,2011-04-13,2011-04-14,Regular
14877,425.85,2,168.0,57,2010-03-07,2010-10-17,Regular
13703,425.56,2,128.0,36,2010-10-20,2011-01-25,Regular
14097,422.86,2,352.0,39,2010-03-04,2010-08-15,Regular
13374,422.8,2,135.0,17,2010-09-16,2010-10-21,Regular
16689,422.6,2,330.0,12,2011-09-18,2011-09-25,Regular
15711,420.25,2,199.0,25,2010-01-24,2010-06-01,Regular
13073,418.08,2,261.0,25,2010-09-28,2010-10-24,Regular
17232,417.77,2,202.0,30,2011-11-25,2011-12-07,Regular
14762,417.57,2,428.0,28,2010-03-23,2011-03-21,Regular
17258,417.3,2,188.0,46,2010-02-12,2010-11-08,Regular
15935,416.86,2,115.0,12,2011-04-12,2011-04-14,Regular
16957,416.64,2,172.0,15,2011-03-03,2011-04-14,Regular
15011,416.6,2,289.0,17,2010-10-19,2010-11-09,Regular
12930,415.8,2,252.0,20,2011-06-21,2011-09-22,Regular
18278,414.2,2,140.0,22,2010-10-31,2011-09-27,Regular
14082,413.36,2,246.0,48,2010-11-12,2010-12-10,Regular
17601,413.08,2,295.0,69,2010-11-24,2011-04-14,Regular
17767,413.05,2,198.0,35,2010-10-25,2011-11-24,Regular
17662,412.92,2,184.0,14,2009-12-17,2010-02-16,Regular
14620,412.78,2,214.0,26,2011-03-01,2011-05-18,Regular
18050,412.06,2,250.0,22,2010-11-11,2010-12-15,Regular
18011,410.79,2,125.0,63,2010-05-21,2010-12-01,Regular
14581,409.65,2,304.0,59,2010-06-13,2011-11-23,Regular
16864,409.25,2,283.0,17,2010-04-20,2010-10-01,Regular
16243,409.1,2,110.0,49,2011-10-16,2011-11-06,Regular
12974,408.95,2,104.0,27,2010-05-23,2011-05-26,Regular
16629,408.63,2,489.0,58,2011-09-04,2011-09-27,Regular
17285,407.94,2,134.0,41,2010-02-14,2010-03-21,Regular
12353,406.76,2,212.0,23,2010-10-27,2011-05-19,Regular
16632,406.4,2,256.0,22,2010-05-07,2010-08-11,Regular
17000,406.3,2,305.0,26,2010-10-27,2010-11-08,Regular
12741,406.07,2,214.0,16,2010-06-24,2010-06-28,Regular
16815,406.02,2,237.0,66,2010-06-21,2010-09-12,Regular
16484,404.3,2,200.0,25,2011-06-02,2011-06-19,Regular
16315,402.71,2,143.0,21,2010-06-21,2011-01-13,Regular
17094,402.2,2,212.0,18,2010-10-12,2011-01-21,Regular
12386,401.9,2,354.0,10,2010-12-08,2011-01-06,Regular
14471,400.95,2,187.0,38,2009-12-07,2010-04-27,Regular
14358,400.06,2,338.0,21,2010-10-07,2010-11-15,Regular
15501,399.95,2,205.0,64,2010-10-20,2010-10-31,Regular
13252,399.3,2,134.0,19,2010-03-24,2010-11-10,Regular
15522,397.99,2,572.0,47,2011-09-13,2011-11-07,Regular
12508,397.88,2,271.0,57,2011-11-10,2011-11-13,Regular
15037,397.76,2,298.0,40,2010-11-28,2010-11-28,Regular
15429,397.35,2,380.0,77,2011-09-25,2011-11-13,Regular
17789,397.15,2,199.0,27,2010-02-16,2011-03-03,Regular
13597,396.71,2,231.0,17,2010-11-02,2010-11-04,Regular
15883,396.48,2,223.0,42,2011-11-06,2011-12-07,Regular
12677,395.1,2,176.0,13,2010-02-11,2010-06-02,Regular
17300,393.64,2,467.0,37,2010-08-15,2010-11-14,Regular
15437,393.45,2,177.0,56,2010-03-09,2011-03-22,Regular
17563,392.38,2,256.0,27,2010-04-07,2010-05-10,Regular
18110,392.28,2,169.0,58,2010-10-24,2011-11-20,Regular
18024,389.78,2,184.0,21,2011-07-10,2011-07-10,Regular
18227,388.75,2,22.0,6,2010-08-12,2011-05-06,Regular
13899,388.52,2,156.0,19,2011-03-10,2011-11-23,Regular
13673,387.44,2,114.0,47,2011-11-07,2011-11-21,Regular
17595,386.69,2,228.0,68,2011-11-02,2011-11-27,Regular
16148,386.62,2,250.0,9,2010-09-29,2011-02-16,Regular
14826,385.2,2,152.0,10,2010-01-13,2010-05-07,Regular
17711,385.1,2,246.0,22,2011-02-23,2011-11-29,Regular
17171,384.59,2,225.0,25,2010-02-16,2011-02-23,Regular
16433,384.52,2,214.0,33,2010-10-27,2011-11-11,Regular
17357,384.39,2,152.0,41,2011-11-15,2011-11-15,Regular
14598,384.04,2,354.0,83,2010-05-19,2011-10-26,Regular
12832,383.03,2,195.0,27,2011-09-02,2011-11-07,Regular
13817,382.98,2,211.0,20,2010-12-23,2011-11-10,Regular
17403,382.87,2,188.0,45,2010-09-15,2011-11-03,Regular
16988,382.67,2,158.0,20,2010-11-25,2011-12-04,Regular
13657,382.14,2,209.0,16,2011-05-22,2011-11-29,Regular
17250,381.97,2,167.0,55,2011-03-23,2011-12-06,Regular
14908,381.9,2,182.0,14,2010-09-02,2011-09-26,Regular
17393,381.15,2,238.0,45,2010-08-08,2010-10-25,Regular
16552,379.73,2,219.0,17,2010-12-01,2011-04-11,Regular
17078,378.2,2,788.0,28,2011-11-03,2011-11-03,Regular
17489,376.64,2,428.0,28,2011-05-11,2011-10-12,Regular
14448,375.35,2,104.0,20,2010-12-10,2011-11-30,Regular
14067,374.7,2,361.0,51,2011-09-04,2011-10-07,Regular
14736,374.05,2,148.0,70,2010-08-11,2010-08-11,Regular
17810,373.16,2,118.0,51,2010-01-25,2010-02-09,Regular
14981,372.92,2,241.0,20,2010-10-12,2011-04-07,Regular
12895,372.8,2,210.0,22,2011-09-14,2011-10-28,Regular
12981,372.22,2,242.0,12,2011-07-29,2011-11-10,Regular
13164,372.2,2,120.0,7,2010-02-10,2010-05-19,Regular
17245,371.63,2,307.0,24,2010-01-19,2011-05-19,Regular
14168,370.45,2,147.0,11,2010-05-24,2010-10-15,Regular
15458,370.44,2,300.0,13,2010-11-02,2011-11-14,Regular
17792,368.35,2,149.0,45,2010-08-18,2010-08-29,Regular
15989,368.31,2,169.0,81,2009-12-02,2010-11-29,Regular
16974,365.5,2,70.0,5,2010-05-24,2010-07-05,Regular
13545,364.93,2,252.0,54,2010-06-13,2010-11-14,Regular
15949,364.72,2,284.0,12,2011-09-29,2011-11-23,Regular
14253,363.4,2,88.0,11,2010-03-26,2010-08-03,Regular
14594,363.33,2,183.0,48,2010-12-01,2011-12-02,Regular
16078,362.99,2,200.0,39,2010-02-08,2011-03-01,Regular
14840,362.71,2,179.0,20,2010-06-18,2011-03-17,Regular
16448,361.12,2,176.0,45,2010-08-25,2011-05-25,Regular
15008,360.0,2,1500.0,6,2010-03-12,2010-08-16,Regular
14926,359.4,2,204.0,2,2010-04-20,2010-11-23,Regular
16606,357.66,2,148.0,16,2010-10-01,2010-10-31,Regular
18040,357.2,2,148.0,18,2011-04-08,2011-11-20,Regular
15840,355.56,2,396.0,26,2011-06-20,2011-10-12,Regular
15986,354.42,2,368.0,25,2010-11-23,2011-11-09,Regular
12888,354.12,2,76.0,4,2011-03-29,2011-05-09,Regular
16323,353.66,2,146.0,4,2010-05-11,2011-05-27,Regular
16382,353.1,2,167.0,42,2010-06-07,2010-10-27,Regular
17252,348.91,2,192.0,86,2011-06-06,2011-08-15,Regular
17577,348.75,2,179.0,20,2010-02-09,2010-03-04,Regular
17668,347.75,2,93.0,14,2011-11-01,2011-12-08,Regular
13234,346.5,2,159.0,56,2009-12-07,2010-02-05,Regular
15519,344.61,2,116.0,34,2010-09-19,2010-11-21,Regular
16990,344.0,2,200.0,1,2010-10-13,2011-05-05,Regular
13068,344.0,2,200.0,1,2011-01-24,2011-11-29,Regular
13519,343.21,2,133.0,19,2010-09-23,2011-09-22,Regular
17795,342.83,2,305.0,43,2011-03-20,2011-06-13,Regular
17660,342.22,2,259.0,75,2009-12-02,2011-07-21,Regular
16585,341.59,2,151.0,16,2010-01-13,2010-04-25,Regular
14491,340.93,2,139.0,17,2010-12-02,2011-06-17,Regular
14799,338.15,2,495.0,20,2009-12-02,2011-10-19,Regular
13930,337.34,2,274.0,15,2011-07-26,2011-10-13,Regular
13482,336.09,2,187.0,20,2010-03-22,2011-04-21,Regular
14241,333.7,2,242.0,12,2010-01-12,2011-06-09,Regular
16006,332.82,2,205.0,75,2010-11-17,2011-05-12,Regular
13904,332.64,2,332.0,24,2011-02-18,2011-11-02,Regular
16452,332.17,2,199.0,14,2010-01-15,2010-03-19,Regular
15878,330.77,2,243.0,47,2009-12-06,2010-05-27,Regular
17776,330.56,2,273.0,74,2009-12-16,2010-11-18,Regular
14517,330.45,2,91.0,17,2011-07-21,2011-11-06,Regular
13010,330.12,2,323.0,10,2010-03-01,2010-11-30,Regular
17518,329.42,2,267.0,71,2010-03-28,2010-10-10,Regular
16286,328.95,2,101.0,17,2010-03-26,2010-08-19,Regular
16855,328.4,2,164.0,19,2011-10-27,2011-11-16,Regular
15213,328.35,2,272.0,22,2011-01-14,2011-01-25,Regular
15709,327.85,2,169.0,26,2010-04-29,2011-03-01,Regular
16322,326.75,2,231.0,28,2011-11-03,2011-12-08,Regular
13646,326.25,2,79.0,58,2010-11-05,2010-11-05,Regular
18047,326.09,2,130.0,74,2010-11-23,2010-11-23,Regular
12804,325.37,2,270.0,60,2010-07-27,2010-08-31,Regular
15670,325.2,2,132.0,19,2010-06-01,2011-02-16,Regular
16685,324.24,2,396.0,60,2011-10-09,2011-10-09,Regular
18261,324.24,2,146.0,19,2011-09-05,2011-10-27,Regular
13834,324.19,2,221.0,15,2010-02-08,2010-05-12,Regular
17182,321.3,2,54.0,4,2009-12-21,2010-10-13,Regular
15432,320.76,2,92.0,16,2010-06-16,2011-11-16,Regular
17843,320.4,2,251.0,58,2010-10-24,2011-02-09,Regular
17229,318.76,2,185.0,39,2011-07-20,2011-09-04,Regular
16273,318.34,2,40.0,15,2010-02-21,2010-03-01,Regular
15682,318.24,2,222.0,25,2010-01-21,2010-04-19,Regular
17267,317.2,2,158.0,37,2011-08-04,2011-08-04,Regular
17689,317.08,2,300.0,17,2010-08-22,2010-11-16,Regular
15042,315.45,2,238.0,9,2010-04-23,2011-05-24,Regular
16091,315.06,2,154.0,16,2011-05-25,2011-07-08,Regular
15196,313.7,2,130.0,34,2009-12-13,2010-10-03,Regular
13226,312.46,2,179.0,28,2010-11-11,2011-03-11,Regular
17326,312.35,2,136.0,82,2010-06-28,2010-10-27,Regular
16373,309.49,2,119.0,25,2010-10-24,2010-11-22,Regular
14181,308.35,2,120.0,48,2010-05-26,2010-10-25,Regular
13529,307.76,2,74.0,15,2011-05-19,2011-09-22,Regular
15374,307.32,2,290.0,8,2010-03-25,2011-08-03,Regular
13718,306.55,2,173.0,9,2011-02-17,2011-04-07,Regular
16524,306.19,2,259.0,50,2010-01-17,2010-09-19,Regular
15454,305.99,2,146.0,35,2010-03-31,2010-12-12,Regular
15135,305.68,2,84.0,17,2010-06-01,2011-04-14,Regular
15163,304.47,2,186.0,29,2011-05-31,2011-11-21,Regular
16217,304.25,2,91.0,13,2011-03-02,2011-04-18,Regular
16674,304.24,2,181.0,89,2011-09-02,2011-10-16,Regular
14990,304.17,2,129.0,41,2009-12-09,2010-04-06,Regular
17383,304.09,2,160.0,51,2010-09-12,2011-12-05,Regular
16489,303.7,2,38.0,4,2010-09-29,2010-11-24,Regular
14806,303.43,2,423.0,17,2010-09-26,2011-09-25,Regular
18255,303.15,2,201.0,16,2010-09-09,2011-09-11,Regular
14043,302.6,2,152.0,37,2009-12-10,2010-08-05,Regular
15054,302.1,2,198.0,105,2011-10-30,2011-11-27,Regular
13773,301.54,2,174.0,19,2010-02-18,2010-11-08,Regular
16437,301.25,2,197.0,17,2010-10-06,2010-11-23,Regular
16479,300.83,2,102.0,35,2011-11-29,2011-11-29,Regular
17556,300.67,2,184.0,13,2010-11-25,2011-05-18,Regular
17766,299.61,2,155.0,21,2010-11-23,2010-11-23,Regular
12864,299.57,2,447.0,5,2010-07-19,2011-07-24,Regular
16583,297.95,2,153.0,18,2010-02-04,2010-12-01,Regular
14835,297.0,2,180.0,1,2010-04-01,2010-06-29,Regular
12898,296.21,2,235.0,27,2010-02-18,2010-09-02,Regular
17301,294.39,2,216.0,107,2010-03-25,2011-11-18,Regular
16402,293.45,2,146.0,55,2010-12-05,2011-03-20,Regular
13739,292.2,2,76.0,6,2010-06-30,2011-11-21,Regular
14985,292.01,2,256.0,78,2010-12-16,2011-05-25,Regular
17882,291.56,2,130.0,47,2010-11-25,2010-11-25,Regular
16897,289.78,2,73.0,37,2011-01-30,2011-02-13,Regular
15041,289.4,2,194.0,98,2010-09-21,2011-06-22,Regular
14162,289.36,2,142.0,25,2011-02-20,2011-06-19,Regular
15545,288.97,2,162.0,78,2010-12-03,2011-10-16,Regular
17501,288.6,2,160.0,18,2011-05-03,2011-05-03,Regular
16808,288.42,2,196.0,21,2011-03-10,2011-09-01,Regular
17497,287.25,2,59.0,7,2010-04-08,2010-11-14,Regular
13508,287.05,2,180.0,27,2010-03-07,2011-04-10,Regular
14660,285.74,2,228.0,24,2011-08-31,2011-09-14,Regular
15445,284.5,2,118.0,12,2010-04-28,2011-03-20,Regular
17359,284.46,2,237.0,36,2010-03-01,2011-11-28,Regular
13616,283.85,2,172.0,31,2010-01-17,2010-05-20,Regular
15662,283.73,2,145.0,12,2009-12-01,2010-02-16,Regular
13909,282.85,2,301.0,35,2010-07-06,2010-10-12,Regular
15936,282.79,2,211.0,16,2010-08-29,2010-11-25,Regular
16557,281.85,2,111.0,11,2011-07-25,2011-11-15,Regular
18042,281.15,2,69.0,13,2010-06-16,2011-10-17,Regular
12851,280.76,2,157.0,71,2010-08-19,2011-09-04,Regular
14242,280.55,2,123.0,13,2011-01-18,2011-04-19,Regular
13581,280.53,2,119.0,32,2010-10-21,2011-02-03,Regular
14183,278.34,2,60.0,27,2010-08-15,2010-10-24,Regular
14303,277.94,2,218.0,21,2010-10-01,2010-10-28,Regular
15355,277.05,2,45.0,9,2011-10-17,2011-11-10,Regular
13272,276.56,2,96.0,15,2011-09-11,2011-11-08,Regular
16313,274.15,2,165.0,16,2011-10-21,2011-12-06,Regular
13861,273.26,2,225.0,21,2010-06-27,2010-10-06,Regular
13917,272.04,2,228.0,16,2011-06-01,2011-10-21,Regular
17292,271.75,2,131.0,14,2010-05-09,2010-08-24,Regular
14436,271.7,2,297.0,11,2010-06-04,2011-09-02,Regular
15943,271.29,2,183.0,12,2010-01-31,2010-02-28,Regular
17278,271.24,2,195.0,17,2010-05-23,2011-04-12,Regular
14520,270.6,2,146.0,3,2011-02-22,2011-12-08,Regular
16757,270.48,2,180.0,13,2010-10-26,2011-01-25,Regular
14039,267.28,2,192.0,10,2010-05-13,2011-11-06,Regular
17786,266.85,2,195.0,57,2011-01-26,2011-09-15,Regular
13837,266.59,2,182.0,17,2011-01-26,2011-05-12,Regular
12962,266.39,2,129.0,15,2011-08-18,2011-12-02,Regular
16089,263.49,2,119.0,42,2010-07-18,2010-11-18,Regular
14957,261.69,2,97.0,27,2010-03-05,2011-03-31,Regular
13189,260.68,2,842.0,29,2011-08-16,2011-11-21,Regular
17022,260.0,2,180.0,16,2010-10-03,2011-11-08,Regular
17219,259.13,2,188.0,43,2010-10-19,2011-11-08,Regular
16502,258.55,2,220.0,41,2010-03-29,2010-03-29,Regular
15894,258.25,2,164.0,35,2010-12-05,2011-03-31,Regular
15014,257.67,2,149.0,29,2011-06-16,2011-10-27,Regular
16542,257.32,2,142.0,13,2010-11-03,2011-10-17,Regular
15503,257.3,2,130.0,112,2009-12-13,2010-12-12,Regular
14483,257.1,2,193.0,13,2009-12-03,2011-03-03,Regular
14876,256.7,2,162.0,12,2010-05-27,2010-07-06,Regular
13825,255.59,2,182.0,38,2009-12-09,2010-03-28,Regular
16911,255.25,2,161.0,30,2010-02-16,2010-03-14,Regular
12604,254.18,2,201.0,15,2011-03-23,2011-09-21,Regular
13250,253.09,2,107.0,17,2010-07-25,2010-09-05,Regular
15552,252.52,2,166.0,29,2010-03-26,2011-05-06,Regular
13404,252.49,2,111.0,11,2011-05-11,2011-12-08,Regular
16453,251.71,2,139.0,15,2010-06-09,2010-06-27,Regular
14501,251.21,2,161.0,9,2011-01-24,2011-06-09,Regular
14166,251.15,2,82.0,39,2010-03-23,2010-07-22,Regular
16893,249.89,2,117.0,80,2010-11-28,2010-12-08,Regular
16381,247.85,2,108.0,60,2010-10-17,2010-11-09,Regular
14658,247.15,2,47.0,27,2011-08-14,2011-12-04,Regular
15378,246.5,2,130.0,8,2010-07-26,2010-09-03,Regular
16778,245.94,2,194.0,16,2011-03-10,2011-09-26,Regular
15884,244.6,2,152.0,14,2009-12-03,2010-10-03,Regular
13551,244.2,2,36.0,5,2010-02-11,2011-01-24,Regular
13676,243.9,2,104.0,13,2010-03-30,2010-06-18,Regular
15543,242.26,2,167.0,50,2010-09-06,2011-02-24,Regular
13582,241.68,2,106.0,10,2010-04-01,2010-11-15,Regular
16427,241.06,2,156.0,8,2011-02-28,2011-03-21,Regular
15690,239.76,2,408.0,19,2011-08-31,2011-12-05,Regular
12663,239.4,2,181.0,9,2010-02-09,2010-03-25,Regular
13275,238.86,2,138.0,48,2010-03-17,2010-11-21,Regular
14473,234.34,2,88.0,7,2011-03-02,2011-09-26,Regular
13129,233.25,2,296.0,10,2010-06-28,2010-09-13,Regular
14995,231.98,2,102.0,53,2011-03-04,2011-11-01,Regular
18030,230.65,2,67.0,8,2011-10-28,2011-12-05,Regular
13960,230.22,2,142.0,11,2011-09-29,2011-11-18,Regular
14314,229.8,2,332.0,10,2010-10-05,2011-08-25,Regular
15566,227.87,2,153.0,9,2009-12-15,2010-11-12,Regular
14363,227.47,2,105.0,8,2010-09-14,2010-11-02,Regular
15451,226.86,2,76.0,56,2010-04-19,2010-10-01,Regular
18005,226.47,2,86.0,52,2011-10-23,2011-12-06,Regular
14069,225.81,2,58.0,37,2010-05-27,2010-07-13,Regular
13619,224.94,2,79.0,39,2010-02-03,2010-06-13,Regular
17967,223.42,2,111.0,59,2010-10-19,2010-12-03,Regular
14960,221.27,2,221.0,23,2011-06-21,2011-12-01,Regular
12821,220.8,2,162.0,13,2010-04-07,2011-05-09,Regular
13033,220.55,2,98.0,12,2010-10-06,2010-12-17,Regular
15086,218.53,2,95.0,10,2010-03-24,2010-05-24,Regular
16666,217.71,2,354.0,42,2010-03-28,2011-11-20,Regular
15401,216.95,2,93.0,14,2010-05-20,2010-09-13,Regular
18021,216.41,2,168.0,32,2010-07-15,2010-07-18,Regular
16189,215.48,2,134.0,9,2011-09-15,2011-11-24,Regular
14271,214.18,2,148.0,38,2010-10-26,2011-04-28,Regular
17217,210.1,2,93.0,27,2010-03-30,2011-04-19,Regular
17484,209.57,2,339.0,14,2010-03-25,2010-05-12,Regular
16487,209.4,2,163.0,28,2010-02-18,2010-05-11,Regular
15741,208.62,2,70.0,11,2010-03-31,2010-09-07,Regular
15897,208.59,2,223.0,17,2011-05-29,2011-05-29,Regular
15212,208.28,2,84.0,7,2010-11-28,2011-04-12,Regular
16964,207.85,2,49.0,6,2009-12-06,2009-12-06,Regular
17166,206.34,2,78.0,11,2011-05-20,2011-11-01,Regular
15914,205.99,2,149.0,13,2010-11-26,2010-11-26,Regular
14519,203.14,2,81.0,38,2009-12-11,2010-01-25,Regular
15459,202.83,2,121.0,6,2010-07-30,2010-10-18,Regular
18281,201.14,2,146.0,17,2010-05-11,2011-06-12,Regular
13556,200.82,2,134.0,8,2010-09-30,2010-10-06,Regular
15001,199.11,2,70.0,44,2010-11-10,2010-11-10,Regular
17184,198.41,2,73.0,14,2009-12-09,2010-05-19,Regular
13978,196.79,2,315.0,14,2011-10-25,2011-11-25,Regular
15612,195.15,2,52.0,4,2011-10-09,2011-11-03,Regular
17065,194.7,2,82.0,6,2010-03-12,2010-03-12,Regular
12522,192.72,2,194.0,11,2011-10-19,2011-10-31,Regular
14768,192.6,2,52.0,4,2011-08-04,2011-11-22,Regular
16695,191.9,2,184.0,30,2010-05-27,2010-05-27,Regular
14279,191.86,2,46.0,3,2010-01-27,2010-07-07,Regular
14617,190.47,2,81.0,7,2010-10-20,2010-11-02,Regular
13972,190.25,2,187.0,15,2011-05-22,2011-09-30,Regular
17257,189.78,2,187.0,14,2010-09-29,2010-09-29,Regular
14697,188.61,2,181.0,22,2011-05-05,2011-05-05,Regular
17781,188.02,2,34.0,12,2011-03-31,2011-07-03,Regular
18013,187.29,2,285.0,31,2011-07-07,2011-07-07,Regular
18063,186.6,2,48.0,2,2010-03-16,2010-11-14,Regular
13460,183.44,2,286.0,16,2011-10-21,2011-11-10,Regular
14119,183.37,2,177.0,11,2009-12-21,2010-11-29,Regular
16819,182.59,2,253.0,17,2010-08-31,2010-08-31,Regular
18147,179.34,2,203.0,7,2011-08-23,2011-10-25,Regular
15139,178.96,2,208.0,13,2011-01-07,2011-04-14,Regular
16691,178.83,2,92.0,11,2010-05-27,2010-10-17,Regular
17170,178.68,2,152.0,8,2010-11-15,2010-11-30,Regular
18282,178.05,2,103.0,12,2011-08-05,2011-12-02,Regular
14486,175.5,2,90.0,4,2010-06-04,2010-07-16,Regular
15565,173.16,2,60.0,8,2011-09-30,2011-10-20,Regular
15403,170.88,2,492.0,6,2009-12-09,2010-08-05,Regular
15256,170.4,2,92.0,6,2010-05-27,2011-07-14,Regular
13747,169.8,2,60.0,4,2010-10-11,2010-12-01,Regular
17737,168.24,2,108.0,8,2011-10-12,2011-11-30,Regular
16405,167.25,2,187.0,3,2011-02-02,2011-02-10,Regular
13967,166.3,2,66.0,4,2010-11-08,2011-07-17,Regular
13470,165.0,2,100.0,7,2011-08-16,2011-09-01,Regular
14354,163.62,2,210.0,9,2011-11-09,2011-12-04,Regular
18174,162.5,2,80.0,1,2010-04-15,2011-12-02,Regular
18146,160.35,2,153.0,10,2011-05-03,2011-07-22,Regular
13420,159.85,2,101.0,8,2011-06-22,2011-07-13,Regular
13302,159.2,2,12.0,3,2010-07-01,2011-07-07,Regular
13051,155.8,2,72.0,4,2010-03-30,2010-05-10,Regular
15560,153.52,2,72.0,10,2010-11-07,2010-11-07,Regular
17327,152.35,2,59.0,3,2010-05-26,2010-10-26,Regular
15775,150.5,2,260.0,9,2010-03-18,2011-04-08,Regular
17946,149.58,2,75.0,18,2011-03-25,2011-04-20,Regular
17549,148.86,2,210.0,5,2011-10-19,2011-11-16,Regular
15526,148.44,2,24.0,4,2011-11-06,2011-11-06,Regular
13457,148.22,2,96.0,9,2009-12-02,2010-01-20,Regular
17794,147.3,2,46.0,7,2010-01-20,2010-01-22,Regular
18137,145.99,2,59.0,26,2010-06-06,2010-06-06,Regular
14972,145.07,2,40.0,20,2010-11-23,2011-08-03,Regular
16852,144.91,2,56.0,9,2011-06-16,2011-11-29,Regular
15816,144.15,2,54.0,11,2010-06-15,2010-06-15,Regular
17186,144.0,2,200.0,1,2011-10-10,2011-10-24,Regular
15702,140.39,2,103.0,30,2010-01-26,2010-08-20,Regular
16840,139.85,2,117.0,9,2010-02-03,2010-04-15,Regular
14707,139.2,2,96.0,1,2010-05-12,2010-09-30,Regular
13144,135.35,2,29.0,6,2010-10-04,2011-01-11,Regular
12512,132.18,2,96.0,31,2011-10-04,2011-10-04,Regular
17847,129.69,2,29.0,9,2010-03-04,2010-07-12,Regular
16828,128.5,2,59.0,8,2011-08-19,2011-09-07,Regular
14751,126.45,2,65.0,7,2009-12-13,2010-01-24,Regular
15779,124.08,2,20.0,8,2010-06-25,2010-09-02,Regular
17446,120.9,2,198.0,6,2011-02-02,2011-06-16,Regular
17900,112.2,2,73.0,4,2011-06-02,2011-06-02,Regular
14464,111.0,2,62.0,4,2010-03-22,2010-05-20,Regular
16375,104.0,2,74.0,11,2010-08-26,2010-08-26,Regular
17741,101.1,2,114.0,6,2010-05-28,2010-10-29,Regular
16498,100.97,2,45.0,15,2011-06-30,2011-07-01,Regular
16506,90.3,2,42.0,3,2011-10-30,2011-11-20,Regular
15603,88.48,2,128.0,4,2010-03-01,2011-09-22,Regular
15094,83.0,2,28.0,4,2010-03-05,2010-09-02,Regular
14785,77.4,2,84.0,2,2011-11-24,2011-11-29,Regular
15564,70.74,2,42.0,4,2010-02-01,2010-09-02,Regular
12496,45.34,2,30.0,10,2010-03-29,2010-03-29,Regular
17916,43.87,2,90.0,15,2009-12-06,2010-03-21,Regular
17246,38.92,2,36.0,6,2009-12-01,2010-06-11,Regular
15832,836.79,1,465.0,54,2011-03-30,2011-03-30,One Time
15190,834.44,1,790.0,40,2010-10-01,2010-10-01,One Time
12903,833.53,1,493.0,41,2010-10-07,2010-10-07,One Time
12730,829.25,1,234.0,47,2010-07-06,2010-07-06,One Time
16494,826.53,1,675.0,47,2011-02-16,2011-02-16,One Time
13893,821.1,1,190.0,21,2011-02-15,2011-02-15,One Time
13612,818.29,1,444.0,50,2010-03-17,2010-03-17,One Time
13336,795.12,1,559.0,51,2011-09-23,2011-09-23,One Time
14557,788.38,1,510.0,16,2011-09-15,2011-09-15,One Time
16958,778.49,1,514.0,69,2010-09-30,2010-09-30,One Time
16505,777.6,1,576.0,4,2011-11-08,2011-11-08,One Time
13341,775.85,1,301.0,42,2011-03-24,2011-03-24,One Time
15075,773.03,1,447.0,27,2011-09-23,2011-09-23,One Time
12965,769.81,1,282.0,108,2011-09-11,2011-09-11,One Time
16480,769.29,1,455.0,51,2011-09-25,2011-09-25,One Time
13356,768.24,1,325.0,42,2011-09-20,2011-09-20,One Time
16262,755.15,1,446.0,46,2010-11-26,2010-11-26,One Time
13370,754.87,1,343.0,39,2010-12-03,2010-12-03,One Time
18104,754.64,1,362.0,38,2011-11-02,2011-11-02,One Time
14923,749.1,1,418.0,44,2011-10-20,2011-10-20,One Time
13354,743.53,1,604.0,51,2011-09-29,2011-09-29,One Time
12603,739.2,1,63.0,2,2011-11-18,2011-11-18,One Time
13286,734.91,1,274.0,46,2010-04-18,2010-04-18,One Time
12537,732.94,1,449.0,43,2010-10-27,2010-10-27,One Time
18163,728.84,1,452.0,33,2010-05-04,2010-05-04,One Time
12786,728.5,1,324.0,18,2010-04-09,2010-04-09,One Time
18187,724.89,1,310.0,48,2010-03-18,2010-03-18,One Time
13264,722.56,1,375.0,38,2010-09-23,2010-09-23,One Time
13604,717.62,1,242.0,21,2010-02-19,2010-02-19,One Time
16269,717.57,1,579.0,53,2010-09-28,2010-09-28,One Time
17761,712.78,1,398.0,19,2011-11-07,2011-11-07,One Time
12485,708.1,1,414.0,34,2010-06-28,2010-06-28,One Time
12453,707.09,1,473.0,43,2011-07-28,2011-07-28,One Time
12612,704.04,1,262.0,19,2011-09-26,2011-09-26,One Time
15995,694.54,1,352.0,108,2010-10-21,2010-10-21,One Time
12658,686.05,1,320.0,36,2011-11-21,2011-11-21,One Time
14222,683.17,1,607.0,41,2011-06-15,2011-06-15,One Time
12478,680.99,1,236.0,36,2011-12-06,2011-12-06,One Time
18082,680.84,1,608.0,62,2011-11-14,2011-11-14,One Time
16646,678.8,1,1072.0,29,2010-09-16,2010-09-16,One Time
13325,675.3,1,240.0,12,2011-09-19,2011-09-19,One Time
13355,674.7,1,314.0,32,2011-08-09,2011-08-09,One Time
13864,662.4,1,192.0,1,2010-11-18,2010-11-18,One Time
14603,660.0,1,400.0,2,2011-03-10,2011-03-10,One Time
13622,658.95,1,379.0,32,2010-01-12,2010-01-12,One Time
16708,656.63,1,285.0,27,2011-10-25,2011-10-25,One Time
13840,651.4,1,358.0,40,2010-10-19,2010-10-19,One Time
16056,650.75,1,345.0,66,2011-10-25,2011-10-25,One Time
13237,643.0,1,128.0,24,2010-11-17,2010-11-17,One Time
12699,638.11,1,373.0,41,2010-10-18,2010-10-18,One Time
16534,635.9,1,168.0,36,2010-03-07,2010-03-07,One Time
17985,631.35,1,171.0,20,2011-11-17,2011-11-17,One Time
13518,627.16,1,382.0,36,2011-09-15,2011-09-15,One Time
14036,626.65,1,268.0,38,2011-02-28,2011-02-28,One Time
15147,623.5,1,366.0,28,2011-04-13,2011-04-13,One Time
12667,620.13,1,395.0,33,2011-10-12,2011-10-12,One Time
16613,618.59,1,293.0,30,2011-09-30,2011-09-30,One Time
15275,615.14,1,498.0,41,2011-11-02,2011-11-02,One Time
16116,612.78,1,248.0,34,2011-05-12,2011-05-12,One Time
12513,612.29,1,462.0,35,2011-08-19,2011-08-19,One Time
16922,611.08,1,281.0,122,2010-05-16,2010-05-16,One Time
12707,603.42,1,256.0,33,2011-02-21,2011-02-21,One Time
18264,603.25,1,241.0,36,2010-07-29,2010-07-29,One Time
16022,602.63,1,255.0,68,2011-03-24,2011-03-24,One Time
14254,601.03,1,263.0,23,2010-10-03,2010-10-03,One Time
12420,600.39,1,345.0,29,2011-10-07,2011-10-07,One Time
12521,599.68,1,309.0,38,2011-07-20,2011-07-20,One Time
15631,596.67,1,525.0,39,2010-03-07,2010-03-07,One Time
15442,594.0,1,120.0,2,2011-04-05,2011-04-05,One Time
15929,594.0,1,120.0,1,2010-03-05,2010-03-05,One Time
17815,591.96,1,612.0,13,2010-11-11,2010-11-11,One Time
17156,591.87,1,391.0,39,2010-08-05,2010-08-05,One Time
13270,590.0,1,200.0,1,2010-12-08,2010-12-08,One Time
16001,583.39,1,337.0,29,2010-11-23,2010-11-23,One Time
16100,582.64,1,438.0,37,2010-09-03,2010-09-03,One Time
17099,582.17,1,317.0,40,2010-06-24,2010-06-24,One Time
14742,579.85,1,374.0,34,2010-09-30,2010-09-30,One Time
15588,579.6,1,96.0,4,2010-01-31,2010-01-31,One Time
15830,576.0,1,415.0,39,2011-11-02,2011-11-02,One Time
12859,575.1,1,292.0,21,2010-09-07,2010-09-07,One Time
13424,572.77,1,529.0,40,2010-09-16,2010-09-16,One Time
13179,572.31,1,368.0,34,2010-03-31,2010-03-31,One Time
17665,563.1,1,690.0,19,2010-08-03,2010-08-03,One Time
17195,562.98,1,486.0,31,2010-02-22,2010-02-22,One Time
17970,562.79,1,513.0,27,2011-05-12,2011-05-12,One Time
15655,560.67,1,324.0,34,2011-04-10,2011-04-10,One Time
15415,559.61,1,551.0,46,2011-01-30,2011-01-30,One Time
13260,557.62,1,142.0,8,2011-10-09,2011-10-09,One Time
17407,552.9,1,426.0,23,2010-10-24,2010-10-24,One Time
17016,552.4,1,309.0,41,2010-05-12,2010-05-12,One Time
17291,550.8,1,72.0,1,2011-02-04,2011-02-04,One Time
12390,549.84,1,353.0,32,2011-09-21,2011-09-21,One Time
16111,549.33,1,233.0,72,2010-10-07,2010-10-07,One Time
15200,549.05,1,195.0,30,2010-08-02,2010-08-02,One Time
16536,548.12,1,250.0,49,2011-08-21,2011-08-21,One Time
17520,546.81,1,365.0,30,2011-10-17,2011-10-17,One Time
17806,546.04,1,727.0,43,2011-11-28,2011-11-28,One Time
18207,544.47,1,325.0,31,2010-07-28,2010-07-28,One Time
13390,544.08,1,224.0,13,2011-09-26,2011-09-26,One Time
12819,540.52,1,344.0,19,2010-09-07,2010-09-07,One Time
15539,538.46,1,410.0,41,2011-12-02,2011-12-02,One Time
13961,538.4,1,226.0,19,2010-11-12,2010-11-12,One Time
18140,536.41,1,395.0,49,2010-08-23,2010-08-23,One Time
16142,535.34,1,422.0,37,2011-04-04,2011-04-04,One Time
13385,534.57,1,281.0,35,2011-01-14,2011-01-14,One Time
17443,534.24,1,504.0,1,2011-05-04,2011-05-04,One Time
16785,533.78,1,313.0,35,2010-10-26,2010-10-26,One Time
15825,532.94,1,220.0,20,2011-06-20,2011-06-20,One Time
18159,530.15,1,139.0,23,2011-02-11,2011-02-11,One Time
18098,527.94,1,215.0,85,2010-11-08,2010-11-08,One Time
12479,527.2,1,385.0,31,2011-11-28,2011-11-28,One Time
14417,524.65,1,543.0,106,2010-11-17,2010-11-17,One Time
17712,522.91,1,215.0,29,2011-10-26,2011-10-26,One Time
13977,519.81,1,303.0,13,2010-10-24,2010-10-24,One Time
12777,519.45,1,458.0,26,2010-09-08,2010-09-08,One Time
12979,517.7,1,520.0,56,2009-12-10,2009-12-10,One Time
13043,516.42,1,254.0,13,2011-03-11,2011-03-11,One Time
14429,516.28,1,286.0,22,2010-11-01,2010-11-01,One Time
18243,515.78,1,221.0,26,2010-10-21,2010-10-21,One Time
15891,511.68,1,418.0,60,2011-04-27,2011-04-27,One Time
13367,510.2,1,253.0,20,2010-10-04,2010-10-04,One Time
14008,509.04,1,326.0,32,2010-10-03,2010-10-03,One Time
12436,509.01,1,211.0,16,2011-09-01,2011-09-01,One Time
15417,508.8,1,284.0,28,2011-09-15,2011-09-15,One Time
14317,508.58,1,255.0,24,2011-10-06,2011-10-06,One Time
17415,507.84,1,114.0,14,2011-09-21,2011-09-21,One Time
14158,507.66,1,781.0,41,2011-10-30,2011-10-30,One Time
12988,505.82,1,126.0,75,2011-02-20,2011-02-20,One Time
15138,502.52,1,300.0,31,2010-11-11,2010-11-11,One Time
17276,502.49,1,187.0,50,2010-11-02,2010-11-02,One Time
13116,501.14,1,291.0,30,2011-07-24,2011-07-24,One Time
12366,500.24,1,296.0,3,2010-03-16,2010-03-16,One Time
13553,499.6,1,201.0,85,2010-02-03,2010-02-03,One Time
15193,499.32,1,144.0,19,2011-10-10,2011-10-10,One Time
17053,498.48,1,122.0,13,2011-08-01,2011-08-01,One Time
16820,497.61,1,307.0,26,2011-09-05,2011-09-05,One Time
15300,496.44,1,292.0,28,2011-10-06,2011-10-06,One Time
14319,494.85,1,329.0,26,2010-10-11,2010-10-11,One Time
17333,494.25,1,375.0,28,2011-09-15,2011-09-15,One Time
14270,492.65,1,197.0,29,2011-01-12,2011-01-12,One Time
14310,492.1,1,230.0,22,2010-10-03,2010-10-03,One Time
13732,491.86,1,498.0,33,2011-11-11,2011-11-11,One Time
17269,491.81,1,314.0,110,2010-11-19,2010-11-19,One Time
15000,490.52,1,218.0,76,2011-10-23,2011-10-23,One Time
12983,490.08,1,638.0,30,2010-04-20,2010-04-20,One Time
15165,487.75,1,160.0,27,2010-12-01,2010-12-01,One Time
13412,487.35,1,176.0,33,2010-03-29,2010-03-29,One Time
13153,486.22,1,418.0,15,2011-12-04,2011-12-04,One Time
12443,485.31,1,182.0,21,2009-12-07,2009-12-07,One Time
18216,481.75,1,200.0,26,2011-11-08,2011-11-08,One Time
17106,481.58,1,153.0,51,2010-11-15,2010-11-15,One Time
13176,481.49,1,448.0,66,2011-10-24,2011-10-24,One Time
12447,476.49,1,190.0,26,2011-04-10,2011-04-10,One Time
18176,476.35,1,283.0,30,2010-12-16,2010-12-16,One Time
15507,475.86,1,160.0,41,2011-06-21,2011-06-21,One Time
17104,474.03,1,149.0,19,2010-10-12,2010-10-12,One Time
16635,473.0,1,277.0,25,2010-10-29,2010-10-29,One Time
15721,471.4,1,388.0,80,2011-11-28,2011-11-28,One Time
15557,468.91,1,213.0,16,2011-11-11,2011-11-11,One Time
15387,468.65,1,335.0,20,2010-08-04,2010-08-04,One Time
12554,468.5,1,240.0,26,2010-09-17,2010-09-17,One Time
16504,465.88,1,510.0,76,2011-11-14,2011-11-14,One Time
18083,463.53,1,268.0,36,2010-11-07,2010-11-07,One Time
14627,462.75,1,284.0,29,2010-11-25,2010-11-25,One Time
13624,462.08,1,820.0,22,2010-11-16,2010-11-16,One Time
18284,461.68,1,494.0,28,2010-10-04,2010-10-04,One Time
12491,460.4,1,260.0,25,2011-11-01,2011-11-01,One Time
14118,458.45,1,97.0,15,2010-10-07,2010-10-07,One Time
16069,457.7,1,138.0,25,2010-10-18,2010-10-18,One Time
12564,456.9,1,133.0,21,2011-03-23,2011-03-23,One Time
15585,455.3,1,320.0,31,2011-06-16,2011-06-16,One Time
12459,454.36,1,258.0,23,2010-04-13,2010-04-13,One Time
17140,454.12,1,296.0,16,2011-04-06,2011-04-06,One Time
15475,454.11,1,319.0,29,2011-09-23,2011-09-23,One Time
16481,453.38,1,201.0,16,2010-01-26,2010-01-26,One Time
12729,453.01,1,233.0,26,2011-08-18,2011-08-18,One Time
14184,452.89,1,127.0,24,2011-10-04,2011-10-04,One Time
18100,451.56,1,440.0,30,2010-06-07,2010-06-07,One Time
15802,451.42,1,1.0,1,2011-07-20,2011-07-20,One Time
18031,451.3,1,298.0,49,2010-11-26,2010-11-26,One Time
15961,451.29,1,154.0,42,2010-11-25,2010-11-25,One Time
16870,450.16,1,278.0,28,2010-08-27,2010-08-27,One Time
12448,449.45,1,243.0,22,2011-10-26,2011-10-26,One Time
15739,449.12,1,472.0,8,2011-10-04,2011-10-04,One Time
18201,447.53,1,191.0,27,2009-12-17,2009-12-17,One Time
16095,447.05,1,265.0,30,2010-09-09,2010-09-09,One Time
14149,446.62,1,218.0,28,2011-05-03,2011-05-03,One Time
14328,445.05,1,1.0,1,2010-09-27,2010-09-27,One Time
14638,443.6,1,166.0,16,2011-10-20,2011-10-20,One Time
16404,443.05,1,157.0,23,2011-09-30,2011-09-30,One Time
18222,443.0,1,335.0,19,2011-09-08,2011-09-08,One Time
12579,440.42,1,285.0,29,2011-09-22,2011-09-22,One Time
18233,440.0,1,4.0,1,2011-01-18,2011-01-18,One Time
16025,439.66,1,338.0,28,2011-11-10,2011-11-10,One Time
13086,439.33,1,155.0,47,2010-11-22,2010-11-22,One Time
13358,439.03,1,285.0,29,2011-03-16,2011-03-16,One Time
17729,438.65,1,247.0,23,2010-04-22,2010-04-22,One Time
15859,438.46,1,174.0,22,2010-10-03,2010-10-03,One Time
14846,437.4,1,193.0,12,2010-10-08,2010-10-08,One Time
14123,436.18,1,234.0,24,2009-12-06,2009-12-06,One Time
16084,436.18,1,216.0,38,2011-02-13,2011-02-13,One Time
13738,434.78,1,237.0,88,2010-11-08,2010-11-08,One Time
14093,433.86,1,391.0,95,2011-11-27,2011-11-27,One Time
18029,433.77,1,253.0,18,2010-03-07,2010-03-07,One Time
15613,433.72,1,700.0,27,2010-04-08,2010-04-08,One Time
17178,432.96,1,100.0,31,2009-12-08,2009-12-08,One Time
17687,432.68,1,210.0,26,2010-10-15,2010-10-15,One Time
16236,432.2,1,184.0,20,2011-09-22,2011-09-22,One Time
16881,432.0,1,600.0,1,2011-10-04,2011-10-04,One Time
14042,431.98,1,180.0,21,2009-12-14,2009-12-14,One Time
17842,430.69,1,89.0,18,2010-04-16,2010-04-16,One Time
12795,430.48,1,68.0,14,2011-11-21,2011-11-21,One Time
15450,429.84,1,376.0,30,2011-11-09,2011-11-09,One Time
14979,429.66,1,209.0,42,2009-12-04,2009-12-04,One Time
15553,428.93,1,449.0,51,2011-10-10,2011-10-10,One Time
18089,428.45,1,95.0,9,2010-09-19,2010-09-19,One Time
15360,427.93,1,223.0,13,2011-10-31,2011-10-31,One Time
12740,427.6,1,342.0,27,2011-10-07,2011-10-07,One Time
18285,427.0,1,145.0,12,2010-02-17,2010-02-17,One Time
18152,426.69,1,75.0,10,2010-03-03,2010-03-03,One Time
15930,426.63,1,139.0,21,2011-10-03,2011-10-03,One Time
14288,426.6,1,188.0,16,2011-05-10,2011-05-10,One Time
15966,426.53,1,275.0,27,2010-09-15,2010-09-15,One Time
15217,426.24,1,190.0,28,2010-05-25,2010-05-25,One Time
17103,424.3,1,471.0,32,2009-12-17,2009-12-17,One Time
16541,424.03,1,173.0,38,2009-12-04,2009-12-04,One Time
16137,422.7,1,210.0,28,2010-01-28,2010-01-28,One Time
18240,422.58,1,126.0,6,2011-10-24,2011-10-24,One Time
14757,420.5,1,160.0,19,2011-09-25,2011-09-25,One Time
14575,420.22,1,163.0,71,2010-08-08,2010-08-08,One Time
13096,419.7,1,6.0,1,2010-11-10,2010-11-10,One Time
14124,419.58,1,1618.0,4,2011-09-16,2011-09-16,One Time
17701,417.95,1,109.0,24,2011-04-01,2011-04-01,One Time
12833,417.38,1,156.0,24,2011-07-17,2011-07-17,One Time
16355,416.35,1,179.0,47,2010-11-29,2010-11-29,One Time
12608,415.79,1,323.0,16,2010-10-31,2010-10-31,One Time
15725,415.25,1,221.0,32,2011-11-24,2011-11-24,One Time
14333,415.2,1,58.0,15,2011-10-03,2011-10-03,One Time
16272,411.7,1,224.0,25,2011-08-15,2011-08-15,One Time
15099,410.48,1,343.0,23,2011-09-16,2011-09-16,One Time
17598,409.98,1,126.0,10,2010-11-23,2010-11-23,One Time
14348,409.57,1,183.0,18,2011-03-24,2011-03-24,One Time
15225,409.4,1,226.0,23,2011-04-19,2011-04-19,One Time
15342,406.09,1,283.0,24,2011-08-02,2011-08-02,One Time
18111,405.85,1,232.0,27,2010-04-29,2010-04-29,One Time
12922,405.38,1,370.0,28,2011-07-01,2011-07-01,One Time
13143,405.1,1,198.0,23,2010-05-04,2010-05-04,One Time
13640,405.0,1,108.0,4,2010-04-07,2010-04-07,One Time
15941,405.0,1,60.0,6,2010-03-12,2010-03-12,One Time
15968,404.55,1,247.0,70,2010-11-16,2010-11-16,One Time
13574,404.45,1,304.0,84,2010-10-24,2010-10-24,One Time
16319,404.4,1,72.0,3,2011-05-06,2011-05-06,One Time
14678,403.39,1,179.0,24,2010-05-09,2010-05-09,One Time
17431,403.3,1,292.0,41,2011-01-30,2011-01-30,One Time
13530,402.98,1,272.0,18,2010-03-15,2010-03-15,One Time
17168,400.2,1,220.0,21,2010-07-29,2010-07-29,One Time
18164,399.65,1,184.0,24,2011-11-02,2011-11-02,One Time
18128,399.29,1,216.0,42,2010-06-20,2010-06-20,One Time
17052,399.09,1,251.0,72,2011-11-11,2011-11-11,One Time
13352,397.98,1,321.0,24,2011-10-10,2011-10-10,One Time
12824,397.12,1,232.0,25,2011-10-11,2011-10-11,One Time
17486,396.87,1,191.0,24,2011-03-23,2011-03-23,One Time
18067,396.33,1,189.0,36,2011-10-30,2011-10-30,One Time
13879,395.5,1,204.0,25,2010-03-04,2010-03-04,One Time
16207,394.38,1,140.0,19,2011-11-14,2011-11-14,One Time
15386,394.14,1,446.0,31,2011-06-06,2011-06-06,One Time
12499,393.72,1,302.0,27,2010-05-28,2010-05-28,One Time
15345,393.54,1,81.0,20,2011-10-25,2011-10-25,One Time
16783,391.95,1,163.0,25,2010-09-29,2010-09-29,One Time
14072,390.85,1,65.0,19,2010-02-11,2010-02-11,One Time
14197,390.05,1,143.0,20,2010-10-25,2010-10-25,One Time
17116,389.78,1,392.0,47,2010-03-01,2010-03-01,One Time
17379,389.72,1,623.0,71,2011-11-28,2011-11-28,One Time
14752,389.64,1,260.0,5,2011-10-27,2011-10-27,One Time
13345,389.5,1,141.0,20,2011-02-25,2011-02-25,One Time
17479,389.26,1,266.0,18,2010-03-17,2010-03-17,One Time
12690,389.01,1,106.0,16,2011-05-18,2011-05-18,One Time
15592,388.58,1,354.0,24,2011-10-24,2011-10-24,One Time
13896,388.55,1,149.0,21,2010-03-24,2010-03-24,One Time
17614,386.32,1,235.0,97,2011-10-13,2011-10-13,One Time
16492,385.56,1,235.0,23,2010-06-17,2010-06-17,One Time
12973,385.55,1,31.0,6,2010-10-22,2010-10-22,One Time
17617,385.19,1,249.0,18,2010-05-30,2010-05-30,One Time
13966,384.26,1,760.0,21,2010-09-30,2010-09-30,One Time
16982,384.06,1,182.0,22,2011-10-10,2011-10-10,One Time
15155,383.97,1,192.0,24,2010-11-21,2010-11-21,One Time
12515,383.7,1,131.0,16,2010-12-21,2010-12-21,One Time
14767,382.81,1,117.0,18,2010-08-22,2010-08-22,One Time
16304,381.66,1,228.0,25,2010-01-14,2010-01-14,One Time
15090,381.32,1,208.0,23,2011-02-04,2011-02-04,One Time
17903,381.09,1,142.0,44,2010-11-10,2010-11-10,One Time
12796,381.0,1,182.0,7,2010-03-21,2010-03-21,One Time
17936,380.13,1,257.0,68,2011-12-04,2011-12-04,One Time
16577,380.0,1,142.0,23,2010-02-11,2010-02-11,One Time
14200,379.2,1,140.0,21,2010-04-01,2010-04-01,One Time
16909,379.14,1,436.0,18,2011-09-28,2011-09-28,One Time
13372,378.64,1,159.0,23,2011-09-11,2011-09-11,One Time
12941,377.49,1,381.0,27,2009-12-15,2009-12-15,One Time
17717,376.92,1,344.0,26,2010-10-14,2010-10-14,One Time
14531,376.34,1,260.0,29,2010-08-17,2010-08-17,One Time
13688,375.5,1,130.0,5,2010-03-14,2010-03-14,One Time
14294,375.34,1,190.0,23,2010-10-28,2010-10-28,One Time
17568,374.45,1,275.0,61,2010-03-16,2010-03-16,One Time
13351,373.94,1,117.0,16,2011-10-04,2011-10-04,One Time
15337,373.02,1,200.0,21,2010-10-24,2010-10-24,One Time
13197,373.01,1,204.0,19,2010-04-09,2010-04-09,One Time
12544,372.7,1,136.0,19,2011-11-03,2011-11-03,One Time
15472,371.56,1,251.0,76,2011-08-18,2011-08-18,One Time
18162,371.51,1,332.0,45,2009-12-07,2009-12-07,One Time
14950,371.2,1,136.0,19,2011-11-20,2011-11-20,One Time
15975,371.01,1,243.0,24,2011-09-16,2011-09-16,One Time
15063,370.8,1,56.0,5,2011-05-10,2011-05-10,One Time
15765,370.63,1,335.0,25,2010-02-11,2010-02-11,One Time
17437,369.68,1,283.0,52,2010-06-28,2010-06-28,One Time
15922,369.5,1,138.0,11,2010-12-01,2010-12-01,One Time
16758,369.34,1,203.0,22,2011-10-05,2011-10-05,One Time
14888,369.2,1,184.0,20,2011-05-16,2011-05-16,One Time
15477,368.4,1,216.0,2,2010-02-28,2010-02-28,One Time
14706,367.54,1,246.0,25,2010-03-31,2010-03-31,One Time
14018,367.15,1,224.0,13,2010-03-04,2010-03-04,One Time
14244,366.42,1,814.0,16,2010-02-17,2010-02-17,One Time
12899,366.4,1,108.0,17,2010-10-22,2010-10-22,One Time
17911,366.23,1,223.0,39,2011-11-30,2011-11-30,One Time
15029,365.1,1,234.0,10,2010-03-30,2010-03-30,One Time
14886,364.8,1,160.0,18,2011-04-01,2011-04-01,One Time
15343,364.5,1,84.0,21,2011-09-13,2011-09-13,One Time
15915,364.45,1,414.0,105,2010-11-03,2010-11-03,One Time
14528,364.22,1,278.0,18,2011-11-02,2011-11-02,One Time
16509,363.7,1,64.0,13,2011-02-16,2011-02-16,One Time
16052,362.06,1,282.0,34,2011-10-16,2011-10-16,One Time
13844,361.62,1,196.0,20,2011-11-28,2011-11-28,One Time
16305,361.22,1,256.0,22,2011-07-24,2011-07-24,One Time
13274,360.85,1,199.0,19,2010-10-26,2010-10-26,One Time
18091,360.85,1,539.0,25,2010-04-25,2010-04-25,One Time
17012,360.61,1,251.0,34,2009-12-14,2009-12-14,One Time
18208,360.08,1,82.0,17,2010-05-23,2010-05-23,One Time
13298,360.0,1,96.0,2,2011-12-08,2011-12-08,One Time
13181,359.69,1,171.0,19,2010-11-23,2010-11-23,One Time
14919,359.35,1,129.0,13,2010-06-18,2010-06-18,One Time
15120,358.82,1,296.0,21,2011-07-29,2011-07-29,One Time
17948,358.56,1,144.0,1,2011-07-15,2011-07-15,One Time
17748,358.15,1,111.0,17,2010-06-30,2010-06-30,One Time
13228,358.0,1,200.0,2,2011-09-19,2011-09-19,One Time
15595,357.6,1,144.0,4,2010-08-09,2010-08-09,One Time
12495,357.4,1,130.0,17,2010-03-09,2010-03-09,One Time
16971,357.21,1,72.0,40,2011-11-01,2011-11-01,One Time
12996,355.5,1,122.0,22,2010-11-29,2010-11-29,One Time
16920,355.45,1,81.0,23,2010-10-24,2010-10-24,One Time
14268,354.85,1,147.0,19,2010-08-26,2010-08-26,One Time
18003,353.51,1,297.0,23,2010-11-28,2010-11-28,One Time
13210,353.48,1,316.0,22,2011-09-07,2011-09-07,One Time
13343,353.43,1,135.0,19,2011-06-15,2011-06-15,One Time
14804,353.27,1,121.0,12,2011-12-01,2011-12-01,One Time
12617,352.98,1,210.0,39,2011-11-10,2011-11-10,One Time
13765,352.82,1,297.0,17,2010-02-24,2010-02-24,One Time
16857,352.8,1,168.0,11,2010-09-23,2010-09-23,One Time
16274,351.75,1,153.0,64,2010-12-01,2010-12-01,One Time
12566,351.65,1,265.0,19,2011-09-14,2011-09-14,One Time
16192,351.3,1,208.0,11,2009-12-04,2009-12-04,One Time
13923,351.13,1,185.0,20,2011-10-17,2011-10-17,One Time
14252,350.99,1,111.0,10,2010-11-23,2010-11-23,One Time
13332,350.9,1,179.0,21,2011-11-25,2011-11-25,One Time
13281,350.85,1,201.0,22,2010-09-26,2010-09-26,One Time
16476,350.35,1,187.0,24,2010-10-04,2010-10-04,One Time
12532,349.83,1,153.0,16,2011-11-09,2011-11-09,One Time
13670,349.7,1,282.0,25,2011-09-25,2011-09-25,One Time
13887,349.55,1,147.0,19,2011-05-19,2011-05-19,One Time
18250,349.27,1,199.0,21,2011-02-02,2011-02-02,One Time
14545,349.25,1,236.0,23,2010-02-03,2010-02-03,One Time
13790,348.8,1,748.0,45,2011-12-05,2011-12-05,One Time
15282,348.59,1,395.0,27,2010-05-18,2010-05-18,One Time
16263,348.16,1,197.0,19,2010-10-12,2010-10-12,One Time
12760,347.8,1,198.0,21,2010-09-10,2010-09-10,One Time
15085,347.54,1,169.0,9,2009-12-10,2009-12-10,One Time
13062,346.98,1,343.0,11,2011-06-01,2011-06-01,One Time
12411,346.9,1,138.0,22,2010-10-26,2010-10-26,One Time
16423,346.12,1,230.0,18,2011-11-15,2011-11-15,One Time
13774,345.0,1,192.0,22,2011-09-19,2011-09-19,One Time
14633,344.9,1,96.0,20,2011-03-18,2011-03-18,One Time
18199,344.75,1,99.0,20,2010-01-25,2010-01-25,One Time
17569,344.14,1,159.0,29,2011-01-11,2011-01-11,One Time
15047,343.62,1,222.0,22,2011-03-15,2011-03-15,One Time
15520,343.5,1,314.0,18,2011-12-08,2011-12-08,One Time
12715,343.36,1,192.0,20,2011-08-25,2011-08-25,One Time
13550,342.55,1,430.0,40,2010-11-21,2010-11-21,One Time
14989,342.4,1,200.0,18,2010-02-16,2010-02-16,One Time
14724,341.9,1,184.0,40,2010-04-28,2010-04-28,One Time
16826,341.7,1,158.0,22,2011-10-19,2011-10-19,One Time
13347,341.36,1,205.0,8,2011-09-30,2011-09-30,One Time
16044,340.84,1,170.0,19,2010-09-30,2010-09-30,One Time
15818,340.5,1,284.0,11,2010-04-30,2010-04-30,One Time
12900,340.33,1,139.0,13,2010-10-13,2010-10-13,One Time
12698,339.75,1,111.0,16,2010-04-28,2010-04-28,One Time
13737,339.6,1,125.0,29,2011-05-23,2011-05-23,One Time
14203,339.34,1,80.0,16,2010-11-07,2010-11-07,One Time
17697,338.95,1,93.0,19,2011-04-17,2011-04-17,One Time
14630,338.65,1,111.0,21,2010-08-12,2010-08-12,One Time
17833,338.46,1,143.0,28,2009-12-16,2009-12-16,One Time
17296,338.13,1,216.0,32,2009-12-09,2009-12-09,One Time
12869,337.67,1,144.0,35,2010-01-27,2010-01-27,One Time
15942,337.44,1,232.0,14,2011-07-29,2011-07-29,One Time
12780,337.4,1,285.0,20,2010-04-20,2010-04-20,One Time
17973,337.04,1,176.0,15,2011-10-19,2011-10-19,One Time
17488,336.5,1,136.0,18,2010-03-08,2010-03-08,One Time
15619,336.4,1,136.0,3,2011-11-29,2011-11-29,One Time
14196,335.52,1,142.0,6,2011-08-25,2011-08-25,One Time
16063,335.32,1,262.0,23,2011-03-24,2011-03-24,One Time
12489,334.93,1,105.0,15,2011-01-07,2011-01-07,One Time
17821,334.62,1,162.0,6,2010-10-29,2010-10-29,One Time
12350,334.4,1,197.0,17,2011-02-02,2011-02-02,One Time
17607,333.81,1,269.0,22,2010-11-28,2010-11-28,One Time
13216,333.74,1,297.0,5,2011-03-17,2011-03-17,One Time
14137,332.7,1,462.0,11,2010-01-13,2010-01-13,One Time
16850,332.41,1,249.0,19,2011-01-10,2011-01-10,One Time
16803,332.3,1,245.0,24,2011-10-05,2011-10-05,One Time
17435,331.35,1,195.0,15,2010-10-24,2010-10-24,One Time
16030,331.24,1,283.0,28,2011-02-03,2011-02-03,One Time
13981,331.14,1,234.0,22,2010-10-20,2010-10-20,One Time
12807,330.35,1,145.0,16,2010-11-21,2010-11-21,One Time
15130,330.11,1,197.0,22,2011-06-23,2011-06-23,One Time
12850,330.0,1,200.0,2,2010-09-20,2010-09-20,One Time
18186,329.58,1,338.0,11,2009-12-17,2009-12-17,One Time
17914,329.36,1,457.0,72,2011-12-06,2011-12-06,One Time
17154,329.34,1,490.0,23,2011-09-25,2011-09-25,One Time
15153,329.25,1,198.0,22,2011-11-08,2011-11-08,One Time
15979,329.22,1,450.0,22,2010-04-16,2010-04-16,One Time
15880,329.03,1,202.0,95,2010-12-05,2010-12-05,One Time
14012,328.8,1,160.0,11,2011-03-07,2011-03-07,One Time
14747,328.2,1,84.0,18,2011-04-04,2011-04-04,One Time
16318,328.15,1,199.0,19,2011-11-04,2011-11-04,One Time
17196,327.75,1,154.0,84,2010-10-08,2010-10-08,One Time
15735,327.68,1,206.0,19,2010-10-14,2010-10-14,One Time
13498,327.38,1,362.0,17,2009-12-09,2009-12-09,One Time
12460,326.65,1,170.0,18,2010-09-09,2010-09-09,One Time
17439,325.74,1,370.0,8,2010-02-22,2010-02-22,One Time
13661,325.24,1,118.0,17,2010-04-15,2010-04-15,One Time
13801,324.8,1,168.0,23,2011-10-04,2011-10-04,One Time
15982,324.51,1,131.0,45,2010-04-13,2010-04-13,One Time
12946,324.45,1,149.0,20,2010-09-29,2010-09-29,One Time
13025,323.39,1,241.0,13,2009-12-08,2009-12-08,One Time
16195,323.25,1,123.0,16,2009-12-16,2009-12-16,One Time
14263,322.93,1,171.0,16,2010-10-12,2010-10-12,One Time
16627,322.8,1,162.0,20,2011-09-21,2011-09-21,One Time
14832,322.69,1,1.0,1,2010-03-19,2010-03-19,One Time
14424,322.08,1,48.0,1,2011-11-22,2011-11-22,One Time
15726,321.91,1,123.0,23,2010-11-14,2010-11-14,One Time
18090,321.9,1,307.0,47,2010-10-14,2010-10-14,One Time
13111,321.88,1,180.0,12,2009-12-21,2009-12-21,One Time
17976,321.79,1,93.0,56,2010-12-02,2010-12-02,One Time
17471,321.65,1,153.0,19,2010-08-22,2010-08-22,One Time
14070,321.6,1,85.0,40,2010-01-24,2010-01-24,One Time
15770,321.45,1,67.0,18,2010-04-06,2010-04-06,One Time
15236,321.05,1,269.0,15,2011-02-14,2011-02-14,One Time
14622,320.58,1,146.0,21,2011-06-08,2011-06-08,One Time
13986,320.46,1,430.0,12,2011-11-22,2011-11-22,One Time
16683,320.25,1,190.0,18,2010-06-24,2010-06-24,One Time
13942,320.0,1,1000.0,1,2010-06-23,2010-06-23,One Time
13843,319.75,1,145.0,18,2010-11-23,2010-11-23,One Time
16967,319.02,1,333.0,21,2011-06-03,2011-06-03,One Time
14703,318.17,1,183.0,22,2011-11-25,2011-11-25,One Time
17839,318.15,1,257.0,50,2011-10-28,2011-10-28,One Time
18253,317.88,1,128.0,7,2010-03-07,2010-03-07,One Time
15616,317.11,1,137.0,13,2010-09-27,2010-09-27,One Time
16761,316.62,1,341.0,13,2011-09-04,2011-09-04,One Time
15204,316.58,1,258.0,9,2010-12-17,2010-12-17,One Time
12529,316.48,1,192.0,21,2010-06-29,2010-06-29,One Time
13494,316.26,1,162.0,18,2011-02-01,2011-02-01,One Time
18117,315.65,1,605.0,68,2011-11-14,2011-11-14,One Time
12614,315.6,1,76.0,20,2011-03-07,2011-03-07,One Time
17121,314.74,1,106.0,12,2010-11-02,2010-11-02,One Time
14991,314.67,1,191.0,21,2010-10-05,2010-10-05,One Time
18206,314.66,1,246.0,19,2010-06-04,2010-06-04,One Time
12650,314.44,1,254.0,20,2011-12-06,2011-12-06,One Time
18070,314.1,1,86.0,9,2010-02-08,2010-02-08,One Time
13087,313.64,1,86.0,15,2009-12-13,2009-12-13,One Time
16582,313.62,1,164.0,6,2011-08-18,2011-08-18,One Time
13845,312.98,1,182.0,9,2011-10-06,2011-10-06,One Time
15162,312.9,1,74.0,12,2009-12-08,2009-12-08,One Time
13905,312.65,1,135.0,12,2009-12-07,2009-12-07,One Time
15318,312.62,1,642.0,33,2011-12-06,2011-12-06,One Time
12834,312.38,1,110.0,18,2011-03-02,2011-03-02,One Time
14094,311.77,1,158.0,41,2010-09-26,2010-09-26,One Time
14951,311.69,1,311.0,20,2011-09-21,2011-09-21,One Time
12852,311.55,1,149.0,17,2011-02-18,2011-02-18,One Time
13990,311.3,1,190.0,16,2011-05-10,2011-05-10,One Time
16328,310.83,1,141.0,16,2010-05-25,2010-05-25,One Time
13400,310.83,1,284.0,23,2010-05-06,2010-05-06,One Time
13847,310.72,1,96.0,19,2009-12-20,2009-12-20,One Time
16439,310.7,1,74.0,9,2009-12-17,2009-12-17,One Time
15185,310.62,1,666.0,21,2011-09-30,2011-09-30,One Time
14848,310.56,1,260.0,11,2010-10-31,2010-10-31,One Time
15308,310.47,1,175.0,19,2011-03-10,2011-03-10,One Time
15188,310.43,1,233.0,23,2009-12-14,2009-12-14,One Time
13315,310.26,1,232.0,22,2010-01-19,2010-01-19,One Time
14749,310.15,1,403.0,18,2010-08-17,2010-08-17,One Time
13628,310.14,1,106.0,16,2010-02-01,2010-02-01,One Time
15699,309.65,1,113.0,18,2011-11-22,2011-11-22,One Time
12884,309.05,1,43.0,7,2011-09-12,2011-09-12,One Time
15010,308.94,1,184.0,20,2011-11-04,2011-11-04,One Time
16956,308.74,1,114.0,16,2011-11-22,2011-11-22,One Time
16194,308.6,1,140.0,8,2010-11-29,2010-11-29,One Time
13369,308.28,1,149.0,14,2010-12-09,2010-12-09,One Time
14927,308.2,1,196.0,20,2010-11-08,2010-11-08,One Time
15302,308.0,1,102.0,15,2009-12-09,2009-12-09,One Time
15778,307.95,1,101.0,17,2010-10-04,2010-10-04,One Time
13289,307.95,1,119.0,16,2009-12-16,2009-12-16,One Time
16123,307.78,1,170.0,16,2011-10-19,2011-10-19,One Time
14777,307.56,1,212.0,16,2010-11-01,2010-11-01,One Time
13060,307.53,1,123.0,15,2011-03-31,2011-03-31,One Time
17120,307.46,1,120.0,18,2011-04-20,2011-04-20,One Time
13932,307.4,1,72.0,16,2011-02-18,2011-02-18,One Time
14783,307.3,1,262.0,17,2010-02-18,2010-02-18,One Time
17721,307.21,1,107.0,11,2010-02-18,2010-02-18,One Time
13036,307.1,1,38.0,6,2010-01-24,2010-01-24,One Time
13142,307.09,1,258.0,23,2011-11-20,2011-11-20,One Time
15087,306.94,1,470.0,15,2011-03-03,2011-03-03,One Time
13660,306.64,1,136.0,39,2010-11-04,2010-11-04,One Time
16649,306.58,1,82.0,20,2010-07-07,2010-07-07,One Time
17077,306.0,1,36.0,1,2010-05-10,2010-05-10,One Time
16796,305.62,1,186.0,18,2011-09-11,2011-09-11,One Time
16181,305.54,1,152.0,11,2011-09-27,2011-09-27,One Time
15893,305.28,1,288.0,1,2010-08-15,2010-08-15,One Time
13383,305.28,1,288.0,1,2010-06-14,2010-06-14,One Time
18185,304.25,1,183.0,17,2011-04-04,2011-04-04,One Time
17688,304.2,1,114.0,19,2010-11-11,2010-11-11,One Time
14791,303.63,1,127.0,19,2010-04-12,2010-04-12,One Time
16425,302.7,1,199.0,21,2011-02-10,2011-02-10,One Time
18165,302.46,1,254.0,10,2011-06-15,2011-06-15,One Time
17506,302.2,1,139.0,14,2011-09-25,2011-09-25,One Time
15242,302.04,1,196.0,4,2010-10-13,2010-10-13,One Time
16297,301.9,1,206.0,20,2011-03-16,2011-03-16,One Time
15667,301.32,1,240.0,13,2011-10-31,2011-10-31,One Time
15148,301.29,1,187.0,20,2011-11-29,2011-11-29,One Time
13625,301.26,1,144.0,21,2010-04-22,2010-04-22,One Time
12351,300.93,1,261.0,21,2010-11-29,2010-11-29,One Time
17793,300.34,1,226.0,49,2011-11-14,2011-11-14,One Time
14797,300.31,1,99.0,16,2010-07-20,2010-07-20,One Time
13667,299.05,1,149.0,82,2011-07-13,2011-07-13,One Time
12595,299.02,1,271.0,19,2010-07-23,2010-07-23,One Time
15609,298.48,1,148.0,16,2011-06-08,2011-06-08,One Time
17824,298.4,1,408.0,13,2011-10-19,2011-10-19,One Time
12881,298.0,1,21.0,7,2011-03-09,2011-03-09,One Time
17627,296.36,1,676.0,10,2010-08-18,2010-08-18,One Time
13751,296.25,1,152.0,9,2011-02-24,2011-02-24,One Time
13504,295.93,1,178.0,22,2011-10-06,2011-10-06,One Time
14269,295.73,1,123.0,16,2010-09-26,2010-09-26,One Time
14614,295.13,1,189.0,19,2010-11-18,2010-11-18,One Time
16252,295.09,1,158.0,21,2010-11-22,2010-11-22,One Time
16579,295.05,1,119.0,14,2010-10-10,2010-10-10,One Time
17057,294.74,1,129.0,48,2010-04-22,2010-04-22,One Time
17124,294.24,1,129.0,31,2011-06-07,2011-06-07,One Time
17927,294.0,1,108.0,10,2009-12-18,2009-12-18,One Time
15718,293.79,1,95.0,18,2010-06-17,2010-06-17,One Time
14192,293.74,1,218.0,14,2010-11-16,2010-11-16,One Time
15928,293.53,1,164.0,11,2010-02-21,2010-02-21,One Time
17710,293.5,1,158.0,20,2010-10-12,2010-10-12,One Time
17441,293.35,1,245.0,21,2009-12-07,2009-12-07,One Time
17207,292.62,1,233.0,55,2010-02-25,2010-02-25,One Time
16721,292.47,1,172.0,37,2011-03-22,2011-03-22,One Time
16543,292.21,1,317.0,18,2010-04-27,2010-04-27,One Time
13449,291.88,1,222.0,19,2011-11-16,2011-11-16,One Time
17907,291.76,1,1046.0,13,2010-03-09,2010-03-09,One Time
16615,291.5,1,211.0,19,2010-03-23,2010-03-23,One Time
18182,291.13,1,167.0,10,2010-09-02,2010-09-02,One Time
17551,290.34,1,142.0,39,2010-12-15,2010-12-15,One Time
15391,289.87,1,109.0,12,2010-05-04,2010-05-04,One Time
13796,289.7,1,218.0,22,2010-07-28,2010-07-28,One Time
15962,289.48,1,228.0,43,2010-09-16,2010-09-16,One Time
16432,287.4,1,276.0,8,2011-10-06,2011-10-06,One Time
14402,285.6,1,240.0,8,2010-02-25,2010-02-25,One Time
17636,285.56,1,182.0,20,2011-11-20,2011-11-20,One Time
13708,285.33,1,301.0,49,2011-03-13,2011-03-13,One Time
12487,285.3,1,174.0,2,2009-12-09,2009-12-09,One Time
16429,284.55,1,9.0,2,2011-08-25,2011-08-25,One Time
13121,283.73,1,252.0,50,2011-03-15,2011-03-15,One Time
13511,282.76,1,60.0,5,2010-02-01,2010-02-01,One Time
12771,282.3,1,104.0,15,2010-08-11,2010-08-11,One Time
13326,281.76,1,140.0,13,2010-10-03,2010-10-03,One Time
15772,280.88,1,110.0,16,2010-10-17,2010-10-17,One Time
14433,280.7,1,131.0,72,2010-08-31,2010-08-31,One Time
17247,280.09,1,105.0,53,2011-11-24,2011-11-24,One Time
15556,279.77,1,236.0,31,2011-11-15,2011-11-15,One Time
14764,278.3,1,190.0,6,2011-10-24,2011-10-24,One Time
15338,277.93,1,148.0,56,2010-01-31,2010-01-31,One Time
12750,275.88,1,137.0,15,2011-08-03,2011-08-03,One Time
17072,273.35,1,212.0,20,2010-03-24,2010-03-24,One Time
17355,273.31,1,249.0,28,2010-11-18,2010-11-18,One Time
17498,272.22,1,394.0,17,2011-09-25,2011-09-25,One Time
14816,271.85,1,5.0,4,2011-05-26,2011-05-26,One Time
18238,270.92,1,114.0,14,2010-07-12,2010-07-12,One Time
12558,269.96,1,196.0,11,2011-12-02,2011-12-02,One Time
18267,269.37,1,135.0,17,2010-02-05,2010-02-05,One Time
15964,269.21,1,93.0,20,2010-02-14,2010-02-14,One Time
17264,268.28,1,217.0,70,2010-10-11,2010-10-11,One Time
12751,268.27,1,189.0,61,2010-09-21,2010-09-21,One Time
18254,267.9,1,188.0,16,2010-05-07,2010-05-07,One Time
15408,267.18,1,106.0,34,2011-03-20,2011-03-20,One Time
15320,267.13,1,326.0,36,2011-10-26,2011-10-26,One Time
15517,267.03,1,293.0,27,2011-04-20,2011-04-20,One Time
14863,266.76,1,132.0,11,2011-11-10,2011-11-10,One Time
14392,266.4,1,114.0,14,2010-10-03,2010-10-03,One Time
15119,266.4,1,88.0,14,2011-04-08,2011-04-08,One Time
13973,264.7,1,109.0,11,2011-02-25,2011-02-25,One Time
16334,263.73,1,206.0,54,2010-08-04,2010-08-04,One Time
13128,263.5,1,31.0,1,2010-03-18,2010-03-18,One Time
12892,263.38,1,140.0,18,2010-11-08,2010-11-08,One Time
13331,262.4,1,54.0,12,2010-11-03,2010-11-03,One Time
17910,261.7,1,121.0,25,2009-12-13,2009-12-13,One Time
12655,261.35,1,80.0,16,2010-10-12,2010-10-12,One Time
16733,259.68,1,112.0,12,2010-06-28,2010-06-28,One Time
17558,259.17,1,54.0,28,2010-11-11,2010-11-11,One Time
13127,259.17,1,127.0,15,2011-09-23,2011-09-23,One Time
15536,259.09,1,242.0,16,2010-10-26,2010-10-26,One Time
14526,258.65,1,178.0,41,2010-11-15,2010-11-15,One Time
13683,258.6,1,180.0,10,2010-09-08,2010-09-08,One Time
13227,257.7,1,99.0,9,2011-05-22,2011-05-22,One Time
15404,257.06,1,334.0,16,2010-11-29,2010-11-29,One Time
14274,256.6,1,178.0,15,2010-01-22,2010-01-22,One Time
12430,256.4,1,117.0,11,2011-10-27,2011-10-27,One Time
13806,256.38,1,56.0,10,2011-10-07,2011-10-07,One Time
17896,256.32,1,288.0,2,2011-11-16,2011-11-16,One Time
17385,256.11,1,197.0,42,2011-11-25,2011-11-25,One Time
14881,255.4,1,316.0,17,2011-11-20,2011-11-20,One Time
12746,254.55,1,97.0,17,2010-06-17,2010-06-17,One Time
17626,254.0,1,202.0,18,2010-04-16,2010-04-16,One Time
16845,253.88,1,167.0,20,2010-03-31,2010-03-31,One Time
17992,252.88,1,130.0,49,2010-11-15,2010-11-15,One Time
15019,252.81,1,150.0,64,2011-03-18,2011-03-18,One Time
15035,252.73,1,245.0,26,2011-09-11,2011-09-11,One Time
13251,252.68,1,215.0,25,2010-11-02,2010-11-02,One Time
16908,252.59,1,61.0,20,2009-12-17,2009-12-17,One Time
16074,252.5,1,38.0,23,2010-11-14,2010-11-14,One Time
13645,252.1,1,158.0,5,2011-08-11,2011-08-11,One Time
17210,251.72,1,242.0,47,2010-11-12,2010-11-12,One Time
16976,251.52,1,88.0,2,2011-03-17,2011-03-17,One Time
18266,251.1,1,138.0,14,2010-10-01,2010-10-01,One Time
16962,251.04,1,158.0,15,2010-10-26,2010-10-26,One Time
15231,250.26,1,190.0,14,2010-03-28,2010-03-28,One Time
17303,250.04,1,144.0,53,2010-12-13,2010-12-13,One Time
15510,250.0,1,2.0,1,2011-01-13,2011-01-13,One Time
12563,249.24,1,113.0,13,2010-10-27,2010-10-27,One Time
13061,248.61,1,107.0,10,2011-09-28,2011-09-28,One Time
15293,247.5,1,178.0,19,2010-02-12,2010-02-12,One Time
18072,247.44,1,288.0,18,2011-06-07,2011-06-07,One Time
13349,247.32,1,225.0,16,2011-11-29,2011-11-29,One Time
14654,246.86,1,273.0,27,2009-12-01,2009-12-01,One Time
15697,246.75,1,127.0,14,2010-01-19,2010-01-19,One Time
13943,246.54,1,94.0,15,2010-05-11,2010-05-11,One Time
15495,246.5,1,194.0,20,2010-11-25,2010-11-25,One Time
15783,246.3,1,212.0,14,2011-11-29,2011-11-29,One Time
18153,246.22,1,200.0,17,2010-02-18,2010-02-18,One Time
14325,245.48,1,320.0,18,2010-05-19,2010-05-19,One Time
14281,245.15,1,45.0,7,2010-10-27,2010-10-27,One Time
12660,245.1,1,127.0,13,2011-11-28,2011-11-28,One Time
15118,244.8,1,1440.0,1,2011-07-28,2011-07-28,One Time
16528,244.41,1,171.0,17,2011-12-06,2011-12-06,One Time
14694,244.31,1,193.0,15,2010-04-01,2010-04-01,One Time
17925,244.08,1,72.0,1,2010-12-02,2010-12-02,One Time
16793,243.84,1,146.0,16,2011-10-13,2011-10-13,One Time
13886,243.56,1,126.0,16,2011-09-29,2011-09-29,One Time
16215,242.35,1,104.0,14,2011-09-20,2011-09-20,One Time
17009,242.06,1,336.0,10,2010-06-06,2010-06-06,One Time
13445,241.9,1,198.0,7,2010-03-23,2010-03-23,One Time
15776,241.62,1,138.0,18,2011-07-29,2011-07-29,One Time
14774,241.45,1,99.0,13,2010-06-29,2010-06-29,One Time
14523,241.09,1,251.0,12,2011-08-23,2011-08-23,One Time
16508,240.95,1,103.0,42,2010-03-19,2010-03-19,One Time
13674,240.68,1,102.0,14,2010-10-03,2010-10-03,One Time
15286,240.55,1,55.0,3,2011-10-21,2011-10-21,One Time
15336,240.5,1,84.0,15,2010-11-03,2010-11-03,One Time
15931,239.9,1,118.0,14,2010-10-07,2010-10-07,One Time
13570,239.49,1,161.0,27,2011-04-10,2011-04-10,One Time
13789,239.46,1,258.0,18,2010-11-16,2010-11-16,One Time
17684,239.41,1,145.0,15,2011-10-27,2011-10-27,One Time
17981,239.12,1,260.0,17,2010-10-25,2010-10-25,One Time
12561,238.85,1,177.0,16,2011-02-10,2011-02-10,One Time
12718,238.25,1,203.0,19,2011-09-29,2011-09-29,One Time
16280,238.05,1,101.0,16,2009-12-14,2009-12-14,One Time
14982,237.78,1,125.0,39,2010-05-16,2010-05-16,One Time
17877,237.61,1,98.0,12,2011-06-22,2011-06-22,One Time
14586,237.36,1,444.0,19,2011-03-08,2011-03-08,One Time
15457,237.07,1,132.0,56,2011-03-22,2011-03-22,One Time
12732,236.26,1,111.0,12,2011-06-13,2011-06-13,One Time
13088,236.11,1,76.0,19,2010-10-18,2010-10-18,One Time
16026,236.09,1,243.0,30,2011-10-27,2011-10-27,One Time
17093,235.88,1,114.0,13,2010-04-26,2010-04-26,One Time
17872,235.87,1,176.0,15,2010-11-23,2010-11-23,One Time
16046,235.78,1,248.0,22,2010-05-26,2010-05-26,One Time
12392,234.75,1,73.0,7,2010-04-27,2010-04-27,One Time
13114,234.38,1,74.0,16,2009-12-09,2009-12-09,One Time
17060,234.24,1,216.0,5,2011-03-18,2011-03-18,One Time
12736,234.0,1,173.0,4,2011-01-11,2011-01-11,One Time
13009,234.0,1,120.0,4,2010-02-05,2010-02-05,One Time
13348,233.76,1,136.0,14,2011-10-06,2011-10-06,One Time
14153,233.4,1,312.0,17,2010-08-13,2010-08-13,One Time
15294,233.35,1,97.0,15,2010-10-25,2010-10-25,One Time
16302,233.22,1,158.0,11,2011-08-05,2011-08-05,One Time
17055,232.85,1,83.0,24,2010-09-20,2010-09-20,One Time
13678,232.6,1,924.0,16,2011-07-11,2011-07-11,One Time
18213,232.48,1,232.0,15,2011-04-17,2011-04-17,One Time
13608,232.05,1,110.0,31,2010-06-17,2010-06-17,One Time
16408,231.93,1,227.0,45,2010-04-27,2010-04-27,One Time
17151,231.9,1,42.0,4,2009-12-04,2009-12-04,One Time
17136,231.68,1,256.0,14,2010-02-15,2010-02-15,One Time
18279,231.34,1,630.0,13,2010-07-08,2010-07-08,One Time
15487,231.32,1,144.0,14,2010-01-29,2010-01-29,One Time
17125,230.5,1,281.0,34,2011-10-20,2011-10-20,One Time
18197,230.1,1,166.0,9,2010-05-13,2010-05-13,One Time
14017,229.75,1,73.0,14,2010-05-17,2010-05-17,One Time
12812,229.64,1,164.0,15,2011-10-26,2011-10-26,One Time
15528,229.33,1,123.0,26,2011-03-30,2011-03-30,One Time
17743,229.2,1,96.0,3,2010-09-17,2010-09-17,One Time
15273,228.96,1,216.0,1,2010-04-19,2010-04-19,One Time
17347,228.96,1,216.0,1,2011-09-14,2011-09-14,One Time
13146,228.91,1,154.0,16,2011-11-13,2011-11-13,One Time
17066,228.34,1,93.0,17,2009-12-13,2009-12-13,One Time
14458,228.07,1,317.0,46,2010-11-24,2010-11-24,One Time
16760,228.0,1,168.0,17,2010-10-05,2010-10-05,One Time
17868,227.15,1,85.0,18,2010-11-18,2010-11-18,One Time
16740,226.91,1,110.0,30,2010-11-09,2010-11-09,One Time
14718,226.42,1,202.0,11,2010-10-25,2010-10-25,One Time
17993,225.99,1,108.0,60,2010-04-01,2010-04-01,One Time
17915,225.78,1,184.0,27,2010-06-06,2010-06-06,One Time
16622,225.4,1,44.0,12,2010-06-14,2010-06-14,One Time
16587,225.15,1,71.0,13,2011-04-21,2011-04-21,One Time
14357,225.12,1,147.0,39,2011-10-27,2011-10-27,One Time
16346,224.51,1,289.0,15,2010-11-19,2010-11-19,One Time
15175,224.14,1,454.0,23,2011-09-29,2011-09-29,One Time
12914,223.98,1,336.0,9,2010-11-04,2010-11-04,One Time
16753,223.92,1,189.0,34,2011-10-12,2011-10-12,One Time
14928,223.91,1,268.0,21,2010-03-22,2010-03-22,One Time
16562,223.86,1,264.0,34,2010-08-20,2010-08-20,One Time
13926,223.85,1,104.0,11,2011-11-16,2011-11-16,One Time
18131,222.96,1,552.0,4,2010-03-18,2010-03-18,One Time
12887,222.4,1,100.0,13,2010-11-21,2010-11-21,One Time
14596,222.22,1,75.0,50,2010-03-23,2010-03-23,One Time
15788,221.83,1,115.0,14,2010-07-19,2010-07-19,One Time
14445,221.65,1,83.0,32,2010-09-10,2010-09-10,One Time
17261,221.59,1,95.0,43,2010-07-18,2010-07-18,One Time
17087,221.53,1,113.0,12,2009-12-02,2009-12-02,One Time
13419,221.06,1,275.0,16,2011-10-07,2011-10-07,One Time
16482,220.62,1,346.0,18,2011-11-24,2011-11-24,One Time
18132,220.13,1,212.0,60,2010-07-23,2010-07-23,One Time
18114,220.1,1,55.0,28,2011-02-22,2011-02-22,One Time
13454,219.87,1,198.0,23,2010-03-08,2010-03-08,One Time
14074,219.4,1,228.0,6,2010-03-26,2010-03-26,One Time
15096,219.39,1,120.0,11,2011-10-28,2011-10-28,One Time
12799,219.35,1,137.0,15,2010-06-28,2010-06-28,One Time
12702,219.0,1,53.0,12,2011-11-20,2011-11-20,One Time
15790,218.75,1,113.0,34,2011-11-29,2011-11-29,One Time
12574,218.45,1,61.0,11,2011-01-28,2011-01-28,One Time
16035,217.73,1,33.0,21,2010-05-28,2010-05-28,One Time
15554,217.2,1,74.0,14,2011-03-07,2011-03-07,One Time
13423,217.03,1,141.0,12,2010-10-07,2010-10-07,One Time
17902,216.4,1,526.0,24,2010-06-11,2010-06-11,One Time
15604,216.39,1,159.0,17,2011-10-18,2011-10-18,One Time
13858,216.17,1,75.0,11,2011-10-13,2011-10-13,One Time
16179,215.83,1,99.0,11,2011-10-10,2011-10-10,One Time
14376,215.46,1,50.0,17,2010-01-25,2010-01-25,One Time
14635,215.22,1,118.0,15,2010-09-12,2010-09-12,One Time
18007,215.22,1,246.0,46,2010-11-12,2010-11-12,One Time
16338,214.8,1,94.0,11,2011-07-05,2011-07-05,One Time
14106,214.8,1,24.0,1,2009-12-02,2009-12-02,One Time
14361,214.71,1,251.0,14,2010-05-10,2010-05-10,One Time
17619,214.37,1,124.0,71,2011-01-31,2011-01-31,One Time
15460,214.26,1,107.0,53,2010-12-20,2010-12-20,One Time
14601,213.96,1,168.0,7,2011-11-29,2011-11-29,One Time
18157,213.9,1,145.0,25,2010-05-17,2010-05-17,One Time
13621,213.85,1,343.0,19,2011-08-15,2011-08-15,One Time
17153,213.78,1,104.0,14,2011-11-15,2011-11-15,One Time
13411,213.55,1,72.0,17,2011-08-24,2011-08-24,One Time
16591,213.5,1,41.0,10,2011-10-02,2011-10-02,One Time
13724,213.01,1,130.0,39,2010-03-12,2010-03-12,One Time
13691,212.78,1,145.0,54,2010-11-08,2010-11-08,One Time
12961,211.99,1,180.0,37,2010-11-25,2010-11-25,One Time
12470,211.95,1,95.0,23,2010-01-19,2010-01-19,One Time
15866,211.89,1,124.0,43,2011-08-30,2011-08-30,One Time
14843,211.8,1,132.0,9,2010-09-29,2010-09-29,One Time
15703,211.5,1,66.0,5,2011-03-20,2011-03-20,One Time
13271,211.49,1,240.0,79,2011-11-02,2011-11-02,One Time
12995,211.32,1,108.0,3,2011-09-15,2011-09-15,One Time
15490,210.85,1,82.0,22,2010-10-05,2010-10-05,One Time
14992,210.5,1,145.0,27,2010-09-23,2010-09-23,One Time
13532,210.31,1,129.0,66,2011-11-06,2011-11-06,One Time
16874,209.89,1,78.0,31,2010-11-25,2010-11-25,One Time
13828,209.49,1,311.0,15,2011-11-17,2011-11-17,One Time
13056,209.48,1,158.0,18,2010-06-06,2010-06-06,One Time
14003,209.41,1,149.0,16,2009-12-07,2009-12-07,One Time
15112,209.4,1,72.0,7,2010-04-07,2010-04-07,One Time
17855,208.97,1,197.0,17,2010-12-02,2010-12-02,One Time
15327,208.75,1,116.0,10,2011-10-18,2011-10-18,One Time
13290,208.63,1,1.0,1,2010-09-27,2010-09-27,One Time
16457,208.36,1,140.0,9,2011-05-05,2011-05-05,One Time
12848,208.0,1,58.0,16,2010-02-02,2010-02-02,One Time
15052,207.73,1,79.0,27,2011-01-24,2011-01-24,One Time
16752,207.5,1,54.0,9,2010-12-02,2010-12-02,One Time
13099,207.36,1,288.0,1,2011-09-01,2011-09-01,One Time
17989,207.33,1,300.0,26,2010-11-25,2010-11-25,One Time
15925,207.15,1,93.0,12,2011-05-29,2011-05-29,One Time
15295,207.04,1,139.0,50,2010-02-23,2010-02-23,One Time
15820,206.98,1,128.0,17,2011-01-24,2011-01-24,One Time
14964,206.21,1,143.0,13,2011-04-06,2011-04-06,One Time
14278,205.83,1,131.0,13,2010-10-26,2010-10-26,One Time
16540,205.75,1,105.0,25,2010-10-21,2010-10-21,One Time
17670,205.7,1,110.0,11,2011-04-26,2011-04-26,One Time
16490,205.41,1,113.0,13,2010-09-29,2010-09-29,One Time
14602,205.36,1,80.0,31,2010-02-21,2010-02-21,One Time
15307,205.3,1,37.0,12,2011-09-05,2011-09-05,One Time
15758,205.25,1,47.0,9,2011-11-15,2011-11-15,One Time
12400,205.25,1,91.0,11,2010-10-21,2010-10-21,One Time
15319,204.5,1,175.0,16,2011-03-01,2011-03-01,One Time
17271,204.3,1,113.0,46,2009-12-03,2009-12-03,One Time
16901,204.26,1,42.0,23,2009-12-10,2009-12-10,One Time
17206,204.24,1,76.0,7,2011-10-17,2011-10-17,One Time
14468,204.24,1,164.0,12,2009-12-06,2009-12-06,One Time
13017,204.0,1,48.0,1,2011-12-02,2011-12-02,One Time
17394,203.87,1,241.0,4,2011-05-04,2011-05-04,One Time
17891,203.86,1,393.0,34,2011-06-30,2011-06-30,One Time
17074,203.05,1,19.0,4,2010-05-26,2010-05-26,One Time
15558,202.68,1,73.0,23,2010-03-10,2010-03-10,One Time
18169,202.65,1,61.0,9,2011-10-10,2011-10-10,One Time
12416,202.56,1,132.0,11,2010-02-21,2010-02-21,One Time
14892,202.35,1,79.0,13,2010-01-18,2010-01-18,One Time
13284,201.19,1,91.0,13,2011-01-13,2011-01-13,One Time
16965,201.19,1,291.0,26,2011-04-27,2011-04-27,One Time
18126,200.92,1,135.0,52,2011-10-10,2011-10-10,One Time
14330,200.63,1,103.0,13,2010-03-26,2010-03-26,One Time
17693,200.47,1,231.0,16,2011-07-25,2011-07-25,One Time
13944,200.43,1,153.0,35,2010-02-24,2010-02-24,One Time
14782,200.1,1,114.0,6,2011-01-24,2011-01-24,One Time
15593,199.8,1,60.0,5,2011-09-30,2011-09-30,One Time
13322,199.48,1,117.0,25,2011-11-22,2011-11-22,One Time
14521,199.45,1,211.0,17,2010-08-05,2010-08-05,One Time
15020,198.47,1,111.0,27,2010-11-25,2010-11-25,One Time
12581,197.71,1,161.0,15,2011-10-31,2011-10-31,One Time
17778,197.7,1,214.0,10,2010-02-16,2010-02-16,One Time
14185,197.65,1,6.0,3,2011-01-12,2011-01-12,One Time
14789,197.64,1,116.0,6,2011-11-11,2011-11-11,One Time
17112,197.57,1,130.0,44,2010-07-25,2010-07-25,One Time
12927,197.31,1,145.0,11,2010-11-10,2010-11-10,One Time
15234,197.0,1,196.0,14,2011-03-08,2011-03-08,One Time
13436,196.89,1,76.0,12,2011-12-08,2011-12-08,One Time
15746,196.88,1,178.0,28,2011-07-28,2011-07-28,One Time
16937,196.25,1,123.0,49,2010-07-28,2010-07-28,One Time
13757,195.55,1,54.0,8,2010-02-03,2010-02-03,One Time
17010,195.36,1,118.0,11,2011-11-21,2011-11-21,One Time
14666,195.25,1,161.0,14,2011-11-15,2011-11-15,One Time
14405,195.0,1,100.0,2,2010-11-18,2010-11-18,One Time
17475,194.37,1,178.0,14,2011-09-21,2011-09-21,One Time
16299,193.65,1,107.0,12,2010-08-19,2010-08-19,One Time
14476,193.0,1,110.0,17,2011-03-27,2011-03-27,One Time
18028,192.05,1,133.0,4,2010-05-05,2010-05-05,One Time
14100,191.95,1,63.0,24,2011-07-25,2011-07-25,One Time
15909,191.94,1,98.0,7,2011-06-19,2011-06-19,One Time
15692,191.04,1,138.0,12,2011-11-11,2011-11-11,One Time
15954,190.75,1,119.0,20,2010-04-29,2010-04-29,One Time
14728,190.58,1,68.0,14,2010-10-22,2010-10-22,One Time
15688,190.57,1,95.0,26,2010-10-17,2010-10-17,One Time
15412,190.53,1,108.0,10,2011-06-21,2011-06-21,One Time
18020,190.48,1,67.0,12,2010-06-14,2010-06-14,One Time
13766,190.35,1,137.0,16,2010-08-01,2010-08-01,One Time
18046,189.63,1,44.0,26,2010-02-28,2010-02-28,One Time
13826,189.5,1,82.0,10,2011-06-16,2011-06-16,One Time
14801,189.34,1,173.0,56,2011-10-09,2011-10-09,One Time
14830,188.88,1,164.0,39,2011-10-17,2011-10-17,One Time
16277,188.69,1,33.0,23,2009-12-06,2009-12-06,One Time
17283,188.46,1,179.0,15,2010-11-26,2010-11-26,One Time
16051,188.44,1,80.0,12,2010-01-27,2010-01-27,One Time
13063,188.4,1,116.0,12,2010-08-16,2010-08-16,One Time
17279,187.83,1,48.0,8,2011-10-13,2011-10-13,One Time
15072,187.52,1,164.0,13,2010-08-17,2010-08-17,One Time
13852,187.35,1,85.0,11,2010-04-08,2010-04-08,One Time
13568,187.05,1,66.0,41,2011-06-19,2011-06-19,One Time
13387,186.94,1,123.0,71,2010-10-18,2010-10-18,One Time
16267,186.66,1,198.0,7,2010-04-27,2010-04-27,One Time
17215,186.15,1,104.0,11,2010-09-01,2010-09-01,One Time
16388,186.05,1,83.0,13,2010-02-24,2010-02-24,One Time
15567,186.01,1,223.0,7,2011-11-21,2011-11-21,One Time
12641,185.9,1,72.0,10,2011-08-16,2011-08-16,One Time
17574,185.65,1,77.0,8,2011-04-11,2011-04-11,One Time
14879,185.06,1,104.0,27,2010-01-24,2010-01-24,One Time
16097,185.05,1,87.0,10,2011-04-13,2011-04-13,One Time
14677,184.91,1,139.0,14,2010-04-26,2010-04-26,One Time
17803,184.66,1,98.0,27,2010-11-12,2010-11-12,One Time
16914,183.76,1,112.0,25,2011-11-03,2011-11-03,One Time
14059,183.6,1,128.0,8,2011-03-18,2011-03-18,One Time
14983,183.2,1,90.0,30,2010-01-19,2010-01-19,One Time
14941,182.1,1,80.0,7,2010-05-10,2010-05-10,One Time
12934,181.65,1,31.0,2,2009-12-03,2009-12-03,One Time
16822,181.39,1,171.0,11,2010-01-22,2010-01-22,One Time
16594,181.09,1,64.0,53,2011-09-25,2011-09-25,One Time
17904,181.07,1,59.0,33,2011-11-18,2011-11-18,One Time
14858,180.75,1,105.0,11,2010-07-22,2010-07-22,One Time
18119,180.7,1,124.0,29,2010-12-07,2010-12-07,One Time
17820,180.61,1,111.0,39,2010-11-30,2010-11-30,One Time
16090,180.56,1,58.0,18,2010-03-25,2010-03-25,One Time
12622,180.1,1,69.0,11,2011-04-21,2011-04-21,One Time
18234,179.6,1,80.0,30,2010-06-06,2010-06-06,One Time
16640,179.4,1,146.0,13,2010-11-07,2010-11-07,One Time
14945,179.4,1,156.0,11,2010-10-22,2010-10-22,One Time
15895,179.17,1,94.0,11,2011-07-13,2011-07-13,One Time
14705,179.0,1,100.0,1,2011-05-25,2011-05-25,One Time
15209,178.98,1,94.0,13,2009-12-09,2009-12-09,One Time
14812,178.85,1,135.0,36,2010-04-20,2010-04-20,One Time
17879,178.52,1,45.0,6,2011-06-19,2011-06-19,One Time
15292,178.39,1,55.0,24,2011-05-22,2011-05-22,One Time
18045,178.34,1,138.0,43,2011-10-25,2011-10-25,One Time
17253,178.26,1,43.0,18,2011-11-21,2011-11-21,One Time
17798,178.07,1,138.0,43,2010-05-07,2010-05-07,One Time
16403,177.5,1,114.0,10,2011-01-31,2011-01-31,One Time
13618,177.34,1,246.0,13,2011-06-19,2011-06-19,One Time
12618,177.31,1,96.0,11,2011-11-18,2011-11-18,One Time
13072,177.15,1,69.0,7,2011-03-18,2011-03-18,One Time
16285,176.9,1,60.0,31,2010-03-03,2010-03-03,One Time
17036,176.9,1,76.0,12,2010-11-21,2010-11-21,One Time
17587,176.71,1,67.0,42,2010-03-21,2010-03-21,One Time
13746,176.69,1,83.0,9,2010-10-22,2010-10-22,One Time
17947,176.68,1,168.0,9,2011-11-02,2011-11-02,One Time
12893,176.55,1,90.0,27,2011-11-09,2011-11-09,One Time
12509,176.5,1,55.0,7,2011-02-28,2011-02-28,One Time
18054,176.5,1,96.0,11,2010-11-12,2010-11-12,One Time
18175,176.1,1,70.0,7,2010-02-02,2010-02-02,One Time
18274,175.92,1,88.0,11,2011-11-09,2011-11-09,One Time
17840,175.9,1,128.0,44,2010-09-22,2010-09-22,One Time
18166,175.5,1,90.0,10,2010-03-26,2010-03-26,One Time
13007,175.25,1,59.0,11,2010-05-09,2010-05-09,One Time
16144,175.2,1,16.0,1,2011-04-07,2011-04-07,One Time
17331,175.2,1,16.0,1,2011-08-08,2011-08-08,One Time
16559,175.0,1,61.0,17,2010-11-07,2010-11-07,One Time
17108,174.95,1,31.0,9,2010-02-14,2010-02-14,One Time
18010,174.8,1,60.0,14,2011-03-28,2011-03-28,One Time
14518,174.37,1,278.0,16,2011-10-06,2011-10-06,One Time
14674,173.66,1,103.0,14,2010-07-18,2010-07-18,One Time
12441,173.55,1,121.0,11,2010-12-08,2010-12-08,One Time
16741,173.06,1,81.0,11,2010-03-24,2010-03-24,One Time
16599,172.8,1,159.0,12,2010-11-19,2010-11-19,One Time
13671,172.6,1,95.0,61,2010-11-10,2010-11-10,One Time
13690,172.25,1,67.0,9,2011-10-11,2011-10-11,One Time
12442,172.06,1,182.0,12,2011-12-06,2011-12-06,One Time
15515,171.81,1,131.0,7,2010-11-17,2010-11-17,One Time
17983,171.71,1,108.0,23,2010-11-09,2010-11-09,One Time
17575,171.7,1,72.0,5,2010-02-10,2010-02-10,One Time
13560,171.42,1,63.0,32,2011-12-02,2011-12-02,One Time
16312,171.15,1,53.0,10,2010-10-03,2010-10-03,One Time
16673,171.13,1,95.0,19,2010-01-29,2010-01-29,One Time
14536,170.95,1,39.0,18,2011-03-25,2011-03-25,One Time
14811,170.5,1,74.0,28,2010-11-17,2010-11-17,One Time
17922,170.4,1,49.0,8,2010-06-14,2010-06-14,One Time
14860,170.32,1,232.0,11,2011-11-20,2011-11-20,One Time
16731,170.3,1,124.0,40,2010-03-01,2010-03-01,One Time
15335,170.22,1,79.0,34,2011-10-17,2011-10-17,One Time
14218,169.48,1,160.0,12,2011-10-28,2011-10-28,One Time
16002,169.21,1,70.0,42,2010-03-24,2010-03-24,One Time
15647,169.0,1,124.0,11,2010-10-20,2010-10-20,One Time
12367,168.9,1,173.0,11,2011-12-05,2011-12-05,One Time
12768,168.69,1,102.0,10,2010-09-15,2010-09-15,One Time
14578,168.63,1,240.0,24,2011-12-06,2011-12-06,One Time
18269,168.6,1,76.0,7,2010-12-08,2010-12-08,One Time
18099,168.31,1,149.0,19,2011-08-04,2011-08-04,One Time
14131,168.22,1,105.0,45,2010-03-01,2010-03-01,One Time
12551,168.0,1,100.0,10,2010-12-17,2010-12-17,One Time
17559,167.62,1,270.0,12,2010-07-15,2010-07-15,One Time
17367,167.55,1,149.0,33,2011-04-15,2011-04-15,One Time
17586,167.4,1,68.0,8,2010-03-30,2010-03-30,One Time
13609,167.35,1,19.0,7,2010-04-25,2010-04-25,One Time
15166,167.16,1,140.0,12,2010-08-29,2010-08-29,One Time
17875,167.1,1,98.0,25,2010-01-20,2010-01-20,One Time
13547,167.08,1,79.0,44,2010-10-27,2010-10-27,One Time
17650,166.08,1,150.0,8,2011-11-18,2011-11-18,One Time
18088,166.03,1,107.0,35,2011-10-09,2011-10-09,One Time
18107,165.88,1,65.0,38,2010-09-23,2010-09-23,One Time
13903,165.45,1,103.0,10,2010-11-04,2010-11-04,One Time
15316,165.0,1,100.0,1,2011-01-17,2011-01-17,One Time
16663,165.0,1,100.0,1,2009-12-10,2009-12-10,One Time
13191,164.69,1,115.0,58,2010-02-19,2010-02-19,One Time
15904,164.68,1,84.0,30,2011-12-01,2011-12-01,One Time
17535,164.4,1,136.0,13,2011-03-04,2011-03-04,One Time
13603,164.34,1,164.0,27,2011-11-13,2011-11-13,One Time
17417,164.18,1,76.0,16,2010-06-09,2010-06-09,One Time
14955,163.77,1,74.0,30,2009-12-07,2009-12-07,One Time
14485,162.8,1,70.0,44,2011-11-01,2011-11-01,One Time
16517,162.7,1,96.0,17,2011-03-07,2011-03-07,One Time
12954,162.45,1,83.0,10,2010-03-11,2010-03-11,One Time
15733,162.3,1,62.0,10,2011-03-02,2011-03-02,One Time
15534,162.25,1,63.0,8,2009-12-14,2009-12-14,One Time
16443,162.24,1,96.0,1,2010-07-07,2010-07-07,One Time
18014,162.22,1,66.0,29,2011-11-11,2011-11-11,One Time
12661,162.0,1,216.0,11,2010-09-29,2010-09-29,One Time
17971,161.94,1,62.0,21,2010-06-09,2010-06-09,One Time
17600,161.67,1,144.0,13,2011-11-22,2011-11-22,One Time
16113,161.38,1,176.0,30,2011-06-09,2011-06-09,One Time
13714,161.35,1,50.0,30,2010-08-31,2010-08-31,One Time
13779,161.13,1,53.0,27,2010-07-12,2010-07-12,One Time
13701,161.0,1,80.0,9,2010-09-19,2010-09-19,One Time
13229,160.95,1,63.0,10,2011-04-28,2011-04-28,One Time
17605,160.75,1,71.0,13,2010-04-28,2010-04-28,One Time
17202,160.65,1,55.0,8,2010-10-15,2010-10-15,One Time
17487,160.55,1,37.0,8,2009-12-11,2009-12-11,One Time
15229,160.5,1,114.0,9,2010-05-02,2010-05-02,One Time
16645,160.39,1,117.0,14,2009-12-04,2009-12-04,One Time
12966,160.18,1,75.0,10,2011-11-30,2011-11-30,One Time
14571,160.0,1,56.0,30,2010-10-10,2010-10-10,One Time
17953,159.17,1,98.0,20,2010-06-17,2010-06-17,One Time
16213,159.0,1,48.0,6,2011-09-22,2011-09-22,One Time
18224,158.95,1,69.0,10,2011-03-21,2011-03-21,One Time
14089,158.75,1,133.0,13,2011-10-14,2011-10-14,One Time
15499,158.65,1,59.0,40,2009-12-16,2009-12-16,One Time
15548,158.09,1,64.0,23,2010-04-23,2010-04-23,One Time
15348,158.04,1,84.0,9,2011-09-28,2011-09-28,One Time
14318,158.02,1,152.0,9,2010-09-05,2010-09-05,One Time
18004,157.92,1,75.0,32,2010-12-12,2010-12-12,One Time
17751,157.86,1,147.0,31,2010-10-14,2010-10-14,One Time
14207,157.8,1,36.0,2,2010-01-21,2010-01-21,One Time
14822,157.7,1,94.0,9,2010-08-11,2010-08-11,One Time
16687,157.63,1,141.0,8,2010-11-14,2010-11-14,One Time
12894,157.35,1,33.0,21,2010-05-13,2010-05-13,One Time
17318,157.33,1,59.0,17,2009-12-14,2009-12-14,One Time
16371,157.2,1,108.0,11,2010-09-17,2010-09-17,One Time
17128,157.09,1,76.0,14,2011-01-09,2011-01-09,One Time
17118,157.02,1,154.0,10,2011-01-26,2011-01-26,One Time
15007,156.91,1,69.0,12,2011-07-03,2011-07-03,One Time
15742,156.87,1,51.0,41,2010-03-30,2010-03-30,One Time
13830,156.85,1,47.0,11,2010-05-07,2010-05-07,One Time
14406,156.75,1,77.0,8,2011-08-12,2011-08-12,One Time
16578,156.6,1,108.0,9,2010-03-23,2010-03-23,One Time
15438,156.58,1,59.0,25,2011-07-31,2011-07-31,One Time
15263,156.51,1,89.0,12,2011-08-25,2011-08-25,One Time
17885,156.34,1,110.0,50,2011-11-27,2011-11-27,One Time
17832,155.37,1,208.0,61,2011-10-21,2011-10-21,One Time
12738,155.35,1,148.0,11,2010-12-02,2010-12-02,One Time
14368,155.0,1,36.0,8,2011-01-24,2011-01-24,One Time
14046,154.99,1,460.0,14,2011-02-28,2011-02-28,One Time
17698,154.95,1,93.0,8,2011-03-24,2011-03-24,One Time
15740,154.88,1,152.0,9,2011-10-21,2011-10-21,One Time
17899,154.55,1,170.0,29,2011-07-03,2011-07-03,One Time
15226,154.41,1,71.0,8,2011-02-02,2011-02-02,One Time
13490,154.25,1,25.0,8,2010-02-23,2010-02-23,One Time
14814,154.21,1,93.0,28,2010-05-07,2010-05-07,One Time
17517,153.94,1,102.0,11,2011-02-04,2011-02-04,One Time
15431,153.24,1,84.0,2,2010-07-25,2010-07-25,One Time
12602,153.12,1,162.0,12,2011-10-12,2011-10-12,One Time
16248,152.94,1,78.0,7,2011-10-09,2011-10-09,One Time
18138,152.65,1,38.0,8,2011-02-17,2011-02-17,One Time
14066,152.55,1,45.0,7,2011-03-18,2011-03-18,One Time
15509,152.41,1,58.0,26,2010-11-24,2010-11-24,One Time
13653,152.2,1,72.0,9,2010-08-09,2010-08-09,One Time
16617,151.85,1,91.0,5,2011-04-18,2011-04-18,One Time
14362,151.5,1,96.0,37,2011-11-17,2011-11-17,One Time
18076,151.49,1,164.0,8,2010-11-24,2010-11-24,One Time
13697,151.3,1,177.0,12,2011-11-01,2011-11-01,One Time
14516,151.17,1,63.0,35,2010-07-11,2010-07-11,One Time
16337,151.05,1,87.0,10,2011-11-03,2011-11-03,One Time
16662,151.05,1,35.0,28,2010-11-10,2010-11-10,One Time
14073,151.04,1,130.0,13,2011-11-07,2011-11-07,One Time
12959,150.95,1,109.0,8,2010-08-12,2010-08-12,One Time
14980,150.68,1,79.0,24,2009-12-02,2009-12-02,One Time
15991,150.55,1,41.0,6,2010-06-23,2010-06-23,One Time
14084,150.5,1,306.0,7,2010-07-15,2010-07-15,One Time
15474,150.35,1,55.0,19,2010-04-23,2010-04-23,One Time
18200,150.35,1,104.0,29,2011-08-25,2011-08-25,One Time
14845,150.0,1,600.0,1,2010-04-19,2010-04-19,One Time
17234,149.89,1,55.0,14,2011-06-10,2011-06-10,One Time
13257,149.75,1,33.0,7,2010-09-29,2010-09-29,One Time
17390,149.3,1,49.0,12,2010-10-15,2010-10-15,One Time
15435,149.29,1,54.0,29,2011-11-17,2011-11-17,One Time
13125,148.62,1,53.0,20,2010-07-04,2010-07-04,One Time
17592,148.3,1,38.0,13,2009-12-01,2009-12-01,One Time
13578,147.66,1,127.0,9,2010-10-26,2010-10-26,One Time
15479,147.4,1,38.0,9,2009-12-06,2009-12-06,One Time
16724,147.35,1,69.0,17,2010-10-31,2010-10-31,One Time
14098,147.35,1,104.0,21,2011-11-03,2011-11-03,One Time
12858,147.27,1,51.0,36,2010-11-21,2010-11-21,One Time
17030,146.87,1,146.0,11,2011-10-07,2011-10-07,One Time
14683,146.56,1,386.0,21,2010-04-30,2010-04-30,One Time
15496,146.14,1,98.0,22,2010-03-18,2010-03-18,One Time
12565,145.92,1,80.0,9,2011-02-24,2011-02-24,One Time
13866,145.67,1,57.0,7,2011-09-26,2011-09-26,One Time
15937,145.35,1,73.0,7,2011-10-06,2011-10-06,One Time
16598,145.05,1,73.0,10,2011-02-27,2011-02-27,One Time
15902,145.01,1,124.0,18,2010-11-24,2010-11-24,One Time
17938,144.29,1,53.0,29,2010-10-15,2010-10-15,One Time
14109,144.2,1,88.0,9,2011-09-28,2011-09-28,One Time
12587,144.0,1,51.0,4,2011-12-02,2011-12-02,One Time
12387,143.94,1,134.0,9,2010-10-20,2010-10-20,One Time
14604,143.86,1,88.0,20,2010-03-16,2010-03-16,One Time
14574,143.7,1,63.0,11,2009-12-07,2009-12-07,One Time
15705,143.1,1,62.0,6,2011-05-22,2011-05-22,One Time
17149,143.1,1,18.0,6,2010-09-14,2010-09-14,One Time
15761,143.05,1,31.0,5,2010-09-23,2010-09-23,One Time
16507,142.71,1,111.0,37,2010-05-16,2010-05-16,One Time
14386,142.4,1,54.0,7,2011-02-16,2011-02-16,One Time
17859,141.92,1,102.0,23,2011-02-08,2011-02-08,One Time
18038,141.48,1,80.0,25,2010-06-01,2010-06-01,One Time
14041,141.41,1,94.0,21,2011-03-18,2011-03-18,One Time
17273,141.12,1,133.0,12,2010-10-11,2010-10-11,One Time
12636,141.0,1,1.0,1,2009-12-01,2009-12-01,One Time
17959,140.75,1,49.0,2,2010-04-26,2010-04-26,One Time
14773,140.55,1,53.0,10,2010-04-26,2010-04-26,One Time
15388,140.54,1,88.0,10,2011-03-14,2011-03-14,One Time
13483,140.34,1,160.0,10,2011-10-05,2011-10-05,One Time
15324,140.22,1,74.0,8,2010-01-07,2010-01-07,One Time
13839,139.95,1,25.0,7,2010-08-10,2010-08-10,One Time
16483,139.35,1,44.0,19,2011-05-31,2011-05-31,One Time
14772,139.26,1,82.0,9,2011-08-19,2011-08-19,One Time
18209,139.1,1,58.0,8,2011-11-11,2011-11-11,One Time
13273,138.98,1,153.0,16,2011-08-18,2011-08-18,One Time
12902,138.68,1,66.0,10,2011-03-20,2011-03-20,One Time
13716,138.28,1,138.0,21,2011-03-15,2011-03-15,One Time
17982,138.18,1,117.0,13,2010-01-28,2010-01-28,One Time
15663,138.14,1,106.0,9,2011-08-25,2011-08-25,One Time
15848,137.99,1,45.0,34,2010-03-28,2010-03-28,One Time
16396,137.8,1,80.0,8,2010-08-20,2010-08-20,One Time
13279,137.75,1,73.0,9,2011-09-22,2011-09-22,One Time
15836,137.37,1,26.0,10,2011-10-20,2011-10-20,One Time
13907,136.8,1,68.0,4,2010-01-17,2010-01-17,One Time
13195,136.73,1,70.0,43,2010-10-21,2010-10-21,One Time
16237,136.65,1,57.0,7,2010-09-28,2010-09-28,One Time
16289,136.31,1,97.0,21,2010-09-03,2010-09-03,One Time
16651,136.2,1,60.0,6,2010-05-02,2010-05-02,One Time
16876,136.01,1,181.0,32,2010-11-01,2010-11-01,One Time
14366,136.0,1,16.0,1,2010-07-02,2010-07-02,One Time
12968,135.95,1,73.0,5,2011-08-19,2011-08-19,One Time
17583,135.95,1,55.0,7,2010-05-28,2010-05-28,One Time
14889,135.9,1,90.0,10,2011-01-07,2011-01-07,One Time
15419,135.86,1,230.0,8,2011-11-15,2011-11-15,One Time
16114,135.75,1,43.0,8,2011-06-22,2011-06-22,One Time
14391,135.6,1,168.0,14,2010-05-12,2010-05-12,One Time
13076,135.4,1,44.0,9,2010-09-08,2010-09-08,One Time
16665,135.4,1,59.0,9,2010-12-12,2010-12-12,One Time
14588,135.39,1,62.0,16,2010-05-10,2010-05-10,One Time
17972,135.19,1,36.0,30,2011-04-12,2011-04-12,One Time
13702,135.18,1,74.0,5,2010-09-20,2010-09-20,One Time
17199,135.04,1,232.0,8,2010-05-06,2010-05-06,One Time
13364,134.96,1,71.0,10,2011-09-29,2011-09-29,One Time
13119,134.9,1,110.0,11,2010-02-09,2010-02-09,One Time
16055,134.8,1,22.0,8,2011-05-03,2011-05-03,One Time
14340,134.7,1,58.0,6,2011-05-05,2011-05-05,One Time
14174,134.46,1,94.0,26,2011-11-06,2011-11-06,One Time
15926,134.44,1,155.0,7,2010-06-15,2010-06-15,One Time
16486,134.36,1,24.0,7,2010-06-20,2010-06-20,One Time
14280,134.04,1,52.0,8,2011-05-27,2011-05-27,One Time
16886,134.0,1,48.0,8,2010-09-09,2010-09-09,One Time
14349,133.5,1,86.0,31,2011-11-29,2011-11-29,One Time
17881,133.35,1,32.0,8,2011-02-08,2011-02-08,One Time
17826,133.34,1,84.0,33,2010-11-30,2010-11-30,One Time
12467,132.8,1,129.0,9,2010-10-12,2010-10-12,One Time
12964,132.24,1,56.0,26,2010-09-28,2010-09-28,One Time
14438,131.9,1,82.0,9,2011-02-06,2011-02-06,One Time
17565,131.83,1,67.0,30,2010-05-02,2010-05-02,One Time
17455,131.7,1,66.0,8,2011-05-20,2011-05-20,One Time
14795,131.45,1,17.0,6,2011-06-26,2011-06-26,One Time
14378,131.25,1,57.0,9,2010-03-28,2010-03-28,One Time
15409,131.25,1,59.0,9,2009-12-18,2009-12-18,One Time
17225,131.15,1,36.0,5,2010-05-07,2010-05-07,One Time
16865,130.95,1,157.0,15,2010-11-03,2010-11-03,One Time
15844,130.74,1,134.0,11,2011-10-24,2011-10-24,One Time
17240,130.6,1,108.0,7,2010-04-22,2010-04-22,One Time
16410,130.32,1,348.0,5,2009-12-05,2009-12-05,One Time
16288,129.85,1,19.0,7,2010-08-26,2010-08-26,One Time
15317,129.75,1,45.0,5,2010-01-31,2010-01-31,One Time
17762,129.75,1,129.0,16,2010-09-09,2010-09-09,One Time
14999,129.48,1,88.0,9,2010-04-26,2010-04-26,One Time
12555,129.23,1,1.0,1,2010-01-26,2010-01-26,One Time
13071,129.22,1,30.0,12,2010-04-06,2010-04-06,One Time
17056,128.6,1,26.0,8,2009-12-01,2009-12-01,One Time
17089,128.45,1,35.0,4,2010-11-18,2010-11-18,One Time
16251,128.31,1,44.0,20,2010-07-15,2010-07-15,One Time
15892,128.2,1,46.0,38,2010-02-08,2010-02-08,One Time
17297,128.18,1,65.0,49,2011-11-22,2011-11-22,One Time
13053,127.65,1,47.0,17,2010-03-28,2010-03-28,One Time
13586,127.28,1,38.0,20,2010-06-16,2010-06-16,One Time
15578,127.1,1,52.0,13,2011-06-30,2011-06-30,One Time
15923,127.08,1,122.0,21,2010-12-02,2010-12-02,One Time
16973,127.0,1,60.0,6,2010-11-18,2010-11-18,One Time
15463,126.14,1,106.0,7,2011-11-10,2011-11-10,One Time
16294,126.05,1,54.0,8,2010-08-20,2010-08-20,One Time
13794,126.03,1,63.0,9,2010-06-11,2010-06-11,One Time
17657,126.0,1,60.0,7,2010-10-05,2010-10-05,One Time
12814,125.92,1,49.0,2,2011-08-30,2011-08-30,One Time
13522,125.8,1,44.0,5,2011-11-09,2011-11-09,One Time
16925,125.65,1,123.0,18,2010-06-17,2010-06-17,One Time
15017,125.58,1,63.0,20,2011-11-06,2011-11-06,One Time
15731,125.3,1,122.0,8,2010-06-04,2010-06-04,One Time
13912,124.95,1,29.0,7,2010-10-12,2010-10-12,One Time
17148,124.88,1,82.0,9,2011-10-19,2011-10-19,One Time
17818,124.78,1,86.0,42,2009-12-02,2009-12-02,One Time
13312,124.75,1,41.0,5,2010-09-14,2010-09-14,One Time
16849,124.57,1,33.0,8,2011-06-06,2011-06-06,One Time
17316,124.45,1,44.0,35,2010-10-15,2010-10-15,One Time
18000,124.25,1,109.0,6,2010-05-24,2010-05-24,One Time
12773,124.25,1,109.0,6,2010-05-24,2010-05-24,One Time
13968,123.66,1,174.0,8,2010-10-12,2010-10-12,One Time
14187,123.5,1,50.0,8,2010-08-23,2010-08-23,One Time
16397,123.13,1,43.0,9,2010-03-21,2010-03-21,One Time
13876,122.7,1,36.0,7,2011-10-07,2011-10-07,One Time
13638,122.64,1,93.0,8,2011-11-24,2011-11-24,One Time
12969,122.45,1,55.0,5,2010-04-16,2010-04-16,One Time
13084,122.4,1,144.0,2,2010-08-05,2010-08-05,One Time
16073,122.4,1,48.0,1,2011-02-15,2011-02-15,One Time
13244,121.74,1,38.0,27,2011-09-08,2011-09-08,One Time
13182,121.18,1,201.0,11,2011-10-25,2011-10-25,One Time
15049,121.17,1,63.0,3,2011-03-11,2011-03-11,One Time
17260,120.95,1,23.0,6,2010-10-24,2010-10-24,One Time
14884,120.6,1,72.0,8,2010-02-08,2010-02-08,One Time
14165,120.44,1,53.0,23,2011-03-09,2011-03-09,One Time
14444,120.44,1,172.0,11,2010-09-09,2010-09-09,One Time
17543,120.05,1,62.0,13,2010-06-08,2010-06-08,One Time
18015,120.03,1,157.0,46,2011-12-05,2011-12-05,One Time
14259,120.0,1,68.0,5,2011-07-21,2011-07-21,One Time
14453,119.93,1,49.0,22,2011-06-02,2011-06-02,One Time
15161,119.92,1,144.0,33,2010-11-16,2010-11-16,One Time
17541,119.86,1,44.0,31,2010-07-18,2010-07-18,One Time
17177,119.5,1,40.0,29,2010-07-22,2010-07-22,One Time
15843,118.95,1,27.0,8,2011-02-09,2011-02-09,One Time
17280,118.86,1,74.0,6,2010-09-27,2010-09-27,One Time
17079,118.8,1,24.0,2,2011-09-22,2011-09-22,One Time
14155,118.75,1,25.0,6,2011-03-18,2011-03-18,One Time
14076,118.67,1,79.0,43,2011-08-02,2011-08-02,One Time
12929,117.85,1,37.0,8,2011-02-01,2011-02-01,One Time
16291,117.72,1,1.0,1,2010-01-26,2010-01-26,One Time
17654,117.55,1,41.0,22,2011-03-07,2011-03-07,One Time
16959,117.35,1,49.0,7,2011-09-13,2011-09-13,One Time
14726,116.5,1,82.0,15,2010-02-23,2010-02-23,One Time
17117,116.2,1,68.0,9,2011-02-24,2011-02-24,One Time
14874,116.18,1,148.0,6,2010-06-22,2010-06-22,One Time
14143,115.8,1,30.0,7,2011-07-29,2011-07-29,One Time
16068,115.73,1,48.0,34,2010-04-25,2010-04-25,One Time
18027,115.31,1,78.0,21,2011-09-02,2011-09-02,One Time
18012,115.3,1,63.0,13,2009-12-16,2009-12-16,One Time
17401,114.85,1,34.0,11,2010-06-16,2010-06-16,One Time
15905,114.69,1,82.0,22,2010-06-14,2010-06-14,One Time
17933,114.69,1,63.0,12,2010-03-17,2010-03-17,One Time
13188,114.6,1,25.0,2,2011-11-28,2011-11-28,One Time
14632,114.56,1,96.0,8,2011-03-22,2011-03-22,One Time
16247,114.56,1,182.0,16,2011-06-22,2011-06-22,One Time
14652,114.18,1,53.0,29,2011-09-23,2011-09-23,One Time
12938,114.14,1,140.0,9,2011-11-14,2011-11-14,One Time
14582,114.11,1,73.0,6,2011-10-30,2011-10-30,One Time
17275,114.1,1,71.0,23,2010-11-21,2010-11-21,One Time
15056,113.65,1,69.0,6,2010-07-07,2010-07-07,One Time
14457,113.64,1,88.0,4,2011-02-02,2011-02-02,One Time
18105,113.48,1,46.0,18,2011-11-02,2011-11-02,One Time
16821,113.35,1,13.0,7,2010-11-23,2010-11-23,One Time
17784,112.86,1,72.0,19,2010-06-07,2010-06-07,One Time
18148,112.85,1,63.0,9,2010-03-03,2010-03-03,One Time
14689,112.8,1,76.0,13,2011-05-15,2011-05-15,One Time
16697,112.75,1,27.0,20,2011-04-12,2011-04-12,One Time
18129,112.55,1,48.0,13,2011-04-10,2011-04-10,One Time
13241,112.53,1,46.0,40,2010-10-24,2010-10-24,One Time
15610,112.46,1,66.0,6,2011-10-19,2011-10-19,One Time
13620,112.34,1,74.0,5,2010-06-29,2010-06-29,One Time
12756,112.08,1,144.0,4,2011-09-14,2011-09-14,One Time
13193,112.08,1,46.0,22,2011-10-09,2011-10-09,One Time
14750,112.03,1,65.0,32,2009-12-03,2009-12-03,One Time
17957,111.68,1,287.0,31,2011-10-04,2011-10-04,One Time
14668,111.63,1,49.0,10,2010-09-20,2010-09-20,One Time
17304,111.5,1,73.0,5,2010-06-23,2010-06-23,One Time
17887,111.35,1,30.0,10,2011-08-02,2011-08-02,One Time
15352,111.15,1,40.0,34,2010-06-09,2010-06-09,One Time
17208,111.15,1,101.0,21,2010-11-09,2010-11-09,One Time
18120,111.15,1,31.0,17,2011-05-09,2011-05-09,One Time
12692,110.95,1,36.0,13,2010-03-12,2010-03-12,One Time
14509,110.95,1,38.0,25,2010-06-23,2010-06-23,One Time
15537,110.92,1,29.0,24,2011-06-29,2011-06-29,One Time
15853,110.8,1,135.0,29,2011-10-19,2011-10-19,One Time
18256,110.7,1,180.0,10,2010-11-17,2010-11-17,One Time
14787,110.65,1,59.0,14,2010-08-25,2010-08-25,One Time
16963,110.55,1,35.0,7,2011-06-05,2011-06-05,One Time
14641,110.46,1,90.0,7,2011-11-18,2011-11-18,One Time
17836,110.21,1,88.0,23,2011-10-23,2011-10-23,One Time
17909,110.05,1,35.0,8,2009-12-02,2009-12-02,One Time
15851,109.73,1,67.0,8,2010-07-01,2010-07-01,One Time
14033,109.44,1,576.0,1,2010-06-02,2010-06-02,One Time
16363,109.36,1,52.0,5,2011-10-17,2011-10-17,One Time
16064,109.31,1,55.0,17,2009-12-14,2009-12-14,One Time
16664,109.2,1,24.0,8,2010-05-19,2010-05-19,One Time
14721,109.07,1,57.0,24,2010-11-25,2010-11-25,One Time
14345,108.98,1,50.0,6,2011-11-01,2011-11-01,One Time
13170,108.81,1,141.0,29,2011-11-13,2011-11-13,One Time
15875,108.52,1,74.0,18,2010-03-03,2010-03-03,One Time
16106,108.38,1,74.0,6,2011-10-05,2011-10-05,One Time
14374,108.0,1,20.0,7,2010-06-16,2010-06-16,One Time
14661,107.95,1,35.0,4,2011-11-13,2011-11-13,One Time
13580,107.75,1,45.0,5,2010-10-29,2010-10-29,One Time
14943,107.62,1,46.0,5,2010-02-14,2010-02-14,One Time
15395,107.45,1,17.0,7,2011-01-18,2011-01-18,One Time
16301,107.33,1,41.0,6,2009-12-03,2009-12-03,One Time
15328,107.24,1,88.0,8,2010-10-28,2010-10-28,One Time
17893,107.21,1,149.0,15,2011-04-28,2011-04-28,One Time
16047,107.14,1,1.0,1,2010-01-26,2010-01-26,One Time
15846,107.01,1,79.0,27,2010-11-19,2010-11-19,One Time
16630,106.8,1,72.0,4,2010-10-28,2010-10-28,One Time
16082,106.75,1,39.0,16,2010-02-07,2010-02-07,One Time
14637,106.68,1,100.0,7,2010-01-31,2010-01-31,One Time
15168,106.56,1,52.0,5,2011-11-14,2011-11-14,One Time
15927,106.54,1,66.0,13,2010-03-02,2010-03-02,One Time
17791,106.1,1,46.0,10,2011-11-10,2011-11-10,One Time
16581,105.84,1,134.0,9,2011-06-10,2011-06-10,One Time
18103,105.8,1,23.0,10,2010-06-08,2010-06-08,One Time
15642,105.78,1,270.0,6,2009-12-10,2009-12-10,One Time
14579,105.56,1,56.0,24,2010-10-03,2010-10-03,One Time
15340,105.5,1,76.0,7,2010-05-27,2010-05-27,One Time
14027,104.82,1,62.0,6,2011-10-10,2011-10-10,One Time
17328,104.7,1,86.0,6,2010-02-04,2010-02-04,One Time
16547,104.26,1,108.0,25,2010-06-11,2010-06-11,One Time
16896,103.95,1,18.0,18,2010-06-02,2010-06-02,One Time
14542,103.25,1,19.0,5,2011-06-07,2011-06-07,One Time
15924,102.82,1,103.0,14,2009-12-08,2009-12-08,One Time
18124,102.65,1,47.0,20,2010-08-24,2010-08-24,One Time
17467,102.6,1,20.0,4,2010-11-09,2010-11-09,One Time
13829,102.0,1,12.0,1,2010-10-14,2010-10-14,One Time
15486,102.0,1,40.0,1,2010-06-30,2010-06-30,One Time
16516,101.7,1,58.0,6,2011-11-09,2011-11-09,One Time
18068,101.7,1,6.0,1,2011-02-23,2011-02-23,One Time
16944,101.36,1,27.0,7,2010-04-09,2010-04-09,One Time
18086,101.34,1,106.0,7,2011-03-10,2011-03-10,One Time
18195,101.16,1,60.0,5,2010-11-17,2010-11-17,One Time
17493,100.91,1,62.0,8,2010-11-19,2010-11-19,One Time
14946,100.9,1,22.0,3,2011-11-25,2011-11-25,One Time
17224,100.86,1,65.0,8,2010-07-26,2010-07-26,One Time
17427,100.8,1,34.0,2,2011-09-29,2011-09-29,One Time
14371,100.5,1,34.0,4,2011-02-17,2011-02-17,One Time
15635,100.35,1,5.0,2,2010-11-09,2010-11-09,One Time
17570,100.0,1,1.0,1,2010-11-23,2010-11-23,One Time
17939,99.14,1,40.0,12,2011-07-03,2011-07-03,One Time
12774,98.7,1,53.0,6,2010-06-22,2010-06-22,One Time
17538,98.42,1,134.0,9,2011-11-14,2011-11-14,One Time
16694,98.3,1,26.0,3,2009-12-16,2009-12-16,One Time
17395,97.5,1,66.0,3,2010-07-19,2010-07-19,One Time
12984,97.5,1,26.0,4,2011-11-21,2011-11-21,One Time
14642,96.12,1,76.0,2,2011-10-12,2011-10-12,One Time
13793,96.0,1,52.0,7,2010-03-03,2010-03-03,One Time
15583,95.96,1,56.0,37,2010-11-28,2010-11-28,One Time
17895,95.45,1,127.0,15,2011-10-26,2011-10-26,One Time
18249,95.34,1,128.0,8,2011-11-22,2011-11-22,One Time
12548,95.2,1,49.0,5,2011-06-26,2011-06-26,One Time
15285,94.92,1,120.0,6,2010-10-28,2010-10-28,One Time
14833,94.8,1,58.0,7,2010-07-29,2010-07-29,One Time
15868,94.53,1,57.0,4,2010-05-05,2010-05-05,One Time
16339,94.05,1,21.0,17,2011-02-28,2011-02-28,One Time
15397,94.0,1,20.0,6,2011-02-23,2011-02-23,One Time
18033,93.82,1,252.0,32,2011-10-05,2011-10-05,One Time
14394,93.8,1,58.0,6,2010-05-24,2010-05-24,One Time
15305,93.6,1,40.0,5,2010-06-02,2010-06-02,One Time
12992,93.35,1,21.0,6,2009-12-14,2009-12-14,One Time
15082,93.35,1,43.0,6,2010-02-09,2010-02-09,One Time
16196,93.3,1,26.0,4,2010-08-08,2010-08-08,One Time
14054,92.46,1,62.0,6,2011-10-05,2011-10-05,One Time
13160,91.8,1,56.0,4,2011-11-17,2011-11-17,One Time
16831,91.8,1,48.0,6,2010-05-24,2010-05-24,One Time
12659,91.68,1,105.0,5,2011-11-10,2011-11-10,One Time
13392,91.14,1,82.0,8,2010-01-31,2010-01-31,One Time
14786,90.96,1,112.0,7,2010-06-07,2010-06-07,One Time
13947,90.6,1,44.0,5,2011-10-05,2011-10-05,One Time
14435,90.42,1,282.0,3,2010-07-26,2010-07-26,One Time
16597,90.04,1,184.0,7,2011-12-05,2011-12-05,One Time
15686,90.0,1,72.0,1,2010-10-15,2010-10-15,One Time
14117,90.0,1,72.0,3,2011-07-19,2011-07-19,One Time
14974,89.94,1,37.0,17,2011-11-02,2011-11-02,One Time
16061,89.65,1,19.0,3,2010-10-04,2010-10-04,One Time
13535,89.5,1,10.0,1,2010-11-02,2010-11-02,One Time
14760,89.2,1,40.0,5,2011-02-15,2011-02-15,One Time
12686,89.14,1,107.0,7,2010-12-03,2010-12-03,One Time
13222,88.5,1,30.0,1,2010-05-11,2010-05-11,One Time
15083,88.2,1,38.0,5,2011-03-28,2011-03-28,One Time
16564,87.8,1,40.0,5,2010-05-19,2010-05-19,One Time
17606,87.3,1,42.0,6,2009-12-02,2009-12-02,One Time
13180,86.1,1,42.0,4,2010-04-11,2010-04-11,One Time
15541,85.13,1,49.0,29,2011-08-17,2011-08-17,One Time
13841,85.0,1,100.0,1,2011-04-01,2011-04-01,One Time
12401,84.3,1,11.0,5,2011-02-09,2011-02-09,One Time
14347,82.6,1,48.0,6,2009-12-03,2009-12-03,One Time
13469,82.4,1,52.0,6,2010-02-24,2010-02-24,One Time
16028,82.2,1,18.0,5,2010-04-23,2010-04-23,One Time
13215,81.6,1,96.0,1,2010-11-02,2010-11-02,One Time
13006,81.57,1,55.0,4,2011-10-14,2011-10-14,One Time
17620,81.44,1,60.0,4,2011-10-11,2011-10-11,One Time
17008,81.36,1,24.0,1,2010-10-06,2010-10-06,One Time
14717,81.3,1,32.0,11,2009-12-06,2009-12-06,One Time
15170,81.15,1,33.0,4,2010-10-29,2010-10-29,One Time
17336,81.12,1,48.0,1,2010-08-24,2010-08-24,One Time
16789,80.8,1,32.0,5,2011-12-01,2011-12-01,One Time
17752,80.64,1,192.0,1,2010-12-15,2010-12-15,One Time
15833,80.4,1,24.0,5,2009-12-02,2009-12-02,One Time
15131,80.28,1,88.0,7,2010-11-10,2010-11-10,One Time
14190,79.9,1,2.0,1,2010-02-11,2010-02-11,One Time
16165,79.9,1,2.0,1,2010-07-22,2010-07-22,One Time
14007,79.48,1,16.0,5,2010-07-15,2010-07-15,One Time
15753,79.2,1,144.0,1,2011-02-08,2011-02-08,One Time
12570,77.52,1,1.0,1,2010-01-26,2010-01-26,One Time
17942,77.5,1,38.0,2,2011-12-02,2011-12-02,One Time
13132,77.3,1,20.0,3,2011-03-23,2011-03-23,One Time
16867,76.74,1,58.0,6,2010-01-19,2010-01-19,One Time
14373,76.55,1,17.0,4,2010-12-16,2010-12-16,One Time
14090,76.32,1,72.0,1,2011-01-19,2011-01-19,One Time
14613,76.32,1,72.0,1,2010-01-28,2010-01-28,One Time
15668,76.32,1,72.0,1,2011-05-06,2011-05-06,One Time
18113,76.32,1,72.0,1,2010-12-06,2010-12-06,One Time
13219,76.23,1,11.0,11,2010-03-31,2010-03-31,One Time
17628,75.75,1,79.0,5,2011-09-19,2011-09-19,One Time
16610,75.66,1,66.0,6,2011-05-04,2011-05-04,One Time
14559,75.6,1,72.0,2,2010-11-14,2010-11-14,One Time
17192,75.28,1,45.0,20,2010-06-21,2010-06-21,One Time
16420,75.0,1,120.0,2,2010-11-08,2010-11-08,One Time
17944,74.99,1,84.0,24,2010-10-12,2010-10-12,One Time
13095,74.4,1,144.0,6,2011-09-30,2011-09-30,One Time
12506,73.5,1,23.0,23,2011-04-21,2011-04-21,One Time
18032,73.5,1,42.0,5,2011-01-09,2011-01-09,One Time
16171,73.2,1,24.0,3,2011-10-11,2011-10-11,One Time
17906,72.9,1,26.0,12,2011-04-06,2011-04-06,One Time
13105,72.0,1,100.0,1,2010-09-29,2010-09-29,One Time
16459,71.79,1,59.0,5,2009-12-10,2009-12-10,One Time
13938,71.66,1,70.0,7,2011-11-04,2011-11-04,One Time
13185,71.4,1,12.0,1,2011-03-17,2011-03-17,One Time
16970,71.4,1,12.0,2,2010-03-23,2010-03-23,One Time
17747,71.4,1,12.0,1,2011-08-19,2011-08-19,One Time
13915,70.8,1,24.0,2,2010-11-10,2010-11-10,One Time
12568,70.0,1,48.0,5,2010-03-05,2010-03-05,One Time
13172,69.6,1,48.0,1,2010-11-04,2010-11-04,One Time
14906,68.44,1,1.0,1,2010-09-20,2010-09-20,One Time
12861,68.25,1,27.0,4,2010-03-30,2010-03-30,One Time
17249,68.03,1,79.0,27,2010-10-07,2010-10-07,One Time
14393,67.95,1,13.0,5,2011-05-05,2011-05-05,One Time
17532,65.34,1,30.0,4,2010-11-19,2010-11-19,One Time
13022,65.3,1,35.0,5,2010-10-06,2010-10-06,One Time
13130,64.0,1,32.0,2,2011-09-06,2011-09-06,One Time
16238,63.66,1,85.0,6,2010-10-13,2010-10-13,One Time
17216,63.6,1,21.0,13,2010-06-03,2010-06-03,One Time
17263,63.44,1,36.0,23,2011-05-15,2011-05-15,One Time
15470,63.42,1,232.0,4,2010-05-13,2010-05-13,One Time
12404,63.24,1,1.0,1,2010-01-26,2010-01-26,One Time
16058,62.7,1,18.0,2,2010-10-29,2010-10-29,One Time
13218,62.64,1,88.0,5,2011-08-04,2011-08-04,One Time
14650,62.5,1,22.0,4,2010-04-29,2010-04-29,One Time
13380,62.4,1,48.0,3,2010-10-03,2010-10-03,One Time
13303,61.72,1,26.0,4,2010-11-04,2010-11-04,One Time
13818,61.28,1,60.0,5,2010-10-06,2010-10-06,One Time
15375,60.96,1,84.0,6,2010-01-18,2010-01-18,One Time
16605,60.48,1,144.0,1,2009-12-15,2009-12-15,One Time
15250,60.0,1,48.0,3,2010-03-09,2010-03-09,One Time
17174,59.9,1,41.0,4,2011-05-06,2011-05-06,One Time
13391,59.8,1,4.0,1,2011-05-20,2011-05-20,One Time
13682,59.5,1,10.0,3,2011-06-05,2011-06-05,One Time
15233,59.4,1,12.0,1,2010-11-03,2010-11-03,One Time
15371,59.4,1,12.0,1,2010-02-15,2010-02-15,One Time
14384,58.5,1,30.0,3,2010-07-27,2010-07-27,One Time
12466,56.73,1,1.0,1,2010-01-26,2010-01-26,One Time
17775,56.4,1,72.0,3,2011-03-30,2011-03-30,One Time
15899,56.25,1,39.0,4,2010-12-06,2010-12-06,One Time
13366,56.16,1,144.0,1,2011-10-20,2011-10-20,One Time
15685,55.98,1,36.0,17,2010-09-15,2010-09-15,One Time
12776,55.5,1,46.0,4,2010-02-10,2010-02-10,One Time
17494,54.7,1,26.0,3,2010-07-26,2010-07-26,One Time
12860,54.22,1,26.0,16,2010-01-15,2010-01-15,One Time
13306,53.65,1,74.0,4,2010-10-05,2010-10-05,One Time
16349,53.5,1,9.0,9,2011-02-22,2011-02-22,One Time
17599,52.05,1,11.0,3,2010-08-19,2010-08-19,One Time
15313,52.0,1,25.0,1,2011-08-21,2011-08-21,One Time
16786,51.84,1,72.0,1,2010-11-11,2010-11-11,One Time
17844,51.56,1,52.0,5,2011-08-25,2011-08-25,One Time
13254,51.41,1,43.0,4,2010-11-28,2010-11-28,One Time
14351,51.0,1,12.0,1,2011-06-28,2011-06-28,One Time
13011,50.55,1,13.0,3,2010-12-02,2010-12-02,One Time
14743,50.48,1,40.0,3,2010-04-26,2010-04-26,One Time
18184,49.8,1,60.0,1,2011-11-24,2011-11-24,One Time
14380,48.96,1,1.0,1,2010-01-26,2010-01-26,One Time
16530,48.35,1,17.0,3,2010-02-09,2010-02-09,One Time
16257,46.95,1,2.0,2,2011-06-16,2011-06-16,One Time
13438,46.5,1,10.0,1,2010-06-10,2010-06-10,One Time
15698,46.2,1,60.0,2,2010-03-25,2010-03-25,One Time
15672,45.3,1,10.0,3,2009-12-14,2009-12-14,One Time
14300,43.2,1,32.0,3,2011-11-21,2011-11-21,One Time
13913,42.22,1,10.0,3,2010-07-21,2010-07-21,One Time
13906,42.0,1,100.0,1,2010-10-26,2010-10-26,One Time
16219,40.8,1,48.0,1,2010-07-27,2010-07-27,One Time
14266,40.56,1,24.0,1,2010-10-07,2010-10-07,One Time
15178,40.5,1,30.0,3,2011-03-24,2011-03-24,One Time
14086,39.95,1,1.0,1,2010-09-03,2010-09-03,One Time
14589,39.75,1,5.0,3,2010-12-03,2010-12-03,One Time
16659,39.12,1,72.0,2,2011-06-03,2011-06-03,One Time
18019,38.45,1,7.0,5,2011-10-19,2011-10-19,One Time
15455,38.25,1,3.0,2,2010-04-21,2010-04-21,One Time
15693,37.5,1,30.0,1,2010-02-18,2010-02-18,One Time
16162,37.4,1,4.0,2,2011-04-01,2011-04-01,One Time
17352,36.25,1,15.0,5,2010-01-12,2010-01-12,One Time
14993,36.13,1,21.0,9,2010-05-25,2010-05-25,One Time
15940,35.8,1,4.0,1,2011-02-01,2011-02-01,One Time
16417,35.7,1,6.0,1,2010-08-04,2010-08-04,One Time
17831,35.4,1,12.0,2,2011-11-06,2011-11-06,One Time
14576,35.4,1,12.0,1,2010-12-02,2010-12-02,One Time
15744,34.8,1,120.0,3,2011-09-23,2011-09-23,One Time
17533,34.8,1,24.0,1,2010-10-01,2010-10-01,One Time
15871,33.1,1,5.0,5,2010-09-28,2010-09-28,One Time
16941,33.0,1,12.0,2,2010-04-07,2010-04-07,One Time
14095,2.95,1,1.0,1,2009-12-17,2009-12-17,One Time
13120,30.6,1,12.0,1,2011-04-15,2011-04-15,One Time
14144,30.6,1,12.0,1,2010-08-10,2010-08-10,One Time
16548,30.15,1,6.0,6,2010-04-19,2010-04-19,One Time
15575,30.1,1,6.0,3,2010-03-30,2010-03-30,One Time
15657,30.0,1,24.0,1,2011-11-17,2011-11-17,One Time
17319,29.1,1,14.0,3,2010-02-08,2010-02-08,One Time
17102,25.5,1,2.0,1,2011-03-23,2011-03-23,One Time
15284,24.75,1,5.0,1,2010-07-27,2010-07-27,One Time
14977,31.93,1,17.0,4,2009-12-14,2009-12-14,One Time
16537,23.35,1,59.0,3,2010-03-08,2010-03-08,One Time
12606,21.0,1,1.0,1,2010-01-26,2010-01-26,One Time
16953,20.8,1,10.0,1,2011-11-09,2011-11-09,One Time
17986,20.8,1,10.0,1,2011-10-14,2011-10-14,One Time
13112,20.6,1,11.0,2,2010-06-16,2010-06-16,One Time
15999,20.4,1,24.0,1,2009-12-04,2009-12-04,One Time
13163,17.65,1,3.0,2,2010-04-08,2010-04-08,One Time
16093,17.0,1,20.0,1,2011-08-25,2011-08-25,One Time
12846,15.58,1,1.0,1,2010-01-26,2010-01-26,One Time
14580,14.85,1,3.0,1,2010-07-09,2010-07-09,One Time
14900,13.92,1,48.0,1,2010-07-05,2010-07-05,One Time
16878,13.3,1,12.0,3,2011-09-16,2011-09-16,One Time
17956,12.75,1,1.0,1,2011-04-04,2011-04-04,One Time
17378,10.95,1,1.0,1,2010-11-30,2010-11-30,One Time
18115,9.7,1,3.0,3,2010-01-11,2010-01-11,One Time
15040,7.49,1,1.0,1,2010-06-16,2010-06-16,One Time
15913,6.3,1,3.0,1,2010-06-23,2010-06-23,One Time
14792,6.2,1,2.0,2,2011-10-07,2011-10-07,One Time
13788,3.75,1,1.0,1,2010-07-22,2010-07-22,One Time
16738,3.75,1,3.0,1,2011-02-15,2011-02-15,One Time
17129,31.85,1,5.0,2,2010-07-07,2010-07-07,One Time
13687,11880.84,1,87167.0,45,2010-09-27,2010-09-27,High Spend
12918,10953.5,1,1.0,1,2010-03-23,2010-03-23,High Spend
18052,10877.18,1,17766.0,16,2010-05-24,2010-05-24,High Spend
12688,4873.81,1,3028.0,171,2011-08-18,2011-08-18,High Spend
16118,4376.25,1,2851.0,41,2010-02-25,2010-02-25,High Spend
12752,4366.78,1,2262.0,53,2011-09-19,2011-09-19,High Spend
15195,3861.0,1,1404.0,1,2011-12-07,2011-12-07,High Spend
12511,3084.02,1,1753.0,190,2010-10-07,2010-10-07,High Spend
13205,2803.2,1,256.0,1,2010-09-22,2010-09-22,High Spend
13422,2626.3,1,1326.0,127,2011-10-06,2011-10-06,High Spend
12671,2622.48,1,1460.0,45,2010-04-12,2010-04-12,High Spend
17313,2328.84,1,1402.0,24,2011-11-08,2011-11-08,High Spend
16077,2300.4,1,840.0,8,2010-03-24,2010-03-24,High Spend
12501,2169.39,1,1783.0,149,2011-01-07,2011-01-07,One Time
17305,2135.46,1,1006.0,9,2010-03-01,2010-03-01,One Time
17846,2033.1,1,1.0,1,2011-09-15,2011-09-15,One Time
15481,1993.34,1,1450.0,38,2010-11-03,2010-11-03,One Time
17039,1954.99,1,689.0,44,2010-04-14,2010-04-14,One Time
12385,1938.4,1,612.0,65,2010-11-25,2010-11-25,One Time
14887,1862.0,1,1100.0,6,2011-09-21,2011-09-21,One Time
16152,1829.04,1,642.0,29,2011-03-16,2011-03-16,One Time
16751,1764.72,1,1031.0,24,2011-11-09,2011-11-09,One Time
16380,1743.15,1,1428.0,28,2011-10-09,2011-10-09,One Time
12405,1710.39,1,857.0,54,2011-07-14,2011-07-14,One Time
15947,1708.24,1,898.0,29,2011-09-18,2011-09-18,One Time
16902,1706.88,1,629.0,43,2011-08-15,2011-08-15,One Time
12764,1693.88,1,386.0,45,2011-01-27,2011-01-27,One Time
12911,1651.72,1,807.0,220,2010-06-06,2010-06-06,One Time
12398,1635.66,1,1394.0,85,2011-10-25,2011-10-25,One Time
15310,1634.64,1,1476.0,45,2010-08-18,2010-08-18,One Time
13850,1595.48,1,944.0,93,2011-08-02,2011-08-02,One Time
12607,1579.51,1,1228.0,101,2011-10-10,2011-10-10,One Time
13337,1575.26,1,980.0,87,2010-06-11,2010-06-11,One Time
12818,1542.08,1,929.0,14,2011-03-23,2011-03-23,One Time
13572,1384.25,1,534.0,32,2011-05-18,2011-05-18,One Time
14899,1331.38,1,570.0,126,2010-11-09,2010-11-09,One Time
14956,1325.0,1,2500.0,4,2010-10-14,2010-10-14,One Time
13328,1308.48,1,680.0,17,2011-01-27,2011-01-27,One Time
15171,1289.5,1,290.0,5,2011-01-12,2011-01-12,One Time
17037,1267.32,1,656.0,75,2011-09-13,2011-09-13,One Time
12666,1248.42,1,370.0,31,2010-11-10,2010-11-10,One Time
15004,1220.77,1,623.0,154,2011-07-15,2011-07-15,One Time
12742,1201.52,1,1359.0,67,2010-03-24,2010-03-24,One Time
12611,1193.32,1,846.0,65,2011-10-18,2011-10-18,One Time
14213,1192.2,1,244.0,5,2010-10-31,2010-10-31,One Time
16501,1191.23,1,628.0,181,2010-11-21,2010-11-21,One Time
16800,1162.65,1,524.0,148,2011-11-28,2011-11-28,One Time
12769,1143.6,1,356.0,32,2011-04-15,2011-04-15,One Time
16270,1141.24,1,688.0,54,2010-12-21,2010-12-21,One Time
12503,1126.0,1,561.0,2,2010-05-04,2010-05-04,One Time
15069,1109.53,1,520.0,70,2011-06-13,2011-06-13,One Time
15559,1109.4,1,526.0,62,2010-05-20,2010-05-20,One Time
15828,1108.82,1,367.0,74,2010-11-29,2010-11-29,One Time
12803,1092.81,1,872.0,55,2010-11-11,2010-11-11,One Time
13853,1090.14,1,312.0,23,2011-10-13,2011-10-13,One Time
12534,1089.18,1,651.0,63,2011-08-01,2011-08-01,One Time
12354,1079.4,1,530.0,58,2011-04-21,2011-04-21,One Time
12801,1071.82,1,505.0,50,2010-07-27,2010-07-27,One Time
14488,1064.28,1,799.0,46,2011-10-03,2011-10-03,One Time
14411,1063.0,1,196.0,14,2011-02-02,2011-02-02,One Time
17727,1060.25,1,645.0,66,2011-11-24,2011-11-24,One Time
13775,1049.66,1,455.0,63,2010-04-28,2010-04-28,One Time
17474,1047.0,1,200.0,6,2010-04-19,2010-04-19,One Time
15464,1044.65,1,348.0,155,2011-01-05,2011-01-05,One Time
16991,1041.21,1,793.0,74,2010-10-14,2010-10-14,One Time
12486,1037.28,1,523.0,49,2010-10-04,2010-10-04,One Time
16260,1035.45,1,311.0,18,2011-10-20,2011-10-20,One Time
13235,1031.07,1,441.0,53,2011-05-11,2011-05-11,One Time
15333,1028.56,1,344.0,16,2011-05-15,2011-05-15,One Time
17197,1013.01,1,191.0,29,2011-11-10,2011-11-10,One Time
12446,1002.31,1,351.0,57,2011-10-13,2011-10-13,One Time
14255,1000.63,1,1.0,1,2010-06-11,2010-06-11,One Time
15176,988.04,1,448.0,52,2010-02-10,2010-02-10,One Time
12543,980.25,1,688.0,43,2010-09-17,2010-09-17,One Time
17369,979.2,1,1152.0,1,2010-09-10,2010-09-10,One Time
13204,966.66,1,428.0,57,2009-12-08,2009-12-08,One Time
12550,964.83,1,569.0,57,2011-09-21,2011-09-21,One Time
18192,957.97,1,339.0,45,2011-09-29,2011-09-29,One Time
12505,955.2,1,324.0,42,2010-10-27,2010-10-27,One Time
12767,949.82,1,598.0,43,2010-11-29,2010-11-29,One Time
15177,948.93,1,485.0,26,2010-10-10,2010-10-10,One Time
18133,931.5,1,1350.0,1,2011-05-11,2011-05-11,One Time
12396,931.43,1,591.0,65,2010-02-03,2010-02-03,One Time
13934,922.1,1,390.0,31,2011-03-21,2011-03-21,One Time
15576,921.37,1,394.0,43,2011-11-02,2011-11-02,One Time
14568,919.7,1,645.0,47,2010-09-30,2010-09-30,One Time
13075,919.61,1,485.0,22,2011-08-02,2011-08-02,One Time
12368,917.7,1,330.0,18,2010-03-21,2010-03-21,One Time
14015,917.34,1,378.0,20,2011-10-18,2011-10-18,One Time
16216,914.93,1,254.0,37,2011-03-17,2011-03-17,One Time
14969,906.23,1,665.0,13,2010-01-05,2010-01-05,One Time
15710,898.87,1,641.0,110,2010-10-18,2010-10-18,One Time
15066,893.59,1,317.0,42,2011-10-17,2011-10-17,One Time
12772,892.47,1,556.0,55,2011-10-11,2011-10-11,One Time
14612,877.7,1,134.0,14,2010-10-20,2010-10-20,One Time
13339,860.12,1,326.0,54,2011-05-23,2011-05-23,One Time
17161,856.01,1,537.0,52,2010-09-21,2010-09-21,One Time
12713,848.55,1,508.0,38,2011-12-09,2011-12-09,One Time
