stock_code,description,revenue,units_sold,orders,customers,revenue_rank
M,Manual,339241.29,9634.0,788,438,1
22423,REGENCY CAKESTAND 3 TIER,330590.32,26478.0,3918,1314,2
DOT,DOTCOM POSTAGE,309854.11,1415.0,1415,1,3
85123A,CREAM HANGING HEART T-LIGHT HOLDER,261168.73,94719.0,5464,1490,4
85099B,JUMBO BAG RED RETROSPOT,182680.98,97176.0,4013,978,5
23843,"PAPER CRAFT , LITTLE BIRDIE",168469.6,80995.0,1,1,6
47566,PARTY BUNTING,148318.28,28200.0,2674,894,7
84879,ASSORTED COLOUR BIRD ORNAMENT,129324.49,80082.0,2807,1010,8
POST,POSTAGE,125682.42,5363.0,1851,405,9
22086,PAPER CHAIN KIT 50'S CHRISTMAS,117760.29,35084.0,2018,896,10
23166,MEDIUM CERAMIC TOP STORAGE JAR,81700.92,78033.0,247,138,11
79321,CHILLI LIGHTS,80540.88,15841.0,1135,304,12
22197,POPCORN HOLDER,79520.2,88499.0,2322,601,13
22386,JUMBO BAG PINK POLKADOT,76324.62,39437.0,2245,601,14
84347,ROTATING SILVER ANGELS T-LIGHT HLDR,71300.4,31409.0,756,300,15
20725,LUNCH BAG RED RETROSPOT,71106.29,40317.0,3056,845,16
85099F,JUMBO BAG STRAWBERRY,69002.13,37061.0,1855,549,17
48138,DOORMAT UNION FLAG,67010.31,10077.0,1664,678,18
23084,RABBIT NIGHT LIGHT,66870.03,30739.0,994,450,19
20685,DOORMAT RED RETROSPOT,66417.47,9783.0,1725,626,20
21137,BLACK RECORD COVER FRAME,65189.29,18739.0,634,198,21
21843,RED RETROSPOT CAKE STAND,64918.3,6128.0,1527,599,22
21931,JUMBO STORAGE BAG SUKI,61537.55,29182.0,2329,546,23
22502,PICNIC BASKET WICKER SMALL,60880.3,3766.0,924,335,24
21621,VINTAGE UNION JACK BUNTING,60286.04,6900.0,1292,583,25
15056N,EDWARDIAN PARASOL NATURAL,60145.85,11459.0,1149,347,26
22114,HOT WATER BOTTLE TEA AND SYMPATHY,59189.14,11677.0,1583,626,27
85099C,JUMBO  BAG BAROQUE BLACK WHITE,59142.78,30657.0,1878,506,28
22910,PAPER CHAIN KIT VINTAGE CHRISTMAS,58652.7,18634.0,1427,701,29
22112,CHOCOLATE HOT WATER BOTTLE,57981.94,11065.0,1721,631,30
22411,JUMBO SHOPPER VINTAGE RED PAISLEY,57318.71,27281.0,2192,658,31
82484,WOOD BLACK BOARD ANT WHITE FINISH,56745.73,9831.0,1176,451,32
22470,HEART OF WICKER LARGE,53506.13,17773.0,1952,827,33
22139,RETROSPOT TEA SET CERAMIC 11 PC,52843.01,10609.0,2093,941,34
20914,SET/5 RED RETROSPOT LID GLASS BOWLS,52508.56,18670.0,2030,647,35
22178,VICTORIAN GLASS HANGING T-LIGHT,52382.82,40081.0,1816,593,36
21212,PACK OF 72 RETROSPOT CAKE CASES,51825.15,94884.0,3118,1115,37
22090,PAPER BUNTING RETROSPOT,50431.9,16698.0,1703,631,38
21733,RED HANGING HEART T-LIGHT HOLDER,50346.49,17575.0,1760,744,39
21181,PLEASE ONE PERSON METAL SIGN,50117.14,24732.0,1810,598,40
22111,SCOTTIE DOG HOT WATER BOTTLE,49771.94,9776.0,1689,717,41
21929,JUMBO BAG PINK VINTAGE PAISLEY,49651.99,25608.0,1619,504,42
22189,CREAM HEART CARD HOLDER,49300.94,16186.0,1299,536,43
21232,STRAWBERRY CERAMIC TRINKET POT,49300.57,37997.0,2435,689,44
84946,ANTIQUE SILVER T-LIGHT GLASS,49210.4,36696.0,1769,641,45
22469,HEART OF WICKER SMALL,48935.11,27908.0,2151,886,46
48194,DOORMAT HEARTS,48726.56,7726.0,1349,516,47
15056bl,EDWARDIAN PARASOL BLACK,48723.77,9620.0,944,321,48
21731,RED TOADSTOOL LED NIGHT LIGHT,48315.84,28910.0,1537,415,49
22457,NATURAL SLATE HEART CHALKBOARD,47288.23,15373.0,2046,874,50
82494L,WOODEN FRAME ANTIQUE WHITE,46967.09,15679.0,2059,631,51
21754,HOME BUILDING BLOCK WORD,46516.99,7595.0,2066,682,52
48187,DOORMAT NEW ENGLAND,46405.4,7314.0,1282,525,53
21928,JUMBO BAG SCANDINAVIAN BLUE PAISLEY,46202.52,24268.0,1542,450,54
21523,DOORMAT FANCY FONT HOME SWEET HOME,46083.71,6916.0,1122,357,55
22138,BAKING SET 9 PIECE RETROSPOT,45882.01,9366.0,1914,1137,56
48185,DOORMAT FAIRY CAKE,45723.84,6822.0,983,317,57
20727,LUNCH BAG  BLACK SKULL.,45655.27,26678.0,2351,705,58
21623,VINTAGE UNION JACK MEMOBOARD,45402.18,6165.0,530,311,59
22355,CHARLOTTE BAG SUKI DESIGN,45377.56,31956.0,1742,393,60
71477,COLOURED GLASS STAR T-LIGHT HOLDER,44680.75,15089.0,809,302,61
22326,ROUND SNACK BOXES SET OF4 WOODLAND,44257.74,15446.0,1391,439,62
21175,GIN AND TONIC DIET METAL SIGN,43851.48,20676.0,1659,553,63
84078A,SET/4 WHITE RETRO STORAGE CUBES,43844.96,1128.0,328,151,64
22383,LUNCH BAG SUKI DESIGN,43254.35,25058.0,2398,664,65
23298,SPOTTY BUNTING,43148.18,8466.0,1146,573,66
84029E,RED WOOLLY HOTTIE WHITE HEART.,42994.24,10628.0,1145,500,67
84997D,CHILDRENS CUTLERY POLKADOT PINK,42972.52,11024.0,1167,431,68
21915,RED  HARMONICA IN BOX,42664.54,36289.0,1025,467,69
20728,LUNCH BAG CARS BLUE,42270.3,24596.0,2067,702,70
23203,JUMBO BAG VINTAGE DOILY,42030.34,20485.0,1231,505,71
82482,WOODEN PICTURE FRAME WHITE FINISH,41837.6,16914.0,2006,601,72
20713,JUMBO BAG OWLS,40667.05,20814.0,1314,371,73
22083,PAPER CHAIN KIT RETROSPOT,40412.82,13716.0,1401,589,74
84997B,CHILDRENS CUTLERY RETROSPOT RED,38810.64,9771.0,1104,433,75
85066,CREAM SWEETHEART MINI CHEST,38599.98,3091.0,929,471,76
20726,LUNCH BAG WOODLAND,38506.74,22118.0,1926,585,77
22960,JAM MAKING SET WITH JARS,38380.11,9019.0,1159,583,78
22699,ROSES REGENCY TEACUP AND SAUCER,38249.5,13070.0,1424,524,79
21166,COOK WITH WINE METAL SIGN,38138.86,19932.0,1425,475,80
23284,DOORMAT KEEP CALM AND COME IN,38133.64,5487.0,728,378,81
22720,SET OF 3 CAKE TINS PANTRY DESIGN,38108.89,7483.0,1385,640,82
82486,3 DRAWER ANTIQUE WHITE WOOD CABINET,38052.33,4728.0,1274,365,83
22629,SPACEBOY LUNCH BOX,37955.5,20807.0,1368,456,84
20712,JUMBO BAG WOODLAND ANIMALS,37499.37,17710.0,1415,387,85
21485,RETROSPOT HEART HOT WATER BOTTLE,37078.67,7593.0,1385,657,86
22727,ALARM CLOCK BAKELIKE RED,36543.77,9234.0,1363,473,87
22328,ROUND SNACK BOXES SET OF 4 FRUITS,36170.31,12959.0,1159,401,88
21524,DOORMAT SPOTTY HOME SWEET HOME,35955.44,5255.0,1150,474,89
84997C,CHILDRENS CUTLERY POLKADOT BLUE,35699.23,9151.0,1026,426,90
20724,RED RETROSPOT CHARLOTTE BAG,35190.21,32197.0,2035,524,91
21755,LOVE BUILDING BLOCK WORD,34836.02,5643.0,1696,661,92
22379,RECYCLING BAG RETROSPOT,34640.84,15765.0,1570,423,93
22384,LUNCH BAG PINK POLKADOT,34088.79,20783.0,2106,681,94
22382,LUNCH BAG SPACEBOY DESIGN,34071.97,20248.0,2153,790,95
22666,RECIPE BOX PANTRY YELLOW DESIGN,33682.62,10706.0,1657,701,96
22630,DOLLY GIRL LUNCH BOX,33380.83,18058.0,1333,423,97
15036,ASSORTED COLOURS SILK FAN,32967.03,44272.0,991,303,98
22726,ALARM CLOCK BAKELIKE GREEN,32609.32,7671.0,1273,404,99
22385,JUMBO BAG SPACEBOY DESIGN,32433.5,17057.0,1248,412,100
22077,6 RIBBONS RUSTIC CHARM,31513.11,17238.0,1751,685,101
85152,HAND OVER THE CHOCOLATE   SIGN,31483.7,16373.0,1460,486,102
22865,HAND WARMER OWL DESIGN,31416.04,14537.0,1212,566,103
85014B,RED RETROSPOT UMBRELLA,31268.0,6194.0,935,437,104
48184,DOORMAT ENGLISH ROSE,31142.63,4715.0,851,374,105
23245,SET OF 3 REGENCY CAKE TINS,31118.55,6345.0,873,472,106
21479,WHITE SKULL HOT WATER BOTTLE,31079.8,6219.0,930,410,107
23199,JUMBO BAG APPLES,30450.69,14908.0,978,344,108
22697,GREEN REGENCY TEACUP AND SAUCER,30425.05,9795.0,1353,480,109
22501,PICNIC BASKET WICKER LARGE,30339.36,2612.0,762,346,110
20679,EDWARDIAN PARASOL RED,30020.97,6149.0,715,271,111
21217,RED RETROSPOT ROUND CAKE TINS,29769.24,2904.0,928,423,112
22659,LUNCH BOX I LOVE LONDON,29563.81,15942.0,1075,294,113
84029G,KNITTED UNION FLAG HOT WATER BOTTLE,29533.87,6830.0,1009,386,114
47590B,PINK HAPPY BIRTHDAY BUNTING,29504.36,5751.0,882,428,115
22622,BOX OF VINTAGE ALPHABET BLOCKS,29450.11,2945.0,571,346,116
22158,3 HEARTS HANGING DECORATION RUSTIC,29198.28,8985.0,718,374,117
82483,WOOD 2 DRAWER CABINET WHITE FINISH,29003.37,4878.0,1123,361,118
23355,HOT WATER BOTTLE KEEP CALM,28718.8,5816.0,782,474,119
48188,DOORMAT WELCOME PUPPIES,28639.1,4872.0,698,309,120
20971,PINK BLUE FELT CRAFT TRINKET BOX,28580.97,22260.0,1148,490,121
84978,HANGING HEART JAR T-LIGHT HOLDER,28475.96,21689.0,1425,525,122
22866,HAND WARMER SCOTTY DOG DESIGN,28266.87,12778.0,1083,530,123
22752,SET 7 BABUSHKA NESTING BOXES,28139.45,3459.0,692,323,124
22188,BLACK HEART CARD HOLDER,28112.03,10353.0,566,292,125
21977,PACK OF 60 PINK PAISLEY CAKE CASES,28081.73,56061.0,1993,767,126
22467,GUMBALL COAT RACK,28059.48,11868.0,1095,398,127
82583,HOT BATHS METAL SIGN,27981.99,12877.0,1176,323,128
23201,JUMBO BAG ALPHABET,27850.83,13366.0,906,396,129
22492,MINI PAINT SET VINTAGE,27817.59,43546.0,732,363,130
20719,WOODLAND CHARLOTTE BAG,27598.42,24479.0,1573,365,131
47566B,TEA TIME PARTY BUNTING,27564.75,6013.0,874,350,132
21930,JUMBO STORAGE BAG SKULLS,27368.08,13390.0,1321,386,133
22624,IVORY KITCHEN SCALES,27282.73,3152.0,1219,579,134
72741,GRAND CHOCOLATECANDLE,27239.46,19712.0,920,510,135
22835,HOT WATER BOTTLE I AM SO POORLY,27082.84,5302.0,1011,451,136
84991,60 TEATIME FAIRY CAKE CASES,27041.21,54028.0,2127,822,137
22961,JAM MAKING SET PRINTED,26888.43,17252.0,1200,558,138
20750,RED RETROSPOT MINI CASES,26866.63,3688.0,909,471,139
22734,SET OF 6 RIBBONS VINTAGE CHRISTMAS,26763.75,9772.0,756,444,140
71459,HANGING JAM JAR T-LIGHT HOLDERS,26738.79,32989.0,1017,445,141
22149,check,26218.97,12674.0,1382,684,142
22867,HAND WARMER BIRD DESIGN,26117.63,11872.0,1054,521,143
48111,DOORMAT 3 SMILEY CATS,25970.0,4248.0,720,244,144
22551,PLASTERS IN TIN SPACEBOY,25912.87,15441.0,1299,616,145
82600,N0 SINGING METAL SIGN,25736.19,12675.0,1201,385,146
20711,JUMBO BAG TOYS,25719.13,12643.0,1052,326,147
21481,FAWN BLUE HOT WATER BOTTLE,25613.45,8174.0,1050,439,148
22507,MEMO BOARD RETROSPOT  DESIGN,25603.46,5455.0,900,445,149
37503,TEA TIME CAKE STAND IN GIFT BOX,25428.33,2465.0,522,256,150
21080,SET/20 RED RETROSPOT PAPER NAPKINS,25416.93,31076.0,2123,798,151
21108,FAIRY CAKE FLANNEL ASSORTED COLOUR,25407.27,12962.0,613,325,152
22087,PAPER BUNTING WHITE LACE,25389.1,8475.0,847,314,153
84755,COLOUR GLASS T-LIGHT HOLDER HANGING,25205.13,40439.0,1259,524,154
22084,PAPER CHAIN KIT EMPIRE,25163.56,8803.0,811,464,155
21527,RED RETROSPOT TRADITIONAL TEAPOT,24968.47,3345.0,831,352,156
23173,REGENCY TEAPOT ROSES,24879.13,2766.0,416,248,157
20972,PINK CREAM FELT CRAFT TRINKET BOX,24785.31,20496.0,1397,568,158
21314,SMALL GLASS HEART TRINKET POT,24641.39,11426.0,1066,369,159
22722,SET OF 6 SPICE TINS PANTRY DESIGN,24459.96,5972.0,835,394,160
84077,WORLD WAR 2 GLIDERS ASSTD DESIGNS,24445.61,106139.0,1019,482,161
22698,PINK REGENCY TEACUP AND SAUCER,24374.62,8193.0,1033,402,162
84836,ZINC METAL HEART DECORATION,24289.33,19847.0,1408,662,163
22728,ALARM CLOCK BAKELIKE PINK,24257.31,6215.0,969,357,164
48173C,DOORMAT BLACK FLOCK,24256.47,4147.0,537,224,165
47590A,BLUE HAPPY BIRTHDAY BUNTING,24185.03,4753.0,690,355,166
21231,SWEETHEART CERAMIC TRINKET BOX,24128.86,19428.0,1482,500,167
23344,JUMBO BAG 50'S CHRISTMAS,23772.07,10285.0,716,391,168
21955,DOORMAT UNION JACK GUNS AND ROSES,23734.4,3911.0,729,279,169
22171,3 HOOK PHOTO SHELF ANTIQUE WHITE,23709.46,3141.0,661,269,170
21790,VINTAGE SNAP CARDS,23506.17,27244.0,1888,793,171
23243,SET OF TEA COFFEE SUGAR TINS PANTRY,23489.42,4800.0,470,275,172
22605,WOODEN CROQUET GARDEN SET,23426.82,1827.0,642,377,173
84406B,CREAM CUPID HEARTS COAT HANGER,23093.95,7133.0,843,318,174
22625,RED KITCHEN SCALES,22911.55,2627.0,950,440,175
22607,WOODEN ROUNDERS GARDEN SET,22906.54,2533.0,744,419,176
21791,VINTAGE HEADS AND TAILS CARD GAME,22858.6,17604.0,1313,641,177
22554,PLASTERS IN TIN WOODLAND ANIMALS,22853.72,13588.0,1275,587,178
21936,RED RETROSPOT PICNIC BAG,22741.31,7805.0,1046,396,179
84970s,HANGING HEART ZINC T-LIGHT HOLDER,22578.3,26817.0,1523,616,180
22556,PLASTERS IN TIN CIRCUS PARADE,22334.08,13585.0,1196,591,181
37449,CERAMIC CAKE STAND + HANGING CAKES,22333.3,2382.0,477,205,182
85014A,BLACK/BLUE POLKADOT UMBRELLA,22213.7,4656.0,712,361,183
20749,ASSORTED COLOUR MINI CASES,22097.61,3062.0,766,426,184
22113,GREY HEART HOT WATER BOTTLE,22025.93,5759.0,996,488,185
22585,PACK OF 6 BIRDY GIFT TAGS,21977.3,17557.0,1084,612,186
22499,WOODEN UNION JACK BUNTING,21826.52,3584.0,774,452,187
23202,JUMBO BAG VINTAGE LEAF,21810.43,10941.0,879,377,188
22941,CHRISTMAS LIGHTS 10 REINDEER,21727.58,2615.0,483,315,189
21210,SET OF 72 RETROSPOT PAPER  DOILIES,21727.19,15118.0,1161,508,190
22456,NATURAL SLATE CHALKBOARD LARGE,21583.2,4416.0,835,385,191
22969,HOMEMADE JAM SCENTED CANDLES,21501.99,14461.0,709,472,192
23209,LUNCH BAG VINTAGE DOILY,21418.82,13170.0,1098,469,193
21213,PACK OF 72 SKULL CAKE CASES,21390.76,40263.0,1481,528,194
21258,VICTORIAN SEWING BOX LARGE,21386.56,1505.0,526,186,195
85048,15CM CHRISTMAS GLASS BALL 20 LIGHTS,21201.13,2685.0,517,309,196
22570,,20901.1,5631.0,807,351,197
22424,ENAMEL BREAD BIN CREAM,20886.89,1529.0,739,310,198
84997a,CHILDRENS CUTLERY POLKADOT GREEN,20882.48,5363.0,670,278,199
22356,CHARLOTTE BAG PINK POLKADOT,20871.9,20015.0,1584,423,200
23206,LUNCH BAG APPLE DESIGN,20852.58,12147.0,1036,401,201
21218,RED SPOTTY BISCUIT TIN,20800.31,5256.0,897,313,202
48116,DOORMAT MULTICOLOUR STRIPE,20712.63,3452.0,496,186,203
22294,HEART FILIGREE DOVE  SMALL,20629.38,16671.0,861,414,204
22617,BAKING SET SPACEBOY DESIGN,20546.99,4251.0,942,600,205
22632,HAND WARMER RED RETROSPOT,20540.33,10290.0,779,438,206
22693,GROW A FLYTRAP OR SUNFLOWER IN TIN,20469.08,17875.0,350,197,207
AMAZONFEE,AMAZON FEE,20467.8,3.0,3,0,208
20723,STRAWBERRY CHARLOTTE BAG,20401.05,18296.0,1379,356,209
21559,STRAWBERRY LUNCH BOX WITH CUTLERY,20345.53,8227.0,1221,396,210
22568,FELTCRAFT CUSHION OWL,20244.97,5479.0,875,389,211
85150,LADIES & GENTLEMEN METAL SIGN,20237.72,8361.0,1110,369,212
21216,"SET 3 RETROSPOT TEA,COFFEE,SUGAR",20169.0,3884.0,802,269,213
22273,FELTCRAFT DOLL MOLLY,20150.99,7355.0,810,423,214
22569,FELTCRAFT CUSHION BUTTERFLY,20104.43,5521.0,784,360,215
21622,VINTAGE UNION JACK CUSHION COVER,19936.94,3699.0,626,329,216
22900,SET 2 TEA TOWELS I LOVE LONDON,19834.04,6156.0,723,252,217
22413,METAL SIGN TAKE IT OR LEAVE IT,19728.24,6976.0,881,446,218
22381,TOY TIDY PINK POLKADOT,19619.54,9265.0,1100,349,219
48129,DOORMAT TOPIARY,19608.91,3127.0,543,251,220
21174,POTTERING IN THE SHED METAL SIGN,19593.81,9696.0,1135,402,221
22561,WOODEN SCHOOL COLOURING SET,19524.27,11642.0,904,556,222
22558,CLOTHES PEGS RETROSPOT PACK 24,19513.17,13809.0,1202,541,223
22169,FAMILY ALBUM WHITE PICTURE FRAME,19507.6,2275.0,701,276,224
22427,ENAMEL FLOWER JUG CREAM,19273.28,3210.0,798,460,225
22952,60 CAKE CASES VINTAGE CHRISTMAS,19240.05,32988.0,1144,570,226
21340,CLASSIC METAL BIRDCAGE PLANT HOLDER,19194.13,1758.0,419,249,227
21908,CHOCOLATE THIS WAY METAL SIGN,19125.98,9678.0,974,382,228
22061,LARGE CAKE STAND  HANGING STRAWBERY,19121.37,2171.0,520,219,229
84949,SILVER HANGING T-LIGHT HOLDER,19015.8,11945.0,693,330,230
71053,WHITE MOROCCAN METAL LANTERN,18906.77,4769.0,727,293,231
84947,ANTIQUE SILVER TEA GLASS ENGRAVED,18744.17,15810.0,680,312,232
47591D,PINK FAIRY CAKE CHILDRENS APRON,18716.67,9643.0,1212,526,233
22555,PLASTERS IN TIN STRONGMAN,18680.32,11549.0,967,521,234
22041,"RECORD FRAME 7"" SINGLE SIZE",18650.87,7540.0,555,101,235
21035,SET/2 RED RETROSPOT TEA TOWELS,18644.78,5994.0,929,327,236
21121,SET/10 RED POLKADOT PARTY CANDLES,18442.7,15215.0,873,466,237
22847,BREAD BIN DINER STYLE IVORY,18352.74,1157.0,482,264,238
21484,CHICK GREY HOT WATER BOTTLE,18171.14,4584.0,864,367,239
79323W,"Unsaleable, destroyed.",18048.72,3004.0,349,174,240
21430,SET/3 RED GINGHAM ROSE STORAGE BOX,18044.97,4621.0,814,323,241
22505,MEMO BOARD COTTAGE DESIGN,18034.63,3773.0,744,397,242
22147,FELTCRAFT BUTTERFLY HEARTS,17893.58,12828.0,1132,582,243
22560,TRADITIONAL MODELLING CLAY,17861.71,14836.0,742,420,244
22352,LUNCH BOX WITH CUTLERY RETROSPOT,17830.71,7090.0,1117,366,245
84945,MULTI COLOUR SILVER T-LIGHT HOLDER,17746.71,21605.0,653,344,246
21914,BLUE HARMONICA IN BOX,17725.36,12957.0,963,446,247
22297,HEART IVORY TRELLIS SMALL,17702.62,13715.0,969,391,248
84970L,SINGLE HEART ZINC T-LIGHT HOLDER,17664.18,17633.0,1145,463,249
22633,HAND WARMER UNION JACK,17576.67,8541.0,858,473,250
22776,SWEETHEART 3 TIER CAKE STAND,17530.46,1708.0,691,420,251
84467,ENGLISH ROSE DESIGN QUILTED THROW,17477.66,816.0,83,40,252
20718,RED RETROSPOT SHOPPER BAG,17457.35,13353.0,1213,428,253
21136,PAINTED METAL PEARS ASSORTED,17451.45,10496.0,739,449,254
22557,PLASTERS IN TIN VINTAGE PAISLEY,17401.3,10369.0,1126,580,255
84992,72 SWEETHEART FAIRY CAKE CASES,17259.85,34797.0,1460,614,256
22366,DOORMAT AIRMAIL,17242.3,2540.0,568,252,257
21889,WOODEN BOX OF DOMINOES,17095.66,12805.0,1123,595,258
21156,RETROSPOT CHILDRENS APRON,17002.28,9137.0,930,472,259
23240,SET OF 4 KNICK KNACK TINS DOILY,17000.17,4177.0,536,323,260
22654,DELUXE SEWING KIT,16971.27,2534.0,597,300,261
21535,RED RETROSPOT SMALL MILK JUG,16837.0,6776.0,1111,461,262
22652,TRAVEL SEWING KIT,16794.05,9910.0,830,440,263
21164,HOME SWEET HOME METAL SIGN,16626.41,5981.0,721,356,264
21533,RETROSPOT LARGE MILK JUG,16614.87,3343.0,954,425,265
22993,SET OF 4 PANTRY JELLY MOULDS,16478.48,12649.0,1073,431,266
22837,,16455.18,3534.0,450,221,267
72760B,VINTAGE CREAM 3 BASKET CAKE STAND,16409.02,1699.0,494,301,268
22487,WHITE WOOD GARDEN PLANT LADDER,16373.7,1632.0,898,611,269
21155,RED RETROSPOT PEG BAG,16343.09,6665.0,969,364,270
23301,GARDENERS KNEELING PAD KEEP CALM,16327.35,8807.0,913,405,271
35004C,,16218.1,3062.0,380,112,272
22191,IVORY DINER WALL CLOCK,16216.05,1967.0,620,335,273
22662,LUNCH BAG DOLLY GIRL DESIGN,16213.61,9951.0,994,426,274
22193,RED DINER WALL CLOCK,16117.98,1910.0,617,265,275
22296,HEART IVORY TRELLIS LARGE,16027.56,9719.0,833,428,276
22692,DOORMAT WELCOME TO OUR HOME,15965.95,2135.0,606,293,277
21877,HOME SWEET HOME MUG,15954.75,14054.0,755,323,278
22634,CHILDS BREAKFAST SET SPACEBOY,15946.55,1688.0,499,322,279
22759,check,15866.56,9380.0,795,472,280
22690,DOORMAT HOME SWEET HOME BLUE,15836.35,2530.0,437,278,281
23313,VINTAGE CHRISTMAS BUNTING,15798.66,2990.0,401,254,282
22635,CHILDS BREAKFAST SET DOLLY GIRL,15795.01,1660.0,485,325,283
22367,CHILDRENS APRON SPACEBOY DESIGN,15778.67,8059.0,1156,593,284
84375,SET OF 20 KIDS COOKIE CUTTERS,15753.18,7575.0,796,389,285
22170,PICTURE FRAME WOOD TRIPLE PORTRAIT,15645.27,2385.0,575,279,286
22333,RETROSPOT PARTY BAG + STICKER SET,15639.65,10030.0,697,333,287
22619,SET OF 6 SOLDIER SKITTLES,15620.09,4008.0,708,421,288
85232B,,15587.0,3086.0,561,208,289
21891,TRADITIONAL WOODEN SKIPPING ROPE,15547.75,12142.0,835,483,290
22173,METAL 4 HOOK HANGER FRENCH CHATEAU,15411.9,5026.0,997,383,291
84378,SET OF 3 HEART COOKIE CUTTERS,15388.44,11637.0,1248,601,292
22749,FELTCRAFT PRINCESS CHARLOTTE DOLL,15354.35,3759.0,685,383,293
21094,SET/6 RED SPOTTY PAPER PLATES,15334.03,19633.0,984,328,294
21844,RED RETROSPOT MUG,15329.44,5374.0,494,252,295
22365,DOORMAT RESPECTABLE HOUSE,15289.79,2329.0,443,193,296
22940,FELTCRAFT CHRISTMAS FAIRY,15282.81,3491.0,586,392,297
22909,SET OF 20 VINTAGE CHRISTMAS NAPKINS,15275.82,17144.0,1086,578,298
21975,PACK OF 60 DINOSAUR CAKE CASES,15236.62,31332.0,1303,543,299
21165,BEWARE OF THE CAT METAL SIGN,15167.38,9360.0,966,321,300
82582,AREA PATROLLED METAL SIGN,15110.98,7479.0,796,258,301
35970,ZINC FOLKART SLEIGH BELLS,15072.58,8375.0,692,415,302
22946,WOODEN ADVENT CALENDAR CREAM,15060.57,976.0,275,152,303
22606,WOODEN SKITTLES GARDEN SET,14881.94,1069.0,374,269,304
22730,ALARM CLOCK BAKELIKE IVORY,14867.27,3702.0,746,289,305
21122,SET/10 PINK POLKADOT PARTY CANDLES,14844.78,12209.0,807,441,306
21770,OPEN CLOSED METAL SIGN,14807.3,2991.0,651,423,307
17003,BROCADE RING PURSE,14766.42,70369.0,456,215,308
22485,SET OF 2 WOODEN MARKET CRATES,14677.84,1101.0,419,280,309
21912,VINTAGE SNAKES & LADDERS,14651.33,3734.0,828,447,310
21380,WOODEN HAPPY BIRTHDAY GARLAND,14593.32,5031.0,651,325,311
84050,check,14525.0,9853.0,715,308,312
22150,3 STRIPEY MICE FELTCRAFT,14486.55,7815.0,938,505,313
22179,SET 10 NIGHT OWL LIGHTS,14418.61,2023.0,566,201,314
21672,WHITE SPOT RED CERAMIC DRAWER KNOB,14411.13,11120.0,815,278,315
20748,KENSINGTON COFFEE SET,14266.98,1600.0,183,86,316
21169,YOU'RE CONFUSING ME METAL SIGN,14262.61,8856.0,772,278,317
23200,JUMBO BAG PEARS,14188.96,7067.0,595,262,318
84380,SET OF 3 BUTTERFLY COOKIE CUTTERS,14076.34,10405.0,1114,490,319
22804,PINK HANGING HEART T-LIGHT HOLDER,14075.8,5261.0,670,351,320
22627,MINT KITCHEN SCALES,14016.8,1600.0,653,322,321
35400,WOODEN BOX ADVENT CALENDAR,13999.1,1435.0,419,241,322
23343,JUMBO BAG VINTAGE CHRISTMAS,13972.71,6078.0,476,286,323
21257,VICTORIAN SEWING BOX MEDIUM,13968.48,1549.0,532,206,324
22236,CAKE STAND 3 TIER MAGIC GARDEN,13965.52,1127.0,421,251,325
22271,FELTCRAFT DOLL ROSIE,13921.73,4866.0,787,400,326
21668,RED STRIPE CERAMIC DRAWER KNOB,13912.17,10357.0,825,255,327
22295,HEART FILIGREE DOVE LARGE,13873.54,8411.0,706,381,328
21888,BINGO SET,13862.17,3520.0,825,444,329
22444,GROW YOUR OWN PLANT IN A CAN,13856.6,10132.0,453,249,330
21259,VICTORIAN SEWING BOX SMALL,13843.92,2293.0,655,300,331
21669,BLUE STRIPE CERAMIC DRAWER KNOB,13839.18,10578.0,805,262,332
79323P,"Unsaleable, destroyed.",13787.93,2281.0,265,132,333
22621,TRADITIONAL KNITTING NANCY,13784.32,8726.0,875,507,334
22109,FULL ENGLISH BREAKFAST PLATE,13750.11,3338.0,642,205,335
47556B,TEA TIME TEA TOWELS,13714.66,5205.0,453,209,336
23077,DOUGHNUT LIP GLOSS,13695.77,10395.0,344,217,337
21871,SAVE THE PLANET MUG,13654.89,11492.0,779,299,338
22667,RECIPE BOX RETROSPOT,13586.35,4845.0,848,406,339
21390,FILIGRIS HEART WITH BUTTERFLY,13552.97,10937.0,588,280,340
21539,RED RETROSPOT BUTTER DISH,13551.64,2723.0,709,290,341
22636,CHILDS BREAKFAST SET CIRCUS PARADE,13437.03,1618.0,489,312,342
C2,CARRIAGE,13426.0,268.0,267,45,343
23356,LOVE HOT WATER BOTTLE,13334.32,2359.0,476,316,344
23207,LUNCH BAG ALPHABET DESIGN,13325.55,7830.0,740,377,345
22207,FRYING PAN UNION FLAG,13298.57,3103.0,480,189,346
23108,SET OF 10 LED DOLLY LIGHTS,13290.52,2219.0,372,271,347
22584,PACK OF 6 PANETTONE GIFT BOXES,13287.78,5222.0,589,417,348
21673,WHITE SPOT BLUE CERAMIC DRAWER KNOB,13272.39,10050.0,763,263,349
23328,SET 6 SCHOOL MILK BOTTLES IN CRATE,13269.49,2841.0,405,195,350
22846,BREAD BIN DINER STYLE RED,13264.82,825.0,346,189,351
21098,CHRISTMAS TOILET ROLL,13263.93,8537.0,596,269,352
21704,BAG 250g SWIRLY MARBLES,13235.16,17175.0,568,287,353
22838,3 TIER CAKE TIN RED AND CREAM,13220.86,922.0,271,184,354
15044A,PINK PAPER PARASOL,13210.85,4964.0,250,116,355
75049L,LARGE CIRCULAR MIRROR MOBILE,13153.8,13968.0,344,106,356
22580,ADVENT CALENDAR GINGHAM SACK,13141.08,2322.0,495,275,357
20676,RED RETROSPOT BOWL,13105.7,10475.0,966,372,358
21935,SUKI  SHOULDER BAG,13103.21,7127.0,921,234,359
22088,,13076.88,4399.0,619,266,360
22553,PLASTERS IN TIN SKULLS,13013.15,7794.0,1090,507,361
22464,HANGING METAL HEART LANTERN,12985.31,7847.0,784,397,362
84988,SET OF 72 PINK HEART PAPER DOILIES,12913.24,8305.0,1019,379,363
21906,PHARMACIE FIRST AID TIN,12879.46,1786.0,424,214,364
22766,PHOTO FRAME CORNICE,12864.25,4367.0,640,343,365
22655,VINTAGE RED KITCHEN CABINET,12845.0,76.0,53,45,366
15056P,EDWARDIAN PARASOL PINK,12806.76,2519.0,382,186,367
22198,LARGE POPCORN HOLDER,12759.61,7331.0,646,240,368
22947,,12704.15,1011.0,209,124,369
22303,COFFEE MUG APPLES DESIGN,12701.63,5439.0,540,266,370
22646,CERAMIC STRAWBERRY CAKE MONEY BANK,12654.71,8913.0,880,404,371
22616,PACK OF 12 LONDON TISSUES,12460.16,39147.0,825,319,372
62018,SOMBRERO,12450.85,9567.0,127,70,373
22623,BOX OF VINTAGE JIGSAW BLOCKS,12432.28,2312.0,541,334,374
22144,CHRISTMAS CRAFT LITTLE FRIENDS,12382.47,5134.0,704,392,375
23174,REGENCY SUGAR BOWL GREEN,12342.43,3055.0,322,190,376
21671,RED SPOT CERAMIC DRAWER KNOB,12339.32,9488.0,727,265,377
22631,CIRCUS PARADE LUNCH BOX,12241.85,6272.0,663,271,378
85042,ANTIQUE LILY FAIRY LIGHTS,12234.56,2685.0,292,142,379
22082,RIBBON REEL STRIPES DESIGN,12192.05,7267.0,957,512,380
21124,SET/10 BLUE POLKADOT PARTY CANDLES,12172.79,10029.0,629,406,381
22301,COFFEE MUG CAT + BIRD DESIGN,12124.78,5009.0,643,273,382
22192,BLUE DINER WALL CLOCK,12104.8,1426.0,543,260,383
21670,BLUE SPOT CERAMIC DRAWER KNOB,12074.4,8845.0,767,260,384
20969,RED FLORAL FELTCRAFT SHOULDER BAG,12066.52,3237.0,613,285,385
21937,STRAWBERRY   PICNIC BAG,12038.82,4100.0,657,286,386
84212,"ASSORTED FLOWER COLOUR ""LEIS""",11961.49,24794.0,277,140,387
21787,RAIN PONCHO RETROSPOT,11926.08,15135.0,469,221,388
21242,RED RETROSPOT PLATE,11917.73,7085.0,657,289,389
84987,SET OF 36 TEATIME PAPER DOILIES,11864.15,8138.0,812,406,390
22729,ALARM CLOCK BAKELIKE ORANGE,11864.0,2999.0,612,236,391
22243,5 HOOK HANGER RED MAGIC TOADSTOOL,11860.25,7678.0,388,181,392
20975,12 PENCILS SMALL TUBE RED RETROSPOT,11848.71,18099.0,902,460,393
22488,NATURAL SLATE RECTANGLE CHALKBOARD,11788.06,6905.0,808,426,394
23300,GARDENERS KNEELING PAD CUP OF TEA,11785.99,6809.0,758,351,395
21428,SET3 BOOK BOX GREEN GINGHAM FLOWER,11762.93,2883.0,465,228,396
22791,T-LIGHT GLASS FLUTED ANTIQUE,11728.69,9458.0,434,226,397
47567B,TEA TIME KITCHEN APRON,11721.99,2169.0,351,179,398
22750,FELTCRAFT PRINCESS LOLA DOLL,11697.6,3125.0,647,362,399
22943,CHRISTMAS LIGHTS 10 VINTAGE BAUBLES,11696.64,2381.0,356,215,400
21154,RED RETROSPOT OVEN GLOVE,11694.95,8095.0,903,327,401
22151,PLACE SETTING WHITE HEART,11609.19,27562.0,716,361,402
21326,AGED GLASS SILVER T-LIGHT HOLDER,11593.86,17770.0,643,307,403
22844,VINTAGE CREAM DOG FOOD CONTAINER,11593.28,1227.0,498,229,404
23581,JUMBO BAG PAISLEY PARK,11581.83,5020.0,338,230,405
21260,FIRST AID TIN,11564.43,3512.0,534,303,406
22508,DOORSTOP RETROSPOT HEART,11561.95,2880.0,697,400,407
22468,BABUSHKA LIGHTS STRING OF 10,11542.6,1736.0,413,196,408
22649,STRAWBERRY FAIRY CAKE TEAPOT,11541.78,2302.0,486,200,409
22637,PIGGY BANK RETROSPOT,11492.82,4478.0,598,329,410
22663,JUMBO BAG DOLLY GIRL DESIGN,11465.29,5764.0,688,268,411
82001s,SILVER RECORD COVER FRAME,11464.38,3051.0,259,86,412
22950,36 DOILIES VINTAGE CHRISTMAS,11452.64,8333.0,352,256,413
22740,adjustment,11395.31,13345.0,300,163,414
21172,PARTY METAL SIGN,11382.16,7685.0,971,420,415
21429,RED GINGHAM ROSE JEWELLERY BOX,11342.25,6359.0,997,418,416
22834,HAND WARMER BABUSHKA DESIGN,11287.63,6900.0,597,300,417
22988,SOLDIERS EGG CUP,11238.45,9363.0,446,207,418
21922,UNION STRIPE WITH FRINGE  HAMMOCK,11199.18,1443.0,388,204,419
72351B,SET/6 PINK  BUTTERFLY T-LIGHTS,11184.89,5785.0,499,208,420
22968,ROSE COTTAGE KEEPSAKE BOX,11184.82,1127.0,306,182,421
47599A,PINK PARTY BAGS,11180.57,5967.0,369,202,422
22795,SWEETHEART RECIPE BOOK STAND,11175.81,1597.0,498,227,423
21868,POTTING SHED TEA MUG,11163.64,9075.0,881,377,424
22417,PACK OF 60 SPACEBOY CAKE CASES,11159.9,21451.0,1103,521,425
21735,TWO DOOR CURIO CABINET,11112.85,853.0,262,139,426
23170,REGENCY TEA PLATE ROSES,11097.25,6857.0,445,224,427
22620,4 TRADITIONAL SPINNING TOPS,11073.45,8181.0,841,449,428
22768,FAMILY PHOTO FRAME CORNICE,11064.72,1158.0,354,243,429
B,Adjust bad debt,11062.06,1.0,1,0,430
22130,PARTY CONE CHRISTMAS DECORATION,10991.21,9737.0,424,298,431
21749,LARGE RED RETROSPOT WINDMILL,10980.98,5657.0,286,153,432
22694,WICKER STAR,10958.6,4893.0,858,484,433
20828,GLITTER BUTTERFLY CLIPS,10940.48,4423.0,607,261,434
22668,PINK BABY BUNTING,10898.05,3587.0,579,296,435
21907,I'M ON HOLIDAY METAL SIGN,10866.22,5163.0,771,381,436
21498,RED RETROSPOT WRAP,10851.92,26726.0,802,454,437
37370,RETRO COFFEE MUGS ASSORTED,10821.29,7145.0,492,184,438
21558,SKULL LUNCH BOX WITH CUTLERY,10810.66,4207.0,768,267,439
21086,SET/6 RED SPOTTY PAPER CUPS,10781.81,16658.0,843,311,440
22274,FELTCRAFT DOLL EMILY,10770.07,3773.0,656,344,441
22904,CALENDAR PAPER CUT DESIGN,10755.05,3467.0,463,269,442
22812,PACK 3 BOXES CHRISTMAS PANETTONE,10734.43,4879.0,462,270,443
21833,CAMOUFLAGE LED TORCH,10681.67,6239.0,444,210,444
21624,VINTAGE UNION JACK DOORSTOP,10641.15,1771.0,403,281,445
21974,SET OF 36 PAISLEY FLOWER DOILIES,10622.15,7046.0,808,355,446
22064,PINK DOUGHNUT TRINKET POT,10592.66,6606.0,693,213,447
22348,TEA BAG PLATE RED RETROSPOT,10583.12,12453.0,961,344,448
22349,DOG BOWL CHASING BALL DESIGN,10551.67,2571.0,366,226,449
22595,GINGHAM HEART DECORATION,10544.32,12535.0,796,481,450
22302,COFFEE MUG PEARS  DESIGN,10492.45,4926.0,396,212,451
21890,S/6 WOODEN SKITTLES IN COTTON BAG,10451.6,3489.0,547,335,452
20754,RETROSPOT RED WASHING UP GLOVES,10444.82,5094.0,852,363,453
23208,LUNCH BAG VINTAGE LEAF DESIGN,10441.91,6308.0,668,305,454
22418,10 COLOUR SPACEBOY PEN,10417.73,12314.0,586,332,455
21982,PACK OF 12 SUKI TISSUES,10395.88,32086.0,718,335,456
22174,PHOTO CUBE,10374.33,5122.0,557,178,457
22992,REVOLVER WOODEN RULER,10373.99,5233.0,348,217,458
22725,ALARM CLOCK BAKELIKE CHOCOLATE,10324.92,2518.0,549,217,459
22120,WELCOME  WOODEN BLOCK LETTERS,10314.19,1018.0,367,196,460
22089,PAPER BUNTING VINTAGE PAISLEY,10303.35,3506.0,552,290,461
20979,36 PENCILS TUBE RED RETROSPOT,10271.81,8156.0,709,310,462
22380,TOY TIDY SPACEBOY,10217.66,4964.0,688,300,463
23582,VINTAGE DOILY JUMBO BAG RED,10206.41,4802.0,259,186,464
21531,RED RETROSPOT SUGAR JAM BOWL,10174.12,4073.0,776,324,465
20682,RED RETROSPOT CHILDRENS UMBRELLA,10171.31,3068.0,589,296,466
22748,POPPY'S PLAYHOUSE KITCHEN,10161.4,4142.0,742,410,467
21892,TRADITIONAL WOODEN CATCH CUP GAME,10151.28,7826.0,818,447,468
22771,CLEAR DRAWER KNOB ACRYLIC EDWARDIAN,10147.08,7489.0,512,201,469
22970,LONDON BUS COFFEE MUG,10140.6,4334.0,317,180,470
21033,JUMBO BAG CHARLIE AND LOLA TOYS,10132.11,4590.0,573,163,471
22966,GINGERBREAD MAN COOKIE CUTTER,10131.26,8219.0,732,422,472
21781,,10125.72,655.0,363,150,473
84792,ENCHANTED BIRD COATHANGER 5 HOOK,10119.51,2297.0,519,248,474
22180,RETROSPOT LAMP,10103.38,975.0,410,226,475
23171,REGENCY TEA PLATE GREEN,10051.99,6247.0,381,195,476
22840,ROUND CAKE TIN VINTAGE RED,10023.65,1323.0,402,281,477
84030E,ENGLISH ROSE HOT WATER BOTTLE,10021.55,2242.0,531,254,478
21756,BATH BUILDING BLOCK WORD,9944.65,1612.0,581,327,479
22327,ROUND SNACK BOXES SET OF 4 SKULLS,9943.55,3065.0,646,256,480
23076,ICE CREAM SUNDAE LIP GLOSS,9935.76,8076.0,277,202,481
22645,CERAMIC HEART FAIRY CAKE MONEY BANK,9925.13,5560.0,741,341,482
22131,FOOD CONTAINER SET 3 LOVE HEART,9914.89,5243.0,692,276,483
84880,WHITE WIRE EGG HOLDER,9894.99,1729.0,375,185,484
22300,COFFEE MUG DOG + BALL DESIGN,9891.4,4116.0,526,254,485
22466,FAIRY TALE COTTAGE NIGHT LIGHT,9857.18,5312.0,394,199,486
22429,ENAMEL MEASURING JUG CREAM,9844.04,2280.0,625,364,487
20829,GLITTER HANGING BUTTERFLY STRING,9825.02,4820.0,481,207,488
20677,PINK POLKADOT BOWL,9798.06,7774.0,760,268,489
47570B,,9791.67,981.0,232,129,490
21488,RED WHITE SCARF  HOT WATER BOTTLE,9784.58,2384.0,359,216,491
22745,POPPY'S PLAYHOUSE BEDROOM,9764.64,3976.0,703,377,492
79000,,9759.91,11973.0,436,195,493
22549,PICTURE DOMINOES,9718.41,6521.0,711,403,494
22665,RECIPE BOX BLUE SKETCHBOOK DESIGN,9589.84,2955.0,703,326,495
23175,REGENCY MILK JUG PINK,9587.15,3160.0,329,206,496
85049A,TRADITIONAL CHRISTMAS RIBBONS,9566.02,6585.0,718,387,497
22978,PANTRY ROLLING PIN,9564.98,2464.0,238,153,498
82552,WASHROOM METAL SIGN,9527.16,6955.0,794,346,499
35961,FOLKART ZINC HEART CHRISTMAS DEC,9514.78,11430.0,637,262,500
16014,SMALL CHINESE STYLE SCISSOR,9513.1,29355.0,93,46,501
22767,TRIPLE PHOTO FRAME CORNICE,9478.23,1004.0,295,197,502
22942,CHRISTMAS LIGHTS 10 SANTAS,9466.41,1221.0,246,176,503
21716,BOYS VINTAGE TIN SEASIDE BUCKET,9397.07,3709.0,496,241,504
20970,PINK FLORAL FELTCRAFT SHOULDER BAG,9387.29,2490.0,574,278,505
21385,IVORY HANGING DECORATION  HEART,9358.94,10832.0,690,320,506
22357,KINGS CHOICE BISCUIT TIN,9352.41,2073.0,462,259,507
85049E,SCANDINAVIAN REDS RIBBONS,9346.72,6584.0,891,434,508
84692,BOX OF 24 COCKTAIL PARASOLS,9336.68,19085.0,1122,348,509
22656,VINTAGE BLUE KITCHEN CABINET,9290.0,45.0,37,30,510
21243,PINK POLKADOT PLATE,9287.7,5636.0,503,210,511
21658,GLASS  BEURRE DISH,9271.89,2225.0,519,166,512
22219,LOVEBIRD HANGING DECORATION WHITE,9270.48,9771.0,1149,384,513
22072,RED RETROSPOT TEA CUP AND SAUCER,9231.01,2405.0,511,200,514
20747,PICCADILLY TEA SET,9224.92,683.0,108,48,515
23319,BOX OF 6 MINI 50'S CRACKERS,9219.53,3720.0,403,300,516
21745,GAOLERS KEYS DECORATIVE GARDEN,9201.49,2699.0,486,236,517
22741,FUNKY DIVA PEN,9173.03,10652.0,292,132,518
22121,NOEL WOODEN BLOCK LETTERS,9167.61,1481.0,438,303,519
23318,BOX OF 6 MINI VINTAGE CRACKERS,9162.41,3809.0,376,270,520
22195,LARGE HEART MEASURING SPOONS,9144.24,5127.0,811,325,521
23080,RED METAL BOX TOP SECRET,9117.62,1074.0,257,148,522
22244,3 HOOK HANGER MAGIC GARDEN,9101.96,4760.0,431,169,523
21933,PINK VINTAGE PAISLEY PICNIC BAG,9087.63,4116.0,625,294,524
21777,RECIPE BOX WITH METAL HEART,9075.51,1126.0,367,169,525
21041,RED RETROSPOT OVEN GLOVE DOUBLE,9049.29,2666.0,525,191,526
72807C,SET/3 VANILLA SCENTED CANDLE IN BOX,9001.15,2043.0,389,164,527
22989,SET 2 PANTRY DESIGN TEA TOWELS,8999.27,2811.0,372,241,528
21715,GIRLS VINTAGE TIN SEASIDE BUCKET,8987.24,3553.0,487,255,529
21985,PACK OF 12 HEARTS DESIGN TISSUES,8972.11,25523.0,919,493,530
22839,3 TIER CAKE TIN GREEN AND CREAM,8971.17,579.0,260,142,531
22371,AIRLINE BAG VINTAGE TOKYO 78,8936.8,1828.0,684,285,532
ADJUST,Adjustment by Peter on 24/05/2010 1,8897.93,36.0,36,25,533
22141,CHRISTMAS CRAFT TREE TOP ANGEL,8895.21,3663.0,572,313,534
23322,LARGE WHITE HEART OF WICKER,8878.21,3069.0,562,350,535
23439,HAND WARMER RED LOVE HEART,8855.51,3986.0,397,268,536
22215,CAKE STAND WHITE TWO TIER LACE,8809.93,1085.0,359,245,537
84839,SWEETHEART KEY CABINET,8747.05,1523.0,393,219,538
21042,RED RETROSPOT APRON,8717.31,1473.0,399,200,539
20974,12 PENCILS SMALL TUBE SKULL,8686.54,13219.0,822,370,540
23256,CHILDRENS CUTLERY SPACEBOY,8667.07,2113.0,368,232,541
21980,PACK OF 12 RED RETROSPOT TISSUES,8650.14,31337.0,676,406,542
22895,SET OF 2 TEA TOWELS APPLE AND PEARS,8648.49,2847.0,411,232,543
22212,FOUR HOOK  WHITE LOVEBIRDS,8642.3,4024.0,828,323,544
84032A,CHARLIE+LOLA PINK HOT WATER BOTTLE,8624.1,3234.0,662,227,545
23534,WALL ART STOP FOR TEA,8608.9,1387.0,260,159,546
21381,MINI WOODEN HAPPY BIRTHDAY GARLAND,8568.0,5104.0,532,234,547
21135,VICTORIAN  METAL POSTCARD SPRING,8567.24,5985.0,405,251,548
22110,BIRD HOUSE HOT WATER BOTTLE,8563.76,2609.0,512,217,549
23082,SET 6 PAPER TABLE LANTERN HEARTS,8558.76,2328.0,297,205,550
23078,ICE CREAM PEN LIP GLOSS,8553.34,6831.0,257,159,551
22283,6 EGG HOUSE PAINTED WOOD,8533.09,1032.0,382,196,552
21186,WHITE DOVE HONEYCOMB PAPER GARLAND,8532.17,5272.0,369,187,553
21932,SCANDINAVIAN PAISLEY PICNIC BAG,8498.61,3871.0,649,315,554
23493,VINTAGE DOILY TRAVEL SEWING KIT,8497.98,3964.0,415,282,555
79323LP,"Unsaleable, destroyed.",8481.19,1433.0,170,107,556
48189,adjustment,8470.28,1321.0,274,152,557
22073,,8457.89,2124.0,474,227,558
22079,RIBBON REEL HEARTS DESIGN,8457.84,5028.0,684,397,559
22354,RETROSPOT PADDED SEAT CUSHION,8454.56,2228.0,280,157,560
22078,RIBBON REEL LACE DESIGN,8449.94,3984.0,480,246,561
22751,FELTCRAFT PRINCESS OLIVIA DOLL,8445.97,2264.0,466,269,562
23535,WALL ART BICYCLE SAFETY,8440.24,1324.0,215,135,563
23321,SMALL WHITE HEART OF WICKER,8438.54,4716.0,629,378,564
22329,ROUND CONTAINER SET OF 5 RETROSPOT,8430.45,5159.0,610,261,565
22358,KINGS CHOICE TEA CADDY,8393.61,2651.0,605,295,566
51008,AFGHAN SLIPPER SOCK PAIR,8378.8,2604.0,80,44,567
22628,PICNIC BOXES SET OF 3 RETROSPOT,8367.8,1744.0,350,172,568
22689,,8366.72,1092.0,264,182,569
21411,GINGHAM HEART  DOORSTOP RED,8352.94,2090.0,624,358,570
21244,BLUE POLKADOT PLATE,8279.07,5045.0,445,207,571
21934,SKULL SHOULDER BAG,8275.22,4597.0,725,164,572
21874,GIN AND TONIC MUG,8209.17,6332.0,617,211,573
85067,,8201.99,496.0,175,110,574
22055,MINI CAKE STAND  HANGING STRAWBERY,8179.19,4925.0,724,252,575
21238,RED RETROSPOT CUP,8164.0,9477.0,903,324,576
84508A,check,8091.48,3809.0,108,51,577
82551,LAUNDRY 15C METAL SIGN,8081.14,5641.0,751,306,578
20675,BLUE POLKADOT BOWL,8067.83,6465.0,693,281,579
22796,PHOTO FRAME 3 CLASSIC HANGING,8020.45,806.0,316,201,580
22738,RIBBON REEL SNOWY VILLAGE,8012.57,4447.0,498,274,581
22504,CABIN BAG VINTAGE RETROSPOT,7985.03,366.0,115,55,582
22592,CARDHOLDER HOLLY WREATH METAL,7956.84,1980.0,304,207,583
21115,ROSE CARAVAN DOORSTOP,7955.84,1247.0,431,266,584
21769,showroom,7954.87,123.0,48,42,585
22353,LUNCH BOX WITH CUTLERY FAIRY CAKES,7917.89,3039.0,493,200,586
21116,OWL DOORSTOP,7900.01,1355.0,534,164,587
22350,ILLUSTRATED CAT BOWL,7883.44,2840.0,331,169,588
21875,KINGS CHOICE MUG,7882.08,6818.0,414,218,589
22275,WEEKEND BAG VINTAGE ROSE PAISLEY,7875.33,946.0,313,168,590
22890,NOVELTY BISCUITS CAKE STAND 3 TIER,7821.96,800.0,260,148,591
21976,PACK OF 60 MUSHROOM CAKE CASES,7792.37,14570.0,950,404,592
84568,GIRLS ALPHABET IRON ON PATCHES,7788.67,37066.0,310,49,593
22588,CARD HOLDER GINGHAM HEART,7776.84,2849.0,483,320,594
23238,SET OF 4 KNICK KNACK TINS LONDON,7771.61,1849.0,274,150,595
20717,STRAWBERRY SHOPPER BAG,7767.48,6296.0,757,283,596
21588,RETROSPOT GIANT TUBE MATCHES,7748.55,3351.0,284,191,597
23204,CHARLOTTE BAG APPLES DESIGN,7741.94,7976.0,583,199,598
23007,SPACEBOY BABY GIFT SET,7741.75,498.0,184,110,599
21110,,7729.37,1640.0,329,173,600
22784,LANTERN CREAM GAZEBO,7727.14,1551.0,369,234,601
84032B,CHARLIE + LOLA RED HOT WATER BOTTLE,7699.25,3285.0,601,288,602
22165,"DIAMANTE HEART SHAPED WALL MIRROR,",7673.73,976.0,272,82,603
22550,HOLIDAY FUN LUDO,7669.64,2058.0,425,275,604
22809,SET OF 6 T-LIGHTS SANTA,7664.72,2568.0,379,259,605
22813,PACK 3 BOXES BIRD PANETTONE,7663.83,3945.0,373,222,606
84968C,SET OF 16 VINTAGE PISTACHIO CUTLERY,7629.25,637.0,191,64,607
21870,,7627.49,6083.0,630,243,608
22528,,7623.41,5824.0,554,284,609
22669,RED BABY BUNTING,7613.94,2386.0,438,263,610
22493,PAINT YOUR OWN CANVAS SET,7608.12,4738.0,418,244,611
22991,GIRAFFE WOODEN RULER,7604.89,3887.0,274,185,612
22242,,7559.91,4756.0,368,186,613
22489,PACK OF 12 TRADITIONAL CRAYONS,7548.67,17916.0,785,417,614
22360,GLASS JAR ENGLISH CONFECTIONERY,7535.5,2503.0,425,209,615
22224,WHITE LOVEBIRD LANTERN,7527.94,2373.0,401,234,616
85065,CREAM SWEETHEART TRAYS,7524.44,620.0,256,162,617
72351A,SET/6 TURQUOISE BUTTERFLY T-LIGHTS,7523.57,3765.0,427,174,618
85064,CREAM SWEETHEART LETTER RACK,7493.06,1595.0,279,172,619
21463,MIRRORED DISCO BALL,7484.81,1349.0,302,169,620
22199,FRYING PAN RED RETROSPOT,7480.35,1827.0,405,158,621
21746,SMALL RED RETROSPOT WINDMILL,7468.34,5965.0,488,234,622
82580,BATHROOM METAL SIGN,7458.52,13249.0,1336,443,623
11001,ASSTD DESIGN RACING CAR PEN,7408.65,4829.0,251,118,624
22945,CHRISTMAS METAL TAGS ASSORTED,7365.7,7641.0,338,244,625
21737,,7362.66,398.0,164,118,626
21361,,7361.74,556.0,286,181,627
22739,RIBBON REEL CHRISTMAS SOCK BAUBLE,7357.44,4021.0,601,329,628
23382,BOX OF 6 CHRISTMAS CAKE DECORATIONS,7356.18,1875.0,220,136,629
21876,POTTERING MUG,7351.25,5663.0,623,239,630
22798,ANTIQUE GLASS DRESSING TABLE POT,7336.09,2367.0,356,173,631
21114,LAVENDER SCENTED FABRIC HEART,7306.14,5666.0,494,359,632
22282,12 EGG HOUSE PAINTED WOOD,7304.69,561.0,216,92,633
21561,DINOSAUR LUNCH BOX WITH CUTLERY,7303.91,2969.0,522,260,634
22465,HANGING METAL STAR LANTERN,7284.24,4517.0,461,270,635
22029,SPACEBOY BIRTHDAY CARD,7280.76,17602.0,1101,429,636
22907,PACK OF 20 NAPKINS PANTRY DESIGN,7279.03,8686.0,829,445,637
23083,SET 6 PAPER TABLE LANTERN STARS,7250.9,1932.0,246,161,638
22414,DOORMAT NEIGHBOURHOOD WITCH,7203.57,1187.0,220,92,639
85174,S/4 CACTI CANDLES,7193.46,1459.0,357,126,640
22626,BLACK KITCHEN SCALES,7167.48,837.0,339,200,641
22577,WOODEN HEART CHRISTMAS SCANDINAVIAN,7154.53,14023.0,832,517,642
22827,RUSTIC  SEVENTEEN DRAWER SIDEBOARD,7150.0,46.0,35,29,643
21981,PACK OF 12 WOODLAND TISSUES,7129.46,26204.0,553,282,644
22644,CERAMIC CHERRY CAKE MONEY BANK,7069.88,4857.0,610,304,645
22781,GUMBALL MAGAZINE RACK,7060.58,867.0,307,160,646
23236,STORAGE TIN VINTAGE DOILY,7059.97,2493.0,327,203,647
23320,GIANT 50'S CHRISTMAS CRACKER,7053.57,2661.0,333,260,648
23215,JINGLE BELL HEART ANTIQUE SILVER,7038.4,3564.0,210,162,649
21625,VINTAGE UNION JACK APRON,7037.62,984.0,334,186,650
21700,BIG DOUGHNUT FRIDGE MAGNETS,7028.51,6335.0,525,186,651
21984,PACK OF 12 PINK PAISLEY TISSUES,7023.95,25351.0,432,256,652
37450,CERAMIC CAKE BOWL + HANGING CAKES,7023.14,2444.0,391,138,653
23543,WALL ART KEEP CALM,7010.76,1236.0,103,81,654
23283,DOORMAT VINTAGE LEAF,7003.38,994.0,233,146,655
23293,SET OF 12 FAIRY CAKE BAKING CASES,6989.54,8471.0,552,323,656
22618,"mouldy, unsaleable.",6984.35,718.0,242,180,657
21497,FANCY FONTS BIRTHDAY WRAP,6978.0,17500.0,485,330,658
22567,20 DOLLY PEGS RETROSPOT,6955.83,5561.0,506,287,659
10002,,6942.26,8671.0,362,164,660
22498,WOODEN REGATTA BUNTING,6933.74,1135.0,381,211,661
22563,HAPPY STENCIL CRAFT,6923.85,5942.0,533,293,662
22377,BOTTLE BAG RETROSPOT,6920.11,3618.0,435,200,663
21903,MAN FLU METAL SIGN,6908.87,3436.0,407,230,664
23254,CHILDRENS CUTLERY DOLLY GIRL,6903.11,1703.0,299,204,665
22938,CUPCAKE LACE PAPER SET 6,6891.25,3687.0,273,237,666
22220,CAKE STAND LOVEBIRD 2 TIER WHITE,6885.44,745.0,270,190,667
22085,PAPER CHAIN KIT SKULLS,6883.87,2538.0,230,141,668
21563,RED HEART SHAPE LOVE BUCKET,6875.71,2786.0,362,180,669
85220,,6875.0,12236.0,5,4,670
47502,,6855.75,640.0,79,40,671
23103,JINGLE BELL HEART DECORATION,6846.16,4072.0,365,231,672
23109,PACK OF SIX LED TEA LIGHTS,6835.02,2386.0,268,178,673
37448,CERAMIC CAKE DESIGN SPOTTED MUG,6827.21,4549.0,528,198,674
22378,WALL TIDY RETROSPOT,6826.51,3749.0,546,167,675
23541,WALL ART CLASSIC PUDDINGS,6823.91,872.0,152,97,676
47559B,TEA TIME OVEN GLOVE,6823.15,5270.0,745,303,677
22187,GREEN CHRISTMAS TREE CARD HOLDER,6820.7,2104.0,364,230,678
35004B,SET OF 3 BLACK FLYING DUCKS,6809.65,1474.0,275,64,679
23297,SET 40 HEART SHAPE PETIT FOUR CASES,6792.23,4303.0,161,123,680
21989,PACK OF 20 SKULL PAPER NAPKINS,6790.7,8552.0,654,264,681
37500,TEA TIME TEAPOT IN GIFT BOX,6787.46,881.0,263,147,682
20973,12 PENCIL SMALL TUBE WOODLAND,6773.95,9863.0,658,309,683
22431,WATERING CAN BLUE ELEPHANT,6771.52,3365.0,620,269,684
22845,VINTAGE CREAM CAT FOOD CONTAINER,6764.6,999.0,394,192,685
22430,ENAMEL WATERING CAN CREAM,6761.38,1397.0,356,230,686
21768,,6756.09,497.0,163,95,687
22311,OFFICE MUG WARMER BLACK+SILVER,6755.56,2116.0,300,120,688
21992,check,6744.8,3320.0,656,242,689
84509a,SET OF 4 ENGLISH ROSE PLACEMATS,6742.53,1636.0,479,180,690
23229,VINTAGE DONKEY TAIL GAME,6739.71,1869.0,256,186,691
22432,WATERING CAN PINK BUNNY,6730.42,3532.0,517,266,692
22810,SET OF 6 T-LIGHTS SNOWMEN,6729.13,2199.0,328,213,693
23008,DOLLY GIRL BABY GIFT SET,6719.61,433.0,133,99,694
23480,MINI LIGHTS WOODLAND MUSHROOMS,6719.14,1798.0,215,143,695
22221,CAKE STAND LOVEBIRD 2 TIER PINK,6702.33,905.0,156,108,696
22575,METAL MERRY CHRISTMAS WREATH,6699.71,3113.0,330,207,697
22746,POPPY'S PLAYHOUSE LIVINGROOM,6699.25,2910.0,564,319,698
22526,WHEELBARROW FOR CHILDREN,6689.67,544.0,207,153,699
84968A,SET OF 16 VINTAGE ROSE CUTLERY,6688.9,535.0,208,66,700
23247,BISCUIT TIN 50'S CHRISTMAS,6681.25,2194.0,309,231,701
85014D,,6664.45,1918.0,90,73,702
85047,WHITE BEADED GARLAND STRING 20LIGHT,6664.33,1051.0,236,137,703
23169,smashed,6662.84,1556.0,314,203,704
47599B,BLUE PARTY BAGS,6662.54,3492.0,286,170,705
84884a,ANT WHITE WIRE HEART SPIRAL,6659.17,1757.0,347,195,706
85068,,6647.24,960.0,197,130,707
22059,CERAMIC STRAWBERRY DESIGN MUG,6639.03,4940.0,458,183,708
22779,WOODEN OWLS LIGHT GARLAND,6631.35,1735.0,193,112,709
21107,CREAM SLICE FLANNEL PINK SPOT,6624.77,2302.0,313,167,710
22661,CHARLOTTE BAG DOLLY GIRL DESIGN,6620.45,8199.0,631,246,711
85175,,6606.26,15566.0,442,199,712
22898,CHILDRENS APRON APPLES DESIGN,6604.16,3168.0,471,261,713
84520B,,6579.02,7500.0,732,327,714
16156S,WRAP PINK FAIRY CAKES,6558.62,16661.0,419,271,715
21592,RETROSPOT CIGAR BOX MATCHES,6552.46,5876.0,476,312,716
21240,BLUE POLKADOT CUP,6535.74,7581.0,769,287,717
22332,SKULLS PARTY BAG + STICKER SET,6520.55,4158.0,381,233,718
21201,TROPICAL  HONEYCOMB PAPER GARLAND,6517.16,2741.0,235,109,719
22080,RIBBON REEL POLKADOTS,6512.44,3887.0,519,336,720
22364,GLASS JAR DIGESTIVE BISCUITS,6498.61,2054.0,340,164,721
23311,VINTAGE CHRISTMAS STOCKING,6488.2,2390.0,344,246,722
15060b,FAIRY CAKE DESIGN UMBRELLA,6486.79,1419.0,454,174,723
22148,EASTER CRAFT 4 CHICKS,6480.29,3237.0,299,209,724
22596,CHRISTMAS STAR WISH LIST CHALKBOARD,6471.2,6331.0,438,309,725
21494,ROTATING LEAVES T-LIGHT HOLDER,6449.0,3833.0,501,147,726
23188,VINTAGE  2 METRE FOLDING RULER,6447.77,3471.0,333,207,727
22142,CHRISTMAS CRAFT WHITE FAIRY,6445.39,4300.0,503,336,728
23553,LANDMARK FRAME CAMDEN TOWN,6444.65,568.0,68,50,729
21500,PINK POLKADOT WRAP,6443.0,15950.0,492,301,730
21239,PINK  POLKADOT CUP,6438.39,7369.0,751,266,731
23134,,6431.11,1065.0,38,29,732
22578,WOODEN STAR CHRISTMAS SCANDINAVIAN,6419.24,13302.0,768,484,733
23571,TRADITIONAL NAUGHTS & CROSSES,6406.91,2841.0,257,195,734
22979,PANTRY WASHING UP BRUSH,6391.82,4090.0,381,225,735
79067,,6380.2,1615.0,396,160,736
23307,SET OF 60 PANTRY DESIGN CAKE CASES,6371.89,12049.0,629,366,737
85062,PEARL CRYSTAL PUMPKIN T-LIGHT HLDR,6363.28,3886.0,342,172,738
22063,CERAMIC BOWL WITH STRAWBERRY DESIGN,6356.06,2303.0,356,142,739
23172,REGENCY TEA PLATE PINK,6344.41,3861.0,305,160,740
22582,PACK OF 6 SWEETIE GIFT BOXES,6324.77,2522.0,295,225,741
22783,,6316.3,482.0,45,38,742
22849,BREAD BIN DINER STYLE MINT,6287.73,403.0,162,101,743
22460,EMBOSSED GLASS TEALIGHT HOLDER,6283.87,4771.0,376,206,744
22065,CHRISTMAS PUDDING TRINKET POT,6273.84,8640.0,456,249,745
22185,SLATE TILE NATURAL HANGING,6224.72,3896.0,462,298,746
22906,12 MESSAGE CARDS WITH ENVELOPES,6214.83,3370.0,445,274,747
22826,LOVE SEAT ANTIQUE WHITE METAL,6210.0,58.0,41,33,748
22435,SET OF 9 HEART SHAPED BALLOONS,6185.22,4915.0,537,303,749
21714,CITRONELLA CANDLE GARDEN POT,6182.39,4283.0,522,230,750
21078,SET/20 STRAWBERRY PAPER NAPKINS,6181.25,7211.0,741,342,751
22780,LIGHT GARLAND BUTTERFILES PINK,6167.59,1623.0,179,110,752
22222,CAKE PLATE LOVEBIRD WHITE,6160.84,1489.0,403,203,753
22196,SMALL HEART MEASURING SPOONS,6141.19,6586.0,981,304,754
84832,ZINC WILLIE WINKIE  CANDLE STICK,6134.7,6794.0,630,281,755
22848,AMAZON,6128.6,381.0,151,75,756
21667,,6126.25,354.0,163,119,757
23192,BUNDLE OF 3 ALPHABET EXERCISE BOOKS,6114.24,3516.0,345,224,758
23118,PARISIENNE JEWELLERY DRAWER,6102.18,813.0,258,154,759
21584,RETROSPOT SMALL TUBE MATCHES,6070.05,3769.0,352,253,760
21499,BLUE POLKADOT WRAP,6059.84,15052.0,460,302,761
22167,OVAL WALL MIRROR DIAMANTE,6056.33,690.0,303,92,762
72802C,VANILLA SCENT CANDLE JEWELLED BOX,6055.85,2185.0,270,143,763
22361,GLASS JAR DAISY FRESH COTTON WOOL,6036.26,1845.0,496,189,764
85178,VICTORIAN SEWING KIT,6024.52,5478.0,313,177,765
20751,FUNKY WASHING UP GLOVES ASSORTED,6023.26,2839.0,471,264,766
23526,WALL ART DOG LICENCE,6021.4,1012.0,143,79,767
21586,KINGS CHOICE GIANT TUBE MATCHES,6018.75,2583.0,238,172,768
21918,SET 12 KIDS COLOUR  CHALK STICKS,6013.14,14598.0,788,369,769
22331,WOODLAND PARTY BAG + STICKER SET,6011.57,3660.0,437,225,770
21591,COSY HOUR CIGAR BOX MATCHES,6003.08,3978.0,365,264,771
22841,ROUND CAKE TIN VINTAGE GREEN,6002.52,772.0,306,219,772
23296,SET OF 6 TEA TIME BAKING CASES,5985.55,4979.0,378,243,773
22045,SPACEBOY GIFT WRAP,5981.64,14542.0,473,290,774
22855,FINE WICKER HEART,5979.24,4795.0,427,271,775
23312,VINTAGE CHRISTMAS GIFT SACK,5964.15,1423.0,214,168,776
22278,OVERNIGHT BAG VINTAGE ROSE PAISLEY,5959.53,1016.0,383,164,777
22491,PACK OF 12 COLOURED PENCILS,5950.0,7423.0,390,264,778
23052,RECYCLED ACAPULCO MAT TURQUOISE,5949.34,654.0,278,147,779
22772,PINK DRAWER KNOB ACRYLIC EDWARDIAN,5914.92,4377.0,314,105,780
48197,DOORMAT BIRD ON THE WIRE,5905.64,898.0,225,81,781
21407,BROWN CHECK CAT DOORSTOP,5883.33,1294.0,453,231,782
23113,PANTRY CHOPPING BOARD,5868.5,1154.0,57,39,783
85132C,CHARLIE AND LOLA FIGURES TINS,5865.04,2066.0,306,144,784
22241,GARLAND WOODEN HAPPY EASTER,5862.42,4349.0,474,242,785
22971,QUEENS GUARD COFFEE MUG,5849.29,2431.0,272,164,786
23485,BOTANICAL GARDENS WALL CLOCK,5843.92,262.0,83,70,787
23154,SET OF 4 JAM JAR MAGNETS,5842.88,2701.0,235,141,788
22737,RIBBON REEL CHRISTMAS PRESENT,5840.43,3266.0,493,300,789
22660,DOORMAT I LOVE LONDON,5839.41,881.0,194,96,790
21832,CHOCOLATE CALCULATOR,5836.76,3338.0,459,204,791
21988,PACK OF 6 SKULL PAPER PLATES,5820.1,7829.0,416,209,792
85038,6 CHOCOLATE LOVE HEART T-LIGHTS,5803.58,2778.0,382,191,793
22951,60 CAKE CASES DOLLY GIRL DESIGN,5785.97,10993.0,634,345,794
22200,FRYING PAN PINK POLKADOT,5784.92,1296.0,357,120,795
22687,DOORMAT CHRISTMAS VILLAGE,5784.67,895.0,149,97,796
21313,GLASS HEART T-LIGHT HOLDER,5771.11,6711.0,415,173,797
22899,CHILDREN'S APRON DOLLY GIRL,5769.76,2773.0,421,249,798
22964,3 PIECE SPACEBOY COOKIE CUTTER SET,5768.83,2761.0,408,228,799
37495,FAIRY CAKE BIRTHDAY CANDLE SET,5732.6,1560.0,330,206,800
84968B,SET OF 16 VINTAGE IVORY CUTLERY,5732.39,430.0,137,51,801
21452,TOADSTOOL MONEY BOX,5731.33,1875.0,408,228,802
22441,GROW YOUR OWN BASIL IN ENAMEL MUG,5729.57,2644.0,472,295,803
23205,CHARLOTTE BAG VINTAGE ALPHABET,5726.38,5857.0,467,201,804
21577,SAVE THE PLANET COTTON TOTE BAG,5716.52,2556.0,464,241,805
22070,SMALL RED RETROSPOT MUG IN BOX,5701.49,1835.0,320,217,806
22341,LOVE GARLAND PAINTED ZINC,5698.89,3467.0,240,128,807
22115,METAL SIGN EMPIRE TEA,5695.1,2889.0,500,244,808
22060,damaged,5691.41,733.0,158,112,809
21528,DAIRY MAID TRADITIONAL TEAPOT,5680.15,899.0,257,145,810
21703,BAG 125g SWIRLY MARBLES,5646.47,14577.0,561,293,811
22335,HEART DECORATION PAINTED ZINC,5644.77,8666.0,510,242,812
22854,CREAM SWEETHEART EGG HOLDER,5624.5,1160.0,244,169,813
22653,BUTTON BOX,5618.21,3031.0,381,156,814
21207,SKULL AND CROSSBONES  GARLAND,5597.42,3601.0,282,167,815
22119,PEACE WOODEN BLOCK LETTERS,5543.87,896.0,340,244,816
23531,WALL ART BIG LOVE,5538.26,976.0,112,77,817
22156,HEART DECORATION WITH PEARLS,5537.57,6156.0,581,259,818
21730,GLASS STAR FROSTED T-LIGHT HOLDER,5534.17,1115.0,293,155,819
23126,FELTCRAFT GIRL AMELIE KIT,5532.04,1109.0,291,198,820
21900,"KEY FOB , SHED",5529.14,8323.0,835,361,821
23133,LARGE IVORY HEART WALL ORGANISER,5525.4,782.0,155,94,822
23177,TREASURE ISLAND BOOK BOX,5521.29,2532.0,267,174,823
22534,MAGIC DRAWING SLATE SPACEBOY,5514.79,12891.0,583,353,824
23158,SET OF 5 LUCKY CAT MAGNETS,5513.83,2633.0,255,96,825
22670,FRENCH WC SIGN BLUE METAL,5510.57,4432.0,425,218,826
84971S,SMALL HEART FLOWERS HOOK,5503.27,6495.0,462,180,827
23583,LUNCH BAG PAISLEY PARK,5497.33,3385.0,325,233,828
84968D,SET OF 16 VINTAGE RED CUTLERY,5494.08,476.0,110,45,829
40016,,5487.31,15435.0,244,133,830
21112,SWISS ROLL TOWEL PINK  SPOTS,5484.26,2222.0,189,104,831
82599,,5479.44,2505.0,506,185,832
22168,,5475.93,659.0,312,250,833
79029,GLASS HONEYPOT WASP CATCHER,5473.82,2944.0,343,201,834
22203,MILK PAN RED RETROSPOT,5469.51,1402.0,392,166,835
20983,12 PENCILS TALL TUBE RED RETROSPOT,5469.08,6280.0,641,359,836
72756,,5459.48,4012.0,129,114,837
22437,SET OF 9 BLACK SKULL BALLOONS,5457.97,6514.0,443,258,838
85061W,WHITE JEWELLED HEART DECORATION,5451.49,6306.0,469,201,839
22483,RED GINGHAM TEDDY BEAR,5440.51,1877.0,349,223,840
20978,36 PENCILS TUBE SKULLS,5438.57,4117.0,557,253,841
21432,,5435.91,942.0,237,152,842
16161P,WRAP ENGLISH ROSE,5435.4,13198.0,440,289,843
22186,RED STAR CARD HOLDER,5431.4,2004.0,345,234,844
22763,KEY CABINET MA CAMPAGNE,5430.59,662.0,135,95,845
85063,CREAM SWEETHEART MAGAZINE RACK,5426.74,308.0,180,104,846
23135,SMALL ZINC HEART WALL ORGANISER,5416.18,1541.0,45,31,847
22602,RETROSPOT WOODEN HEART DECORATION,5415.59,6383.0,535,305,848
21069,VINTAGE BILLBOARD TEA MUG,5404.36,5099.0,279,110,849
84937,,5394.54,2542.0,124,50,850
22443,GROW YOUR OWN HERBS SET OF 3,5393.43,683.0,264,193,851
21491,,5367.01,2878.0,248,184,852
22218,CAKE STAND LACE WHITE,5365.66,1232.0,264,143,853
23494,VINTAGE DOILY DELUXE SEWING KIT,5354.01,809.0,205,145,854
35832,WOOLLY HAT SOCK GLOVE ADVENT STRING,5341.85,1737.0,188,132,855
37446,MINI CAKE STAND WITH HANGING CAKES,5332.25,3691.0,410,168,856
22842,BISCUIT TIN VINTAGE RED,5308.58,818.0,237,183,857
21363,HOME SMALL WOOD LETTERS,5296.48,984.0,401,224,858
85132A,damaged,5287.2,1358.0,260,98,859
22175,PINK OWL SOFT TOY,5278.31,1824.0,363,161,860
22801,ANTIQUE GLASS PEDESTAL BOWL,5277.95,1300.0,299,173,861
22998,TRAVEL CARD WALLET KEEP CALM,5262.82,12366.0,534,217,862
21718,RED METAL BEACH SPADE,5250.3,4030.0,467,223,863
22896,PEG BAG APPLES DESIGN,5230.55,2076.0,367,187,864
22564,ALPHABET STENCIL CRAFT,5221.4,4570.0,343,208,865
22476,EMPIRE UNION JACK TV DINNER TRAY,5218.61,1332.0,269,145,866
21993,FLORAL FOLK STATIONERY SET,5216.88,2849.0,577,208,867
22117,METAL SIGN HER DINNER IS SERVED,5207.73,1765.0,230,142,868
22691,DOORMAT WELCOME SUNRISE,5198.6,758.0,218,124,869
22030,SWALLOWS GREETING CARD,5197.84,12735.0,685,353,870
22775,PURPLE DRAWERKNOB ACRYLIC EDWARDIAN,5190.03,3633.0,284,98,871
22433,WATERING CAN GREEN DINOSAUR,5186.28,2778.0,422,211,872
21587,COSY HOUR GIANT TUBE MATCHES,5173.05,2071.0,260,207,873
21872,GLAMOROUS  MUG,5163.8,5092.0,330,169,874
22894,TABLECLOTH RED APPLES DESIGN,5160.78,561.0,192,125,875
22472,TV DINNER TRAY DOLLY GIRL,5160.32,1099.0,250,131,876
23263,SET OF 3 WOODEN HEART DECORATIONS,5147.19,3863.0,445,269,877
21713,CITRONELLA CANDLE FLOWERPOT,5145.44,2733.0,391,232,878
23162,REGENCY TEA STRAINER,5143.69,1412.0,176,96,879
23157,SET OF 6 NATIVITY MAGNETS,5143.06,2557.0,163,111,880
23165,LARGE CERAMIC TOP STORAGE JAR,5141.06,3114.0,280,167,881
22412,,5140.82,2401.0,402,166,882
23132,SMALL IVORY HEART WALL ORGANISER,5138.6,1020.0,152,115,883
22571,ROCKING HORSE RED CHRISTMAS,5135.24,5780.0,511,294,884
22426,ENAMEL WASH BOWL CREAM,5133.3,1333.0,372,182,885
22509,SEWING BOX RETROSPOT DESIGN,5130.36,387.0,187,142,886
21495,SKULLS AND CROSSBONES WRAP,5119.3,12465.0,376,201,887
22610,PENS ASSORTED FUNNY FACE,5107.54,12680.0,287,157,888
22374,AIRLINE BAG VINTAGE JET SET RED,5099.84,1023.0,430,226,889
23397,FOOT STOOL HOME SWEET HOME,5097.65,489.0,217,139,890
21471,STRAWBERRY RAFFIA FOOD COVER,5095.63,1406.0,319,165,891
23234,BISCUIT TIN VINTAGE CHRISTMAS,5079.78,1722.0,277,201,892
23295,SET OF 12 MINI LOAF BAKING CASES,5073.45,6134.0,444,250,893
20977,,5069.99,3792.0,485,242,894
21578,WOODLAND DESIGN  COTTON TOTE BAG,5062.86,2205.0,380,184,895
23198,PANTRY MAGNETIC  SHOPPING LIST,5062.6,3342.0,475,259,896
21544,SKULLS  WATER TRANSFER TATTOOS,5052.21,6064.0,503,229,897
46000S,POLYESTER FILLER PAD 40x40cm,5032.95,3471.0,380,240,898
21706,FOLDING UMBRELLA RED/WHITE POLKADOT,5026.21,1348.0,254,134,899
84796B,BLUE SAVANNAH PICNIC HAMPER FOR 2,5016.91,602.0,182,28,900
22957,SET 3 PAPER VINTAGE CHICK PAPER EGG,5014.65,1775.0,214,179,901
23314,VINTAGE CHRISTMAS TABLECLOTH,5012.96,407.0,117,87,902
22732,3D VINTAGE CHRISTMAS STICKERS,5001.84,3773.0,337,195,903
85049g,CHOCOLATE BOX RIBBONS,5000.06,3944.0,562,288,904
21071,,4998.32,4269.0,472,163,905
23310,BUBBLEGUM RING ASSORTED,4997.28,12050.0,245,146,906
22318,FIVE HEART HANGING DECORATION,4983.98,1583.0,389,204,907
47568,,4983.02,2384.0,410,179,908
21056,DOCTOR'S BAG SOFT TOY,4961.33,545.0,195,119,909
22604,SET OF 4 NAPKIN CHARMS CUTLERY,4957.62,2017.0,247,162,910
22583,PACK OF 6 HANDBAG GIFT BOXES,4955.75,1873.0,349,250,911
21896,POTTING SHED TWINE,4944.04,2387.0,290,187,912
23556,LANDMARK FRAME COVENT GARDEN,4937.01,436.0,53,46,913
23570,TRADITIONAL PICK UP STICKS GAME,4931.87,2772.0,276,203,914
85184C,SET 4 VALENTINE DECOUPAGE HEART BOX,4927.06,2281.0,351,186,915
72349b,SET/6 PURPLE BUTTERFLY T-LIGHTS,4898.4,2194.0,399,123,916
84968e,SET OF 16 VINTAGE BLACK CUTLERY,4894.61,403.0,111,41,917
22276,WASH BAG VINTAGE ROSE PAISLEY,4884.86,1889.0,373,213,918
23010,CIRCUS PARADE BABY GIFT SET,4879.6,315.0,111,73,919
22956,36 FOIL HEART CAKE CASES,4878.9,2494.0,256,189,920
23351,ROLL WRAP 50'S CHRISTMAS,4875.65,3535.0,354,242,921
72807B,????missing,4866.81,1085.0,244,112,922
23503,PLAYING CARDS KEEP CALM & CARRY ON,4860.55,3643.0,335,284,923
22107,PIZZA PLATE IN BOX,4840.59,1240.0,369,118,924
84270,,4824.3,22936.0,476,249,925
22593,CHRISTMAS GINGHAM STAR,4823.9,5420.0,415,247,926
22027,TEA PARTY BIRTHDAY CARD,4806.49,11297.0,845,335,927
23554,LANDMARK FRAME OXFORD STREET,4805.53,422.0,57,49,928
21986,PACK OF 12 PINK POLKADOT TISSUES,4786.13,13476.0,469,275,929
23555,LANDMARK FRAME NOTTING HILL,4780.57,421.0,50,45,930
21249,WOODLAND  HEIGHT CHART STICKERS,4770.53,1661.0,259,156,931
21534,DAIRY MAID LARGE MILK JUG,4768.64,938.0,342,199,932
22442,GROW YOUR OWN FLOWERS SET OF 3,4765.32,866.0,172,140,933
23184,BULL DOG BOTTLE OPENER,4764.5,874.0,264,129,934
22128,PARTY CONES CANDY ASSORTED,4759.59,3923.0,195,143,935
20681,PINK POLKADOT CHILDRENS UMBRELLA,4757.15,1405.0,341,184,936
22688,DOORMAT PEACE ON EARTH BLUE,4756.7,865.0,93,77,937
23389,SPACEBOY MINI BACKPACK,4751.49,1115.0,237,159,938
21916,SET 12 RETRO WHITE CHALK STICKS,4751.06,11011.0,713,304,939
23286,BLUE VINTAGE SPOT BEAKER,4747.62,5048.0,222,125,940
22474,SPACEBOY TV DINNER TRAY,4746.53,972.0,254,144,941
22672,FRENCH BATHROOM SIGN BLUE METAL,4736.11,2850.0,370,227,942
22399,MAGNETS PACK OF 4 CHILDHOOD MEMORY,4734.6,4040.0,277,180,943
22434,BALLOON PUMP WITH 10 BALLOONS,4733.49,2547.0,281,203,944
23569,TRADTIONAL ALPHABET STAMP SET,4717.66,954.0,192,152,945
23159,SET OF 5 PANCAKE DAY MAGNETS,4713.52,2293.0,223,121,946
22305,COFFEE MUG PINK PAISLEY DESIGN,4711.53,2267.0,144,87,947
18098C,PORCELAIN BUTTERFLY OIL BURNER,4710.74,1515.0,371,104,948
23558,LANDMARK FRAME LONDON BRIDGE,4703.87,415.0,52,43,949
23176,ABC TREASURE BOOK BOX,4693.08,2165.0,226,159,950
22304,COFFEE MUG BLUE PAISLEY DESIGN,4689.56,2380.0,167,98,951
20961,STRAWBERRY BATH SPONGE,4687.65,3530.0,514,177,952
22562,MONSTERS STENCIL CRAFT,4682.3,3978.0,393,251,953
20963,APPLE BATH SPONGE,4676.15,3459.0,509,168,954
22721,SET OF 3 CAKE TINS SKETCHBOOK,4671.81,1020.0,297,183,955
23241,TREASURE TIN GYMKHANA DESIGN,4669.55,2165.0,363,183,956
22075,6 RIBBONS ELEGANT CHRISTMAS,4660.69,3079.0,358,201,957
82581,TOILET METAL SIGN,4649.0,8399.0,913,371,958
15044B,BLUE PAPER PARASOL,4644.13,1670.0,189,97,959
22574,HEART WOODEN CHRISTMAS DECORATION,4629.17,5074.0,415,253,960
21328,BALLOONS  WRITING SET,4612.63,2441.0,643,257,961
21878,PACK OF 6 SANDCASTLE FLAGS ASSORTED,4586.48,5586.0,403,225,962
22800,ANTIQUE TALL SWIRLGLASS TRINKET POT,4586.4,1127.0,268,149,963
21811,,4577.18,6340.0,382,199,964
23285,PINK VINTAGE SPOT BEAKER,4572.41,4807.0,191,108,965
10135,COLOURING PENCILS BROWN TUBE,4566.21,4226.0,324,178,966
23404,HOME SWEET HOME BLACKBOARD,4561.76,1011.0,169,104,967
15044D,RED PAPER PARASOL,4559.65,1596.0,227,105,968
23168,CLASSIC CAFE SUGAR DISPENSER,4558.67,3291.0,337,140,969
51014A,"FEATHER PEN,HOT PINK",4556.5,6671.0,376,161,970
85184D,S/4 BLUE ROUND DECOUPAGE BOXES,4552.69,8312.0,67,48,971
22601,CHRISTMAS RETROSPOT ANGEL WOOD,4547.19,5250.0,417,257,972
22743,MAKE YOUR OWN FLOWERPOWER CARD KIT,4542.5,1502.0,351,199,973
37447,CERAMIC CAKE DESIGN SPOTTED PLATE,4540.85,2891.0,364,141,974
22736,RIBBON REEL MAKING SNOWMEN,4538.28,2527.0,408,232,975
21614,,4538.17,1627.0,194,123,976
21506,"FANCY FONT BIRTHDAY CARD,",4534.49,10878.0,665,310,977
21990,MODERN FLORAL STATIONERY SET,4530.54,2453.0,497,170,978
21564,PINK  HEART SHAPE LOVE BUCKET,4524.5,1951.0,294,134,979
22908,PACK OF 20 NAPKINS RED APPLES,4524.0,5610.0,485,266,980
23275,SET OF 3 HANGING OWLS OLLIE BEAK,4521.72,3720.0,325,171,981
23163,REGENCY SUGAR TONGS,4515.22,1832.0,209,95,982
23112,PARISIENNE CURIO CABINET,4507.08,546.0,241,134,983
22760,"TRAY, BREAKFAST IN BED",4506.89,356.0,120,82,984
22451,,4496.99,1339.0,238,134,985
23309,SET OF 60 I LOVE LONDON CAKE CASES,4495.85,8275.0,407,178,986
22747,POPPY'S PLAYHOUSE BATHROOM,4487.2,2035.0,402,241,987
84279P,CHERRY BLOSSOM  DECORATIVE FLASK,4476.67,1145.0,299,169,988
21109,LARGE CAKE TOWEL CHOCOLATE SPOTS,4476.49,1173.0,223,131,989
23167,SMALL CERAMIC TOP STORAGE JAR,4476.01,5847.0,231,129,990
23288,GREEN VINTAGE SPOT BEAKER,4444.23,4625.0,185,107,991
23530,WALL ART ONLY ONE PERSON,4436.27,1056.0,87,60,992
21064,BOOM BOX SPEAKER BOYS,4432.92,884.0,171,75,993
21864,UNION JACK FLAG PASSPORT COVER,4431.54,1853.0,411,166,994
22299,PIG KEYRING WITH LIGHT & SOUND,4430.82,3912.0,202,103,995
22733,3D TRADITIONAL CHRISTMAS STICKERS,4425.49,3441.0,338,216,996
79341,"Unsaleable, destroyed.",4423.69,725.0,79,49,997
84031A,CHARLIE+LOLA RED HOT WATER BOTTLE,4420.65,1099.0,314,95,998
22291,HANGING CHICK CREAM DECORATION,4412.93,3193.0,264,141,999
22548,adjustment,4404.31,3526.0,428,293,1000
22573,STAR WOODEN CHRISTMAS DECORATION,4403.83,4907.0,405,235,1001
21967,PACK OF 12 SKULL TISSUES,4401.44,15652.0,479,250,1002
22594,CHRISTMAS GINGHAM TREE,4377.33,4791.0,412,232,1003
22449,SILK PURSE BABUSHKA PINK,4374.45,1323.0,308,155,1004
21810,CHRISTMAS HANGING STAR WITH BELL,4374.41,6959.0,344,171,1005
85053,FRENCH ENAMEL CANDLEHOLDER,4363.28,2032.0,378,185,1006
79320,FLAMINGO LIGHTS,4357.38,904.0,150,67,1007
22071,SMALL WHITE RETROSPOT MUG IN BOX,4355.88,1530.0,256,200,1008
84598,BOYS ALPHABET IRON ON PATCHES,4350.14,20775.0,217,30,1009
20674,GREEN POLKADOT BOWL,4348.52,3412.0,463,196,1010
15039,SANDALWOOD FAN,4345.62,5101.0,306,127,1011
22227,HANGING HEART MIRROR DECORATION,4344.17,6021.0,643,195,1012
23349,ROLL WRAP VINTAGE CHRISTMAS,4342.6,3221.0,337,214,1013
21537,RED RETROSPOT PUDDING BOWL,4338.71,1005.0,256,174,1014
22611,VINTAGE UNION JACK SHOPPING BAG,4338.63,907.0,195,135,1015
22202,,4336.25,1074.0,264,91,1016
21899,GARAGE KEY FOB,4322.47,6676.0,622,313,1017
22892,SET OF SALT AND PEPPER TOADSTOOLS,4322.06,3520.0,295,162,1018
22425,ENAMEL COLANDER CREAM,4321.52,854.0,301,195,1019
21913,VINTAGE SEASIDE JIGSAW PUZZLES,4302.48,1129.0,298,170,1020
47580,TEA TIME DES TEA COSY,4298.6,1662.0,344,158,1021
21153,,4294.69,393.0,139,91,1022
21012,ANTIQUE ALL GLASS CANDLESTICK,4293.7,2297.0,299,112,1023
72807a,SET/3 ROSE CANDLE IN JEWELLED BOX,4288.33,933.0,222,95,1024
23050,RECYCLED ACAPULCO MAT GREEN,4286.55,497.0,205,116,1025
84969,BOX OF 6 ASSORTED COLOUR TEASPOONS,4279.93,969.0,341,100,1026
23237,SET OF 4 KNICK KNACK TINS LEAF,4274.39,1053.0,177,131,1027
21245,GREEN POLKADOT PLATE,4268.36,2567.0,304,146,1028
20966,SANDWICH BATH SPONGE,4265.24,3007.0,420,137,1029
22723,SET OF 6 HERB TINS SKETCHBOOK,4262.82,1164.0,295,170,1030
72802B,check,4258.97,1559.0,212,119,1031
22530,MAGIC DRAWING SLATE DOLLY GIRL,4257.09,10065.0,468,285,1032
20665,RED RETROSPOT PURSE,4256.34,1335.0,348,167,1033
22312,OFFICE MUG WARMER POLKADOT,4254.05,1233.0,269,104,1034
22285,HANGING HEN ON NEST DECORATION,4248.01,2705.0,261,165,1035
22744,MAKE YOUR OWN MONSOON CARD KIT,4245.17,1515.0,300,196,1036
21556,CERAMIC STRAWBERRY MONEY BOX,4244.41,1607.0,293,132,1037
20982,12 PENCILS TALL TUBE SKULLS,4243.8,4851.0,576,316,1038
22497,SET OF 2 TINS VINTAGE BATHROOM,4239.07,929.0,279,160,1039
21068,VINTAGE BILLBOARD LOVE/HATE MUG,4224.63,4066.0,373,149,1040
21355,TOAST ITS - I LOVE YOU,4218.05,3452.0,341,213,1041
23089,GLASS BON BON JAR,4215.78,2354.0,225,101,1042
22600,CHRISTMAS RETROSPOT STAR WOOD,4209.9,4860.0,429,278,1043
22797,CHEST OF DRAWERS GINGHAM HEART,4205.56,242.0,140,98,1044
84950,ASSORTED COLOUR T-LIGHT HOLDER,4199.27,6041.0,274,156,1045
23144,ZINC T-LIGHT HOLDER STARS SMALL,4197.83,5089.0,274,180,1046
23012,GLASS APOTHECARY BOTTLE PERFUME,4197.11,1071.0,246,151,1047
22851,SET 20 NAPKINS FAIRY CAKES DESIGN,4193.68,5167.0,523,306,1048
21470,FLOWER VINE RAFFIA FOOD COVER,4190.93,1102.0,319,160,1049
21474,,4189.5,210.0,94,69,1050
21609,SET 12 LAVENDER  BOTANICAL T-LIGHTS,4186.29,1499.0,218,142,1051
21707,FOLDING UMBRELLA BLACKBLUE POLKADOT,4184.95,1005.0,172,107,1052
22833,,4163.54,120.0,13,9,1053
22127,sold in set?,4153.11,3468.0,155,128,1054
22926,,4150.31,680.0,216,152,1055
21143,ANTIQUE GLASS HEART DECORATION,4149.15,2088.0,182,128,1056
23110,PARISIENNE KEY CABINET,4147.18,700.0,255,157,1057
23486,ANTIQUE HEART SHELF UNIT,4145.47,275.0,74,64,1058
21590,,4141.28,3448.0,286,203,1059
70006,LOVE HEART POCKET WARMER,4139.56,4438.0,290,141,1060
23306,SET OF 36 PANTRY PAPER DOILIES,4123.38,2808.0,277,182,1061
84596B,SMALL DOLLY MIX DESIGN ORANGE BOWL,4099.77,6231.0,733,256,1062
23255,CHILDRENS CUTLERY CIRCUS PARADE,4097.22,1014.0,158,116,1063
22125,,4089.09,653.0,183,117,1064
22807,SET OF 6 T-LIGHTS TOADSTOOLS,4086.56,1375.0,294,125,1065
16161U,WRAP SUKI AND FRIENDS,4084.92,10026.0,318,203,1066
23009,I LOVE LONDON BABY GIFT SET,4082.52,263.0,103,48,1067
21911,,4080.85,2546.0,344,200,1068
23193,BUFFALO BILL TREASURE BOOK BOX,4079.28,1922.0,175,109,1069
21472,,4077.82,1056.0,285,161,1070
23194,GYMKHANA TREASURE BOOK BOX,4077.37,1835.0,214,142,1071
20981,12 PENCILS TALL TUBE WOODLAND,4069.16,4718.0,513,290,1072
21901,"KEY FOB , BACK DOOR",4061.51,6158.0,688,315,1073
22359,GLASS JAR KINGS CHOICE,4052.18,1278.0,202,117,1074
84580,MOUSE TOY WITH PINK T-SHIRT,4051.94,1057.0,442,197,1075
35924,HANGING FAIRY CAKE DECORATION,4049.4,2164.0,188,65,1076
21717,,4039.63,1554.0,176,122,1077
23081,GREEN METAL BOX ARMY SUPPLIES,4038.25,483.0,139,80,1078
21679,SKULLS  STICKERS,4034.51,4871.0,370,181,1079
23340,VINTAGE CHRISTMAS CAKE FRILL,4034.08,2500.0,151,112,1080
22639,SET OF 4 NAPKIN CHARMS HEARTS,4021.12,1651.0,275,192,1081
22053,EMPIRE DESIGN ROSETTE,4020.89,4551.0,87,61,1082
22284,HEN HOUSE DECORATION,4017.74,2465.0,300,157,1083
22057,CERAMIC PLATE STRAWBERRY DESIGN,4011.73,3060.0,260,113,1084
21349,check,4010.73,553.0,171,113,1085
23129,HEART SHAPED HOLLY WREATH,3999.5,950.0,172,138,1086
20967,GREY FLORAL FELTCRAFT SHOULDER BAG,3997.34,1055.0,296,187,1087
23130,MISTLETOE HEART WREATH GREEN,3988.98,962.0,184,139,1088
22245,,3988.85,4633.0,413,166,1089
21987,PACK OF 6 SKULL PAPER CUPS,3988.06,6417.0,385,209,1090
22612,,3984.99,1001.0,109,83,1091
85206A,,3982.91,2327.0,318,234,1092
22959,WRAP CHRISTMAS VILLAGE,3981.96,9738.0,284,251,1093
22731,3D CHRISTMAS STAMPS STICKERS,3965.62,2958.0,266,165,1094
21648,ASSORTED TUTTI FRUTTI SMALL PURSE,3956.48,2940.0,231,96,1095
22445,PENCIL CASE LIFE IS BEAUTIFUL,3948.86,1287.0,275,147,1096
22788,BROCANTE COAT RACK,3942.62,476.0,84,51,1097
22454,MEASURING TAPE BABUSHKA RED,3933.63,1405.0,179,115,1098
23557,LANDMARK FRAME BAKER STREET,3930.27,350.0,32,25,1099
18097C,WHITE TALL PORCELAIN T-LIGHT HOLDER,3924.92,1763.0,211,110,1100
21812,GARLAND WITH HEARTS AND BELLS,3917.49,805.0,205,103,1101
22980,PANTRY SCRUBBING BRUSH,3910.01,2363.0,291,198,1102
46000M,POLYESTER FILLER PAD 45x45cm,3901.35,2517.0,353,205,1103
23049,RECYCLED ACAPULCO MAT RED,3896.84,456.0,186,103,1104
22314,OFFICE MUG WARMER CHOC+BLUE,3888.48,1110.0,249,101,1105
21192,WHITE BELL HONEYCOMB PAPER,3885.64,2167.0,216,96,1106
22790,"MIRROR, ARCHED GEORGIAN",3884.0,200.0,1,1,1107
23552,BICYCLE PUNCTURE REPAIR KIT,3881.91,1863.0,116,93,1108
37340,MULTICOLOUR SPRING FLOWER MUG,3881.33,13665.0,204,79,1109
72802A,ROSE SCENT CANDLE IN JEWELLED BOX,3864.87,923.0,186,112,1110
22843,BISCUIT TIN VINTAGE GREEN,3858.51,595.0,177,135,1111
22475,SKULL DESIGN TV DINNER TRAY,3856.8,769.0,256,115,1112
22591,CARDHOLDER GINGHAM CHRISTMAS TREE,3854.15,1347.0,208,148,1113
23032,DRAWER KNOB CRACKLE GLAZE IVORY,3853.68,2328.0,199,117,1114
23253,16 PIECE CUTLERY SET PANTRY DESIGN,3848.86,258.0,70,44,1115
22478,BIRDHOUSE GARDEN MARKER,3848.41,2772.0,317,176,1116
22272,Damaged,3848.34,1371.0,300,207,1117
22778,GLASS CLOCHE SMALL,3844.46,972.0,194,107,1118
21447,12 IVORY ROSE PEG PLACE SETTINGS,3842.63,2776.0,336,149,1119
22118,JOY WOODEN BLOCK LETTERS,3842.07,799.0,271,195,1120
23111,PARISIENNE SEWING BOX,3839.24,312.0,138,80,1121
21055,TOOL BOX SOFT TOY,3839.09,386.0,222,122,1122
22777,,3838.82,455.0,100,67,1123
85040B,,3837.3,2458.0,255,132,1124
23131,MISTLETOE HEART WREATH CREAM,3835.98,942.0,115,91,1125
22965,3 TRADITIONAl BISCUIT CUTTERS  SET,3834.04,1842.0,260,187,1126
21067,,3830.67,4763.0,266,130,1127
85040A,S/4 PINK FLOWER CANDLES IN BOWL,3809.64,2116.0,434,193,1128
85114B,IVORY ENCHANTED FOREST PLACEMAT,3804.81,2073.0,242,99,1129
21846,PINK DIAMANTE PEN IN GIFT BOX,3803.4,1601.0,264,51,1130
21034,REX CASH+CARRY JUMBO SHOPPER,3801.9,4002.0,1902,800,1131
23542,WALL ART 70'S ALPHABET,3800.16,506.0,89,55,1132
22579,WOODEN TREE CHRISTMAS SCANDINAVIAN,3797.28,7152.0,553,347,1133
21100,Damaged,3795.0,2540.0,269,119,1134
84016,FLAG OF ST GEORGE CAR FLAG,3791.67,1004.0,62,43,1135
22458,Missing,3790.47,1523.0,173,121,1136
71038,WHITE HANGING BEADS CANDLE HOLDER,3789.25,717.0,144,85,1137
22292,HANGING CHICK  YELLOW DECORATION,3773.74,2779.0,222,145,1138
23299,FOOD COVER WITH BEADS SET 2,3772.88,1012.0,146,110,1139
84356,POMPOM CURTAIN,3771.04,750.0,133,58,1140
21743,STAR PORTABLE TABLE LIGHT,3767.08,1288.0,182,117,1141
21627,ELEPHANT CARNIVAL POUFFE,3766.35,195.0,115,31,1142
21813,GARLAND WITH STARS AND BELLS,3761.41,815.0,184,76,1143
22830,,3760.71,181.0,18,14,1144
21329,DINOSAURS  WRITING SET,3760.66,2082.0,555,253,1145
23127,FELTCRAFT GIRL NICOLE KIT,3759.0,736.0,194,146,1146
21845,DAIRY MAID STRIPE MUG,3758.41,2521.0,158,104,1147
23092,LARGE ANTIQUE WHITE PHOTO FRAME,3757.78,523.0,135,96,1148
22544,MINI JIGSAW SPACEBOY,3756.52,9382.0,341,196,1149
84558a,3D DOG PICTURE PLAYING CARDS,3753.28,1280.0,218,116,1150
85049C,ROMANTIC PINKS RIBBONS,3748.75,2982.0,501,303,1151
22162,HEART GARLAND RUSTIC PADDED,3737.9,1218.0,260,92,1152
21795,SET OF 3 BLUE STRIPE BASKET,3734.94,441.0,80,64,1153
22494,EMERGENCY FIRST AID TIN,3730.92,2765.0,468,200,1154
23064,CINDERELLA CHANDELIER,3717.56,221.0,23,20,1155
22782,SET 3 WICKER STORAGE BASKETS,3712.3,254.0,84,75,1156
21351,CINAMMON & ORANGE WREATH,3702.75,1099.0,177,113,1157
23182,TOILET SIGN OCCUPIED OR VACANT,3688.21,3741.0,433,140,1158
22398,MAGNETS PACK OF 4 SWALLOWS,3687.48,4239.0,430,273,1159
21246,damaged,3685.63,749.0,209,99,1160
20692,,3682.76,908.0,139,75,1161
23013,GLASS APOTHECARY BOTTLE TONIC,3674.16,924.0,223,135,1162
20785,FUSCHIA RETRO BAR STOOL,3672.35,102.0,36,14,1163
22769,,3656.86,174.0,45,32,1164
23091,ZINC HERB GARDEN CONTAINER,3656.32,580.0,209,160,1165
23497,CLASSIC CHROME BICYCLE BELL,3656.02,2558.0,195,150,1166
22823,CHEST NATURAL WOOD 20 DRAWERS,3655.0,32.0,18,17,1167
85232D,SET/3 DECOUPAGE STACKING TINS,3646.83,702.0,224,120,1168
22962,JAM JAR WITH PINK LID,3640.93,4366.0,354,183,1169
21486,,3638.67,1116.0,294,127,1170
23191,BUNDLE OF 3 RETRO NOTE BOOKS,3628.89,2201.0,281,182,1171
22589,CARDHOLDER GINGHAM STAR,3626.78,1317.0,238,170,1172
84968F,SET OF 16 VINTAGE SKY BLUE CUTLERY,3622.75,300.0,133,52,1173
23294,SET OF 6 SNACK LOAF BAKING CASES,3607.81,4392.0,354,214,1174
22461,SAVOY ART DECO CLOCK,3607.81,410.0,146,82,1174
21866,UNION JACK FLAG LUGGAGE TAG,3591.5,2168.0,453,190,1175
22774,RED DRAWER KNOB ACRYLIC EDWARDIAN,3591.06,2791.0,184,75,1176
21509,COWBOYS AND INDIANS BIRTHDAY CARD,3587.22,8696.0,628,264,1177
22536,MAGIC DRAWING SLATE PURDEY,3586.24,9091.0,365,243,1178
23085,ANTIQUE SILVER BAUBLE LAMP,3583.23,376.0,78,64,1179
22944,CHRISTMAS METAL POSTCARD WITH BELLS,3577.99,4870.0,158,89,1180
20784,RED RETRO BAR STOOL,3570.87,101.0,37,6,1181
22704,WRAP RED APPLES,3564.76,8678.0,295,207,1182
84797A,PINK HAWAIIAN PICNIC HAMPER FOR 4,3560.09,499.0,61,21,1183
22334,DINOSAUR PARTY BAG + STICKER SET,3552.36,2230.0,264,180,1184
21794,adjustment,3552.09,713.0,178,123,1185
22603,CHRISTMAS RETROSPOT TREE WOOD,3552.09,4143.0,388,236,1185
23210,WHITE ROCKING HORSE HAND PAINTED,3551.53,2849.0,192,115,1186
22320,BIRDS MOBILE VINTAGE DESIGN,3545.02,598.0,180,130,1187
22176,amazon,3542.73,1184.0,258,125,1188
23332,IVORY WICKER HEART LARGE,3542.71,2059.0,287,207,1189
20886,BOX OF 9 PEBBLE CANDLES,3540.22,1777.0,308,163,1190
21784,,3538.28,290.0,178,78,1191
21054,,3538.0,382.0,182,119,1192
20786,Damages,3533.9,99.0,31,9,1193
22166,WALL MIRROR RECTANGLE DIAMANTE PINK,3528.75,440.0,159,31,1194
47505,,3527.42,737.0,178,129,1195
21179,damaged,3517.9,4284.0,505,231,1196
23353,6 GIFT TAGS VINTAGE CHRISTMAS,3510.05,4007.0,327,227,1197
22765,,3508.3,311.0,53,36,1198
22531,MAGIC DRAWING SLATE CIRCUS PARADE,3507.76,8136.0,406,251,1199
23189,SET OF 12 FORK CANDLES,3507.51,1249.0,141,89,1200
22902,TOTE BAG I LOVE LONDON,3506.56,1716.0,199,102,1201
84352,SILVER CHRISTMAS TREE BAUBLE STAND,3505.58,206.0,126,90,1202
22939,ADULT APRON APPLE DELIGHT,3502.54,700.0,181,109,1203
22076,6 RIBBONS EMPIRE,3490.19,2353.0,375,197,1204
21469,POLKA DOT RAFFIA FOOD COVER,3482.01,1165.0,210,130,1205
21466,RED FLOWER CROCHET FOOD COVER,3479.79,927.0,275,147,1206
22764,"RUSTIC WOODEN CABINET, GLASS DOORS",3462.49,183.0,25,23,1207
22309,TEA COSY RED  STRIPE,3459.08,1331.0,266,117,1208
21507,ELEPHANT BIRTHDAY CARD,3455.41,8223.0,584,267,1209
22172,,3451.82,378.0,185,124,1210
23350,ROLL WRAP VINTAGE SPOT,3445.08,2712.0,305,205,1211
23426,METAL SIGN DROP YOUR PANTS,3444.43,1275.0,206,126,1212
23536,WALL ART VILLAGE SHOW,3442.13,626.0,85,68,1213
84510A,SET OF 4 ENGLISH ROSE COASTERS,3439.84,2477.0,532,200,1214
23232,WRAP VINTAGE LEAF DESIGN,3436.92,8526.0,238,188,1215
23388,WOODLAND MINI BACKPACK,3432.09,821.0,154,115,1216
23354,6 GIFT TAGS 50'S CHRISTMAS,3429.4,3740.0,322,235,1217
23065,LARGE DECO JEWELLERY STAND,3427.44,273.0,99,81,1218
21039,RED RETROSPOT SHOPPING BAG,3423.65,1313.0,228,141,1219
23156,SET OF 5 MINI GROCERY MAGNETS,3423.29,1665.0,205,117,1220
23014,GLASS APOTHECARY BOTTLE ELIXIR,3419.58,856.0,209,122,1221
21191,LARGE WHITE HONEYCOMB PAPER BELL,3408.61,1479.0,201,96,1222
21902,"KEY FOB , FRONT  DOOR",3408.03,5359.0,474,250,1223
21364,PEACE SMALL WOOD LETTERS,3407.72,468.0,167,118,1224
84472,,3402.32,87.0,30,23,1225
37501,,3401.15,481.0,177,106,1226
22440,BALLOON WATER BOMB PACK OF 35,3399.41,8523.0,292,187,1227
21123,SET/10 IVORY POLKADOT PARTY CANDLES,3393.06,2751.0,252,125,1228
22459,,3389.74,1378.0,172,124,1229
44230,SQUARE MIRROR CURTAIN,3381.62,347.0,53,25,1230
22428,ENAMEL FIRE BUCKET CREAM,3379.67,459.0,191,126,1231
21327,SKULLS WRITING SET,3378.51,1926.0,495,212,1232
22862,,3373.22,758.0,221,143,1233
22822,CREAM WALL PLANTER HEART SHAPED,3367.35,581.0,183,139,1234
21211,SET OF 72 SKULL PAPER  DOILIES,3365.64,2405.0,237,139,1235
22223,CAKE PLATE LOVEBIRD PINK,3359.66,726.0,175,89,1236
22452,MEASURING TAPE BABUSHKA PINK,3358.1,1271.0,255,112,1237
22477,WATERING CAN GARDEN MARKER,3356.74,2414.0,276,155,1238
23239,SET OF 4 KNICK KNACK TINS POPPIES,3353.84,842.0,178,125,1239
22047,EMPIRE GIFT WRAP,3351.0,8250.0,261,211,1240
15058B,PINK POLKADOT GARDEN PARASOL,3327.67,438.0,156,65,1241
21917,SET 12 KIDS  WHITE CHALK STICKS,3324.22,8010.0,467,246,1242
22136,LOVE HEART SOCK HANGER,3322.22,1989.0,265,117,1243
84828,JUNGLE POPSICLES ICE LOLLY MOULDS,3315.18,2503.0,353,146,1244
84813,SET OF 4 DIAMOND NAPKIN RINGS,3300.76,422.0,99,53,1245
22183,CAKE STAND VICTORIAN FILIGREE MED,3297.25,586.0,209,58,1246
20702,PINK PADDED MOBILE,3296.7,782.0,245,151,1247
22122,,3290.08,1095.0,191,113,1248
37410,,3288.65,25707.0,33,13,1249
22281,EASTER TREE YELLOW BIRDS,3285.86,511.0,149,83,1250
84031B,CHARLIE LOLA BLUE HOT WATER BOTTLE,3279.66,840.0,271,80,1251
22762,CUPBOARD 3 DRAWER MA CAMPAGNE,3276.62,204.0,133,91,1252
23308,SET OF 60 VINTAGE LEAF CAKE CASES,3272.61,6139.0,382,209,1253
22967,SET 3 SONG BIRD PAPER EGGS ASSORTED,3271.41,1171.0,138,122,1254
22794,SWEETHEART WIRE MAGAZINE RACK,3271.35,389.0,209,130,1255
84975,,3266.4,1990.0,212,115,1256
21467,CHERRY CROCHET FOOD COVER,3263.75,1025.0,254,145,1257
23395,BELLE JARDINIERE CUSHION COVER,3257.08,748.0,210,141,1258
23053,RECYCLED ACAPULCO MAT PINK,3254.32,364.0,164,105,1259
21477,STRING OF 20 ROSE LIGHTS,3248.94,273.0,45,35,1260
84849B,FAIRY SOAP SOAP HOLDER,3244.14,1936.0,293,123,1261
84596F,SMALL MARSHMALLOWS PINK BOWL,3243.32,4739.0,614,216,1262
22419,LIPSTICK PEN RED,3242.59,6847.0,509,191,1263
21829,adjustment,3242.18,15035.0,409,211,1264
22792,FLUTED ANTIQUE CANDLE HOLDER,3241.13,3489.0,262,128,1265
23051,RECYCLED ACAPULCO MAT BLUE,3223.49,365.0,162,95,1266
20992,JAZZ HEARTS PURSE NOTEBOOK,3220.4,6151.0,433,222,1267
22972,CHILDREN'S SPACEBOY MUG,3219.74,1882.0,243,147,1268
23230,WRAP ALPHABET DESIGN,3217.92,7976.0,235,178,1269
21732,RED HANGING METAL STAR TLIGHT HLDR,3214.57,925.0,58,50,1270
21473,SWEETHEART CREAM STEEL TABLE RECT,3212.16,157.0,90,65,1271
22194,,3212.1,373.0,160,100,1272
84837,,3210.04,251.0,143,109,1273
79323GR,"Unsaleable, destroyed.",3209.36,532.0,83,60,1274
23393,HOME SWEET HOME CUSHION COVER,3207.91,801.0,229,165,1275
23035,DRAWER KNOB CERAMIC IVORY,3199.99,2191.0,191,110,1276
79164,BLACK WINE GLASS,3196.01,3653.0,91,43,1277
21333,CLASSIC WHITE FRAME,3192.09,1057.0,222,150,1278
21111,"SWISS ROLL TOWEL, CHOCOLATE  SPOTS",3187.16,1379.0,214,109,1279
21830,ASSORTED CREEPY CRAWLIES,3185.6,7658.0,256,151,1280
21628,TRIANGULAR POUFFE VINTAGE,3185.28,164.0,87,24,1281
22503,CABIN BAG VINTAGE PAISLEY,3178.02,141.0,54,29,1282
23342,MINT DINER WALL CLOCK,3176.41,373.0,163,105,1283
22773,GREEN DRAWER KNOB ACRYLIC EDWARDIAN,3171.11,2392.0,227,95,1284
21557,SET OF 6 FUNKY BEAKERS,3169.39,932.0,302,71,1285
22863,SOAP DISH BROCANTE,3166.61,1107.0,169,120,1286
21949,SET OF 6 STRAWBERRY CHOPSTICKS,3164.18,2598.0,269,91,1287
22702,BLACK AND WHITE CAT BOWL,3156.32,1589.0,94,66,1288
22700,BLACK AND WHITE DOG BOWL,3155.4,1384.0,98,79,1289
84944,SET OF 6 KASHMIR FOLKART BAUBLES,3153.88,1135.0,194,122,1290
15058A,BLUE POLKADOT GARDEN PARASOL,3153.73,476.0,148,76,1291
21519,GIN & TONIC DIET GREETING CARD,3149.93,7356.0,553,181,1292
22406,MONEY BOX KINGS CHOICE DESIGN,3149.35,2487.0,217,145,1293
23323,WHITE WICKER STAR,3146.78,1469.0,294,210,1294
22313,OFFICE MUG WARMER PINK,3146.07,985.0,137,74,1295
21705,BAG 500g SWIRLY MARBLES,3145.71,2534.0,225,142,1296
22325,MOBILE VINTAGE HEARTS,3139.99,699.0,224,129,1297
21820,GLITTER HEART GARLAND WITH BELLS,3132.39,795.0,180,112,1298
82578,KITCHEN METAL SIGN,3129.24,5595.0,704,322,1299
22095,LADS ONLY TISSUE BOX,3123.03,2978.0,284,125,1300
22347,,3119.18,2716.0,115,50,1301
22310,IVORY KNITTED MUG COSY,3113.94,1739.0,223,64,1302
23346,SPACEBOY BEAKER,3112.34,2628.0,184,106,1303
21352,EUCALYPTUS & PINECONE  WREATH,3110.28,880.0,158,77,1304
21272,,3109.83,2348.0,339,167,1305
22891,TEA FOR ONE POLKADOT,3103.7,644.0,230,108,1306
22177,5 HOOK BLACKBOARD ORGANISER,3101.46,325.0,125,90,1307
47504K,,3096.08,2654.0,312,210,1308
22129,PARTY CONES CANDY DECORATION,3095.12,3246.0,174,97,1309
22572,ROCKING HORSE GREEN CHRISTMAS,3087.18,3439.0,362,211,1310
85227,SET OF 6 3D KIT CARDS FOR KIDS,3086.44,3440.0,442,225,1311
20956,PORCELAIN T-LIGHT HOLDERS ASSORTED,3083.82,2338.0,236,117,1312
79072,TEATIME CAKE TIN WITH HANDLE,3083.2,284.0,107,41,1313
22963,JAM JAR WITH GREEN LID,3079.41,3696.0,319,170,1314
84279B,,3076.92,808.0,215,140,1315
21765,,3076.39,371.0,143,103,1316
22372,AIRLINE BAG VINTAGE WORLD CHAMPION,3073.43,604.0,287,163,1317
22154,ANGEL DECORATION 3 BUTTONS,3073.32,7114.0,317,163,1318
84912B,GREEN ROSE WASHBAG,3072.64,1125.0,259,56,1319
22473,TV DINNER TRAY VINTAGE PAISLEY,3070.92,811.0,209,120,1320
22757,LARGE RED BABUSHKA NOTEBOOK,3070.18,2696.0,308,161,1321
21206,STRAWBERRY HONEYCOMB  GARLAND,3067.9,2155.0,238,117,1322
21786,POLKADOT RAIN HAT,3049.03,7471.0,450,131,1323
20985,HEART CALCULATOR,3047.99,2370.0,291,162,1324
21408,SPOTTY PINK DUCK DOORSTOP,3045.31,703.0,240,114,1325
22754,SMALL RED BABUSHKA NOTEBOOK,3044.86,3924.0,492,237,1326
23461,SWEETHEART BIRD HOUSE,3041.21,847.0,94,75,1327
23329,DECORATIVE WICKER HEART LARGE,3038.19,1767.0,233,168,1328
22208,WOOD STAMP SET THANK YOU,3036.95,2366.0,433,237,1329
22037,ROBOT BIRTHDAY CARD,3035.7,7054.0,634,270,1330
15044C,PURPLE PAPER PARASOL,3027.26,967.0,231,100,1331
23390,DOLLY GIRL MINI BACKPACK,3025.59,747.0,163,117,1332
23242,TREASURE TIN BUFFALO BILL,3024.63,1470.0,214,132,1333
22067,CHOC TRUFFLE GOLD TRINKET POT,3019.32,1855.0,252,108,1334
21626,VINTAGE UNION JACK PENNANT,3017.07,1496.0,204,136,1335
22402,MAGNETS PACK OF 4 VINTAGE COLLAGE,3012.78,3431.0,250,158,1336
84912A,,3012.0,1096.0,232,59,1337
22805,BLUE DRAWER KNOB ACRYLIC EDWARDIAN,3008.82,2207.0,231,89,1338
23231,WRAP  VINTAGE DOILY,3008.34,7277.0,260,190,1339
22712,CARD DOLLY GIRL,3002.42,7295.0,508,209,1340
22755,SMALL PURPLE BABUSHKA NOTEBOOK,2997.63,3776.0,499,243,1341
22132,RED LOVE HEART SHAPE CUP,2989.81,3345.0,388,154,1342
22925,AMAZON,2989.52,488.0,191,130,1343
21354,TOAST ITS - BEST MUM,2979.46,2476.0,217,123,1344
22375,AIRLINE BAG VINTAGE JET SET BROWN,2969.29,590.0,284,135,1345
22519,,2968.77,1425.0,258,142,1346
22905,CALENDAR IN SEASON DESIGN,2957.17,1077.0,194,111,1347
22674,FRENCH TOILET SIGN BLUE METAL,2956.33,2377.0,297,182,1348
22664,TOY TIDY DOLLY GIRL DESIGN,2954.19,1429.0,266,107,1349
22816,CARD MOTORBIKE SANTA,2950.93,6856.0,436,258,1350
22927,GREEN GIANT GARDEN THERMOMETER,2948.57,468.0,162,101,1351
23211,RED ROCKING HORSE HAND PAINTED,2930.57,2329.0,160,82,1352
85049D,,2927.88,2332.0,402,263,1353
22277,COSMETIC BAG VINTAGE ROSE PAISLEY,2927.49,1400.0,250,147,1354
21948,SET OF 6 CAKE CHOPSTICKS,2921.36,2293.0,267,71,1355
21214,,2920.82,2006.0,199,106,1356
22990,COTTON APRON PANTRY DESIGN,2917.43,633.0,164,117,1357
22518,,2899.8,1398.0,266,141,1358
23056,FLOWERS CHANDELIER T-LIGHT HOLDER,2898.12,963.0,39,33,1359
22897,OVEN MITT APPLES DESIGN,2894.75,1956.0,298,190,1360
23290,SPACEBOY CHILDRENS BOWL,2890.35,2430.0,214,125,1361
22184,,2887.07,389.0,146,60,1362
23345,DOLLY GIRL BEAKER,2886.25,2451.0,174,100,1363
22955,36 FOIL STAR CAKE CASES,2885.26,1448.0,185,131,1364
22811,SET OF 6 T-LIGHTS CACTI,2884.13,1021.0,140,51,1365
21709,FOLDING UMBRELLA CHOCOLATE POLKADOT,2876.72,696.0,117,69,1366
85114C,RED ENCHANTED FOREST PLACEMAT,2875.7,1364.0,203,79,1367
21465,PINK FLOWER CROCHET FOOD COVER,2875.64,793.0,187,117,1368
20752,BLUE POLKADOT WASHING UP GLOVES,2868.2,1500.0,358,188,1369
21821,GLITTER STAR GARLAND WITH BELLS,2866.6,713.0,153,86,1370
85132B,,2863.37,929.0,133,73,1371
22480,RED TEA TOWEL CLASSIC DESIGN,2863.06,2368.0,263,197,1372
21424,WOODLAND STORAGE BOX LARGE,2861.64,955.0,142,51,1373
23212,HEART WREATH DECORATION WITH BELL,2860.89,2296.0,186,104,1374
23427,STOOL HOME SWEET HOME,2860.58,237.0,114,87,1375
22293,HANGING CHICK GREEN DECORATION,2860.2,2034.0,225,114,1376
22949,SET OF 36 DOLLY GIRL PAPER DOILIES,2858.19,2010.0,177,130,1377
22581,WOOD STOCKING CHRISTMAS SCANDISPOT,2852.63,3565.0,380,208,1378
23504,PLAYING CARDS JUBILEE UNION JACK,2848.89,1927.0,208,164,1379
22930,BAKING MOULD HEART MILK CHOCOLATE,2846.8,1108.0,189,120,1380
21324,,2845.71,1014.0,175,101,1381
21688,mixed up,2845.65,912.0,142,97,1382
22983,CARD BILLBOARD FONT,2843.55,6695.0,551,264,1383
23196,VINTAGE LEAF MAGNETIC NOTEPAD,2842.24,1872.0,298,170,1384
21439,BASKET OF TOADSTOOLS,2837.54,2259.0,240,112,1385
22576,SWALLOW WOODEN CHRISTMAS DECORATION,2835.08,3132.0,330,191,1386
22710,WRAP I LOVE LONDON,2821.28,7184.0,173,112,1387
22217,T-LIGHT HOLDER HANGING LACE,2814.81,2374.0,214,152,1388
22671,FRENCH LAUNDRY SIGN BLUE METAL,2811.34,1688.0,246,140,1389
21508,VINTAGE KID DOLLY CARD,2808.62,6716.0,541,215,1390
35001W,,2806.69,883.0,190,78,1391
22450,SILK PURSE BABUSHKA BLUE,2798.28,834.0,180,117,1392
84909A,PINK PAISLEY QUILT,2797.55,209.0,30,24,1393
22974,CHILDRENS DOLLY GIRL MUG,2795.81,1636.0,211,128,1394
22696,WICKER WREATH LARGE,2790.83,1415.0,288,203,1395
21360,Show Samples,2790.41,441.0,100,81,1396
22101,MIRROR MOSAIC VOTIVE HOLDER,2790.27,1909.0,116,44,1397
85199S,SMALL HANGING IVORY/RED WOOD BIRD,2789.28,6022.0,486,188,1398
84519A,TOMATO CHARLIE+LOLA COASTER SET,2788.45,1200.0,203,96,1399
21796,,2782.19,324.0,67,57,1400
21728,,2773.11,298.0,40,33,1401
21188,3D HEARTS  HONEYCOMB PAPER GARLAND,2771.34,912.0,128,69,1402
21682,LARGE MEDINA STAMPED METAL BOWL,2767.59,559.0,152,116,1403
22597,MUSICAL ZINC HEART DECORATION,2766.08,4613.0,291,167,1404
22416,SET OF 36 SPACEBOY PAPER DOILIES,2763.36,1970.0,176,122,1405
23190,BUNDLE OF 3 SCHOOL EXERCISE BOOKS,2761.9,1702.0,202,145,1406
22081,RIBBON REEL FLORA + FAUNA,2761.04,1559.0,302,170,1407
21683,MEDIUM MEDINA STAMPED METAL BOWL,2757.47,936.0,152,96,1408
22675,FRENCH KITCHEN SIGN BLUE METAL,2754.95,2227.0,270,179,1409
15058C,ICE CREAM DESIGN GARDEN PARASOL,2753.72,470.0,122,56,1410
22145,,2752.66,1306.0,197,153,1411
84795C,,2752.59,325.0,131,70,1412
51014C,"FEATHER PEN,COAL BLACK",2752.33,4269.0,266,108,1413
23147,SINGLE ANTIQUE ROSE HOOK IVORY,2752.2,1868.0,261,170,1414
23396,LE JARDIN BOTANIQUE CUSHION COVER,2750.53,654.0,196,134,1415
85015,SET OF 12  VINTAGE POSTCARD SET,2750.0,2908.0,254,133,1416
22315,200 RED + WHITE BENDY STRAWS,2749.51,2136.0,387,191,1417
22525,,2748.79,1946.0,328,189,1418
23266,SET OF 3 WOODEN STOCKING DECORATION,2743.82,2053.0,319,201,1419
23341,PINK DINER WALL CLOCK,2741.35,307.0,121,75,1420
22482,BLUE TEA TOWEL CLASSIC DESIGN,2739.43,2319.0,214,154,1421
23100,SILVER BELLS TABLE DECORATION,2739.38,2166.0,257,180,1422
22161,HEART DECORATION RUSTIC HANGING,2738.28,6726.0,489,156,1423
85183B,CHARLIE & LOLA WASTEPAPER BIN FLORA,2731.76,1725.0,171,124,1424
22066,LOVE HEART TRINKET POT,2729.16,3435.0,273,185,1425
21788,KIDS RAIN MAC BLUE,2725.09,3375.0,206,141,1426
22651,GENTLEMAN SHIRT REPAIR KIT,2720.86,3175.0,270,112,1427
22818,CARD CHRISTMAS VILLAGE,2720.86,6290.0,404,252,1427
22914,BLUE COAT RACK PARIS FASHION,2720.66,570.0,170,117,1428
47503J,SET/3 FLORAL GARDEN TOOLS IN BAG,2719.38,344.0,75,31,1429
23164,REGENCY CAKE SLICE,2718.65,578.0,92,70,1430
22650,CERAMIC PIRATE CHEST MONEY BANK,2717.88,1786.0,282,150,1431
21808,"CHRISTMAS GARLAND STARS,TREES",2715.53,1001.0,144,70,1432
47480,HANGING PHOTO CLIP ROPE LADDER,2713.98,1638.0,150,62,1433
22524,,2713.23,1925.0,293,188,1434
22231,JIGSAW TREE WITH BIRDHOUSE,2712.48,2135.0,297,166,1435
21096,SET/6 FRUIT SALAD  PAPER PLATES,2711.71,15919.0,143,91,1436
85035C,ROSE 3 WICK MORRIS BOX CANDLE,2710.79,1358.0,199,129,1437
23407,SET OF 2 TRAYS HOME SWEET HOME,2709.43,265.0,133,103,1438
23489,VINTAGE BELLS GARLAND,2709.23,913.0,159,125,1439
23292,SPACEBOY CHILDRENS CUP,2703.33,2181.0,222,113,1440
21744,SNOWFLAKE PORTABLE TABLE LIGHT,2697.16,898.0,217,131,1441
84795b,SUNSET CHECK HAMMOCK,2696.81,317.0,113,56,1442
23333,IVORY WICKER HEART MEDIUM,2695.45,2089.0,233,179,1443
21224,SET/4 SKULL BADGES,2691.91,2171.0,312,140,1444
22479,DAISY GARDEN MARKER,2691.19,1939.0,214,129,1445
23264,SET OF 3 WOODEN SLEIGH DECORATIONS,2690.81,1963.0,299,177,1446
22436,12 COLOURED PARTY BALLOONS,2687.05,4215.0,289,173,1447
21204,DAISIES  HONEYCOMB GARLAND,2682.99,1608.0,205,109,1448
22495,SET OF 2 ROUND TINS CAMEMBERT,2682.32,940.0,237,165,1449
90057,DIAMANTE RING ASSORTED IN BOX.,2675.88,1804.0,37,29,1450
22155,STAR DECORATION RUSTIC,2671.81,5925.0,340,165,1451
22028,PENNY FARTHING BIRTHDAY CARD,2665.13,6344.0,507,203,1452
85049b,LUSH GREENS RIBBONS,2663.24,2130.0,341,224,1453
21923,,2662.64,337.0,119,80,1454
22094,RED RETROSPOT TISSUE BOX,2649.05,3557.0,339,181,1455
21693,mixed up,2648.62,871.0,120,84,1456
22500,SET OF 2 TINS JARDIN DE PROVENCE,2647.31,580.0,198,155,1457
21742,LARGE ROUND WICKER PLATTER,2647.28,437.0,193,156,1458
23146,TRIPLE HOOK ANTIQUE IVORY ROSE,2645.26,798.0,227,151,1459
22152,PLACE SETTING WHITE STAR,2642.28,6241.0,241,154,1460
21897,,2641.36,866.0,106,86,1461
22270,HAPPY EASTER HANGING DECORATION,2638.67,685.0,153,104,1462
84754,S/15 SILVER GLASS BAUBLES IN BAG,2634.59,2083.0,218,129,1463
85049F,BABY BOOM RIBBONS,2634.0,2110.0,314,206,1464
22146,,2633.13,1413.0,107,93,1465
22376,AIRLINE BAG VINTAGE JET SET WHITE,2632.18,529.0,246,145,1466
84012,MAGIC SHEEP WOOL GROWING FROM PAPER,2628.47,1838.0,179,127,1467
84872A,TEATIME FUNKY FLOWER BACKPACK FOR 2,2620.01,235.0,147,6,1468
21422,PORCELAIN ROSE SMALL,2619.17,3160.0,147,71,1469
22758,LARGE PURPLE BABUSHKA NOTEBOOK,2618.35,2437.0,314,151,1470
84849D,HOT BATHS SOAP HOLDER,2618.27,1558.0,260,122,1471
22713,CARD I LOVE LONDON,2616.12,6084.0,368,148,1472
85034B,3 WHITE CHOC MORRIS BOXED CANDLES,2614.93,1184.0,153,95,1473
72800E,4 IVORY DINNER CANDLES SILVER FLOCK,2613.82,1388.0,286,139,1474
22046,TEA PARTY  WRAPPING PAPER,2613.5,6375.0,208,147,1475
47585A,PINK FAIRY CAKE CUSHION COVER,2612.88,1084.0,148,66,1476
23054,RECYCLED ACAPULCO MAT LAVENDER,2604.93,295.0,130,81,1477
85034C,3 ROSE MORRIS BOXED CANDLES,2604.15,1314.0,197,130,1478
72799E,IVORY PILLAR CANDLE SILVER FLOCK,2600.64,1232.0,178,105,1479
37502,TEA TIME MUG IN GIFT BOX,2599.79,868.0,171,97,1480
22439,6 ROCKET BALLOONS,2599.01,3891.0,363,216,1481
22190,LOCAL CAFE MUG,2591.67,1400.0,242,88,1482
90062,CARNIVAL BRACELET,2591.42,204.0,109,33,1483
85035B,check,2590.11,992.0,137,75,1484
22933,BAKING MOULD EASTER EGG MILK CHOC,2585.92,940.0,122,82,1485
21589,,2583.45,1119.0,88,73,1486
21171,BATHROOM METAL SIGN,2578.27,1845.0,260,142,1487
21642,ASSORTED TUTTI FRUTTI PEN,2575.18,4413.0,251,150,1488
82597,,2569.66,1210.0,215,106,1489
22471,TV DINNER TRAY AIR HOSTESS,2568.76,627.0,176,91,1490
21653,,2565.67,1246.0,111,75,1491
22828,REGENCY MIRROR WITH SHUTTERS,2565.0,17.0,11,9,1492
22937,BAKING MOULD CHOCOLATE CUPCAKES,2563.24,972.0,160,122,1493
21288,STRIPEY CHOCOLATE NESTING BOXES,2557.47,982.0,224,105,1494
20960,WATERMELON BATH SPONGE,2550.84,1900.0,215,85,1495
21818,GLITTER HEART DECORATION,2549.45,4196.0,285,197,1496
22735,RIBBON REEL SOCKS AND MITTENS,2541.38,1434.0,231,133,1497
21898,,2538.81,827.0,113,73,1498
20787,damaged,2535.1,69.0,30,7,1499
21215,IVORY PAPER CUP CAKE CASES,2533.88,4349.0,291,127,1500
21203,BUTTERFLIES  HONEYCOMB GARLAND,2527.0,1539.0,145,85,1501
23681,LUNCH BAG RED VINTAGE DOILY,2525.04,1576.0,132,105,1502
22342,HOME GARLAND PAINTED ZINC,2521.25,1817.0,230,109,1503
22415,,2520.15,317.0,204,156,1504
21792,CLASSIC FRENCH STYLE BASKET GREEN,2517.88,494.0,141,110,1505
21431,,2511.36,1483.0,278,167,1506
23424,GINGHAM RECIPE BOOK BOX,2509.62,462.0,135,87,1507
21323,,2506.89,740.0,80,46,1508
23316,RED REFECTORY CLOCK,2501.64,250.0,110,75,1509
82567,"AIRLINE LOUNGE,METAL SIGN",2498.98,1207.0,489,136,1510
85054,FRENCH ENAMEL POT W LID,2495.02,916.0,204,107,1511
23367,SET 12 COLOUR PENCILS SPACEBOY,2491.2,3278.0,282,184,1512
84509B,SET OF 4 FAIRY CAKE PLACEMATS,2489.97,654.0,200,101,1513
85041,,2489.87,1853.0,92,64,1514
21924,,2486.66,315.0,123,82,1515
22091,EMPIRE TISSUE BOX,2485.86,3179.0,324,184,1516
21680,WOODLAND  STICKERS,2483.68,2858.0,268,110,1517
85206B,PINK FELT EASTER EGG BASKET,2477.3,1538.0,183,138,1518
22742,MAKE YOUR OWN PLAYTIME CARD KIT,2475.3,1002.0,180,132,1519
22153,ANGEL DECORATION STARS ON DRESS,2469.16,5705.0,283,136,1520
22829,SWEETHEART WIRE WALL TIDY,2468.57,241.0,118,83,1521
22852,DOG BOWL VINTAGE CREAM,2467.11,565.0,160,108,1522
22676,FRENCH BLUE METAL DOOR SIGN 1,2464.98,1830.0,305,105,1523
21686,MEDINA STAMPED METAL STOOL,2460.14,65.0,33,10,1524
23352,ROLL WRAP 50'S RED CHRISTMAS,2459.2,1800.0,212,151,1525
21616,4 PEAR BOTANICAL DINNER CANDLES,2458.58,1152.0,191,126,1526
84509F,,2456.1,2781.0,46,32,1527
20668,DISCO BALL CHRISTMAS DECORATION,2454.88,20951.0,367,181,1528
22911,PAPER CHAIN KIT LONDON,2454.35,853.0,164,115,1529
21330,,2454.07,1452.0,201,101,1530
21747,SMALL SKULL WINDMILL,2452.35,2049.0,153,83,1531
21823,damaged,2447.72,2468.0,212,136,1532
21789,KIDS RAIN MAC PINK,2437.07,2920.0,218,138,1533
84840,,2430.82,282.0,140,110,1534
22021,BLUE FELT EASTER EGG BASKET,2430.31,1413.0,233,161,1535
21809,CHRISTMAS HANGING TREE WITH BELL,2427.89,3015.0,207,118,1536
22448,PIN CUSHION BABUSHKA RED,2426.73,753.0,121,79,1537
21462,"NURSERY A,B,C PAINTED LETTERS",2425.41,413.0,171,131,1538
23406,,2422.66,456.0,111,65,1539
22537,MAGIC DRAWING SLATE DINOSAUR,2420.91,5861.0,350,225,1540
21274,,2420.69,175.0,105,61,1541
21973,SET OF 36 MUSHROOM PAPER DOILIES,2420.03,1670.0,210,117,1542
22613,PACK OF 20 SPACEBOY NAPKINS,2419.76,3051.0,273,166,1543
21106,CREAM SLICE FLANNEL CHOCOLATE SPOT,2419.68,790.0,169,98,1544
22789,T-LIGHT HOLDER SWEETHEART HANGING,2419.54,1238.0,196,138,1545
22609,PENS ASSORTED SPACEBALL,2414.54,7087.0,201,118,1546
22362,GLASS JAR PEACOCK BATH SALTS,2410.53,747.0,253,133,1547
22540,MINI JIGSAW CIRCUS PARADE,2410.29,6162.0,189,114,1548
23400,SHELF WITH 4 HOOKS HOME SWEET HOME,2409.34,461.0,107,76,1549
85036A,GARDENIA 1 WICK MORRIS BOXED CANDLE,2405.79,621.0,166,117,1550
23265,SET OF 3 WOODEN TREE DECORATIONS,2404.79,1769.0,293,180,1551
85059,FRENCH ENAMEL WATER BASIN,2399.89,701.0,211,108,1552
21540,damages,2394.95,1323.0,87,52,1553
22986,WRAP GINGHAM ROSE,2389.9,5795.0,204,162,1554
85034A,check,2389.69,849.0,138,92,1555
84818,damages,2382.25,1788.0,214,122,1556
23028,DRAWER KNOB CRACKLE GLAZE BLUE,2377.13,1369.0,137,88,1557
22566,FELTCRAFT HAIRBAND PINK AND PURPLE,2373.82,2836.0,297,192,1558
23437,50'S CHRISTMAS GIFT BAG LARGE,2373.63,1939.0,131,108,1559
10133,damaged,2373.26,3837.0,289,153,1560
47570,ENGLISH ROSE TABLE CLOTH,2373.01,220.0,78,47,1561
23498,CLASSIC BICYCLE CLIPS,2372.68,1640.0,99,77,1562
85035A,CHECK,2370.31,649.0,181,113,1563
23048,SET OF 10 LANTERNS FAIRY LIGHT STAR,2368.37,577.0,99,81,1564
23436,VINTAGE CHRISTMAS GIFT BAG LARGE,2367.39,1979.0,114,91,1565
21262,WHITE GOOSE FEATHER CHRISTMAS TREE,2366.02,606.0,132,69,1566
21468,BUTTERFLY CROCHET FOOD COVER,2361.39,669.0,142,91,1567
21873,IF YOU CAN'T STAND THE HEAT MUG,2360.01,2010.0,199,98,1568
23401,RUSTIC MIRROR WITH LACE HEART,2354.87,459.0,83,59,1569
23412,,2354.8,358.0,76,64,1570
22421,LIPSTICK PEN FUSCHIA,2351.86,4721.0,406,172,1571
21824,PAINTED METAL STAR WITH HOLLY BELLS,2351.46,2782.0,211,137,1572
21437,,2350.92,677.0,109,88,1573
21126,SET OF 6 GIRLS CELEBRATION CANDLES,2349.22,2325.0,285,169,1574
22642,SET OF 4 NAPKIN CHARMS STARS,2348.47,989.0,141,113,1575
84459B,,2341.77,1475.0,213,115,1576
22321,BIRD DECORATION RED RETROSPOT,2339.95,2528.0,305,118,1577
21708,FOLDING UMBRELLA CREAM POLKADOT,2336.48,611.0,129,72,1578
21826,,2326.87,1800.0,240,136,1579
22251,BIRDHOUSE DECORATION MAGIC GARDEN,2317.64,1871.0,298,141,1580
22306,SILVER MUG BONE CHINA TREE OF LIFE,2316.2,1621.0,163,125,1581
22973,CHILDREN'S CIRCUS PARADE MUG,2314.33,1361.0,155,88,1582
84536A,ENGLISH ROSE NOTEBOOK A7 SIZE,2309.7,5102.0,625,227,1583
21615,4 LAVENDER BOTANICAL DINNER CANDLES,2308.67,1168.0,169,115,1584
84796A,PINK HAWAIIAN PICNIC HAMPER FOR 2,2307.23,312.0,131,23,1585
23371,SET 36 COLOUR PENCILS SPACEBOY,2304.78,1705.0,185,98,1586
23029,DRAWER KNOB CRACKLE GLAZE GREEN,2303.92,1352.0,156,97,1587
23197,SKETCHBOOK MAGNETIC SHOPPING LIST,2303.5,1478.0,249,116,1588
22363,GLASS JAR MARMALADE,2303.39,781.0,169,99,1589
21947,SET OF 6 HEART CHOPSTICKS,2302.81,1675.0,298,122,1590
21482,,2296.76,740.0,184,104,1591
85114A,BLACK ENCHANTED FOREST PLACEMAT,2296.54,1326.0,120,46,1592
21741,COSY SLIPPER SHOES LARGE GREEN,2293.75,701.0,190,108,1593
85176,SEWING SUSAN 21 NEEDLE SET,2293.0,2748.0,306,115,1594
22409,MONEY BOX BISCUITS DESIGN,2290.46,1686.0,164,108,1595
22246,MAGIC GARDEN FELT GARLAND,2287.95,1081.0,188,84,1596
23330,DECORATIVE WICKER HEART MEDIUM,2286.97,1794.0,216,158,1597
21464,DISCO BALL ROTATOR BATTERY OPERATED,2286.75,539.0,217,127,1598
23360,SET 8 CANDLES VINTAGE DOILY,2286.4,1182.0,114,94,1599
22831,WHITE BROCANTE SOAP DISH,2286.28,776.0,138,101,1600
85199L,LARGE HANGING IVORY & RED WOOD BIRD,2285.02,3455.0,272,136,1601
21655,,2277.5,1396.0,89,56,1602
85183A,CHARLIE & LOLA WASTEPAPER BIN BLUE,2275.75,1512.0,141,104,1603
85107,CUT GLASS T-LIGHT HOLDER OCTAGON,2274.79,1203.0,70,56,1604
85172,HYACINTH BULB T-LIGHT CANDLES,2274.56,4271.0,150,110,1605
85106,CUT GLASS HEXAGON T-LIGHT HOLDER,2271.24,1190.0,59,40,1606
85014C,,2270.73,547.0,72,55,1607
22539,MINI JIGSAW DOLLY GIRL,2268.13,5654.0,247,138,1608
23252,VINTAGE RED ENAMEL TRIM JUG,2261.61,603.0,138,104,1609
35001G,HAND OPEN SHAPE GOLD,2259.47,715.0,103,46,1610
23128,FELTCRAFT BOY JEAN-PAUL KIT,2258.66,448.0,139,112,1611
22133,PINK LOVE HEART SHAPE CUP,2258.61,2464.0,327,109,1612
22024,RAINY LADIES BIRTHDAY CARD,2257.0,5391.0,439,170,1613
20658,RED RETROSPOT LUGGAGE TAG,2251.36,1584.0,353,153,1614
21696,SMALL SILVER TRELLIS CANDLEPOT,2251.14,749.0,107,80,1615
84469,,2249.41,664.0,44,35,1616
21819,GLITTER CHRISTMAS STAR,2247.14,3847.0,248,178,1617
21187,WHITE BELL HONEYCOMB PAPER GARLAND,2243.78,1344.0,144,90,1618
21804,dotcom,2240.99,597.0,137,92,1619
85045,,2239.34,471.0,83,60,1620
23093,SMALL PARISIENNE HEART PHOTO FRAME,2239.24,939.0,142,105,1621
20931,BLUE POT PLANT CANDLE,2238.07,673.0,157,91,1622
22803,IVORY EMBROIDERED QUILT,2237.84,59.0,36,22,1623
23326,HANGING MINI COLOURED BOTTLES,2237.08,3442.0,76,52,1624
22163,HEART STRING MEMO HOLDER HANGING,2235.12,1269.0,197,86,1625
21710,FOLDING UMBRELLA PINKWHITE POLKADOT,2235.01,726.0,110,80,1626
22336,damaged,2234.96,4661.0,214,136,1627
21681,,2234.81,233.0,79,62,1628
16237,SLEEPING CAT ERASERS,2233.15,10385.0,580,209,1629
21398,damages,2231.9,2295.0,126,82,1630
84691,PACK 20 DOLLY PEGS,2225.5,2747.0,235,124,1631
23079,TOADSTOOL BEDSIDE LIGHT,2225.45,251.0,106,83,1632
51014L,"FEATHER PEN,LIGHT PINK",2222.35,3445.0,226,111,1633
21638,ASSORTED TUTTI FRUTTI NOTEBOOK,2220.94,1020.0,142,84,1634
21476,STEEL SWEETHEART ROUND TABLE CREAM,2219.51,142.0,85,53,1635
23501,KEY RING BASEBALL BOOT UNION JACK,2217.87,1821.0,112,77,1636
22074,6 RIBBONS SHIMMERING PINKS,2216.34,2156.0,287,127,1637
22453,MEASURING TAPE BABUSHKA BLUE,2212.92,801.0,144,78,1638
84913A,SOFT PINK ROSE TOWEL,2211.54,608.0,266,26,1639
22716,CARD CIRCUS PARADE,2211.41,5218.0,447,244,1640
21125,SET 6 FOOTBALL CELEBRATION CANDLES,2211.38,2123.0,246,162,1641
22711,WRAP CIRCUS PARADE,2210.34,5377.0,181,148,1642
23438,RED SPOT GIFT BAG LARGE,2209.92,1809.0,109,88,1643
22785,SQUARECUSHION COVER PINK UNION JACK,2207.11,412.0,122,82,1644
21620,SET OF 4 ROSE BOTANICAL CANDLES,2206.73,1087.0,222,139,1645
85116,BLACK CANDELABRA T-LIGHT HOLDER,2206.24,1817.0,181,40,1646
22853,CAT BOWL VINTAGE CREAM,2205.57,645.0,146,100,1647
17091J,VANILLA INCENSE IN TIN,2204.35,3964.0,178,108,1648
23403,LETTER HOLDER HOME SWEET HOME,2204.11,625.0,134,80,1649
22514,CHILDS GARDEN SPADE BLUE,2202.92,1082.0,233,151,1650
22286,DECORATION WOBBLY RABBIT METAL,2200.75,1937.0,195,119,1651
21651,,2200.36,1361.0,124,81,1652
22920,HERB MARKER BASIL,2199.19,3478.0,252,138,1653
85039B,S/4 IVORY MINI ROSE CANDLE IN BOWL,2191.96,1657.0,267,84,1654
23020,GLASS  SONGBIRD STORAGE JAR,2191.84,180.0,76,67,1655
20770,ABSTRACT CIRCLE JOURNAL,2190.59,1045.0,201,94,1656
21611,SET OF 12 LILY BOTANICAL T-LIGHTS,2182.19,750.0,148,93,1657
23302,KNEELING MAT HOUSEWORK  DESIGN,2181.42,1536.0,230,140,1658
22948,METAL DECORATION NAUGHTY CHILDREN,2164.69,2155.0,180,93,1659
22069,BROWN  PIRATE TREASURE CHEST,2164.63,968.0,267,66,1660
23445,ICE CREAM BUBBLES,2161.24,2668.0,101,81,1661
22714,CARD BIRTHDAY COWBOY,2157.91,5277.0,359,187,1662
22182,CAKE STAND VICTORIAN FILIGREE SMALL,2156.45,561.0,172,58,1663
85216,ASSORTED CAKES FRIDGE MAGNETS,2154.22,2849.0,187,114,1664
22824,3 TIER SWEETHEART GARDEN SHELF,2153.95,61.0,48,47,1665
85103,stock creditted wrongly,2153.43,317.0,87,46,1666
23031,DRAWER KNOB CRACKLE GLAZE PINK,2152.3,1278.0,155,93,1667
22338,STAR DECORATION PAINTED ZINC,2151.99,6087.0,264,143,1668
23370,SET 36 COLOURING PENCILS DOILY,2151.6,1550.0,151,86,1669
23161,REGENCY CAKE FORK,2145.3,1715.0,98,58,1670
21421,damaged,2144.48,1792.0,105,60,1671
22677,FRENCH BLUE METAL DOOR SIGN 2,2143.03,1583.0,280,101,1672
21905,MORE BUTTER METAL SIGN,2141.07,1615.0,263,132,1673
22708,WRAP DOLLY GIRL,2140.5,5325.0,159,115,1674
23213,STAR WREATH DECORATION WITH BELL,2138.42,1682.0,152,95,1675
23066,SMALL DECO JEWELLERY STAND,2137.81,259.0,85,69,1676
21617,4 LILY  BOTANICAL DINNER CANDLES,2135.01,834.0,169,102,1677
20764,ABSTRACT CIRCLES SKETCHBOOK,2134.76,685.0,193,107,1678
21774,DECORATIVE CATS BATHROOM BOTTLE,2129.81,1711.0,368,79,1679
22515,CHILDS GARDEN SPADE PINK,2129.74,1046.0,208,139,1680
84670,,2128.72,5196.0,182,114,1681
21643,damaged,2127.94,1521.0,204,76,1682
23005,TRAVEL CARD WALLET I LOVE LONDON,2126.55,4733.0,241,105,1683
21195,,2122.66,997.0,150,49,1684
21359,,2116.48,208.0,73,57,1685
23046,PAPER LANTERN 9 POINT DELUXE STAR,2111.49,349.0,36,31,1686
22913,RED COAT RACK PARIS FASHION,2107.85,450.0,122,84,1687
23251,VINTAGE RED ENAMEL TRIM MUG,2105.75,1712.0,120,80,1688
23233,WRAP POPPIES  DESIGN,2105.5,5175.0,158,130,1689
22279,POCKET BAG BLUE PAISLEY RED SPOT,2104.62,1440.0,214,108,1690
84676,,2102.46,848.0,110,76,1691
40018F,,2100.33,1092.0,117,69,1692
22996,TRAVEL CARD WALLET VINTAGE TICKET,2094.93,4801.0,408,155,1693
23315,IVORY REFECTORY CLOCK,2094.24,213.0,86,63,1694
22859,EASTER TIN BUNNY BOUQUET,2085.75,1250.0,165,115,1695
21865,PINK UNION JACK  PASSPORT COVER,2085.64,896.0,297,129,1696
22308,TEA COSY BLUE STRIPE,2085.05,677.0,214,75,1697
79323S,"Unsaleable, destroyed.",2084.32,334.0,56,38,1698
21070,VINTAGE BILLBOARD MUG,2083.46,2034.0,229,107,1699
72799F,IVORY PILLAR CANDLE GOLD FLOCK,2082.74,1125.0,102,62,1700
23152,IVORY SWEETHEART WIRE LETTER RACK,2080.65,554.0,159,108,1701
84854,,2079.47,381.0,110,42,1702
21291,SMALL POLKADOT CHOCOLATE GIFT BAG,2077.93,2411.0,153,95,1703
84797B,,2077.82,344.0,52,22,1704
22023,EMPIRE BIRTHDAY CARD,2076.77,4975.0,430,177,1705
22695,WICKER WREATH SMALL,2070.15,1457.0,225,151,1706
23227,FILIGREE HEART BUTTERFLY WHITE,2070.06,1642.0,117,61,1707
21619,4 VANILLA BOTANICAL CANDLES,2069.02,1131.0,212,138,1708
85049H,URBAN BLACK RIBBONS,2067.18,2066.0,334,154,1709
22935,BAKING MOULD ROSE MILK CHOCOLATE,2066.82,690.0,65,46,1710
21200,MULTICOLOUR HONEYCOMB PAPER GARLAND,2065.16,1421.0,126,64,1711
84990,,2062.19,4248.0,193,112,1712
84509G,SET OF 4 FAIRY CAKE PLACEMATS,2060.37,804.0,161,96,1713
23291,DOLLY GIRL CHILDRENS CUP,2059.03,1634.0,195,104,1714
21077,,2058.1,2790.0,192,111,1715
21058,PARTY INVITES WOODLAND,2055.59,2396.0,275,148,1716
22903,CALENDAR FAMILY FAVOURITES,2053.96,745.0,82,39,1717
22400,MAGNETS PACK OF 4 HOME SWEET HOME,2049.56,2450.0,234,159,1718
21640,ASSORTED TUTTI FRUTTI  FOB NOTEBOOK,2049.4,2225.0,205,99,1719
84459A,PINK METAL CHICKEN HEART,2041.69,1263.0,201,96,1720
22928,YELLOW GIANT GARDEN THERMOMETER,2041.35,296.0,118,64,1721
23500,KEY RING BASEBALL BOOT ASSORTED,2038.33,1626.0,98,76,1722
22201,FRYING PAN BLUE POLKADOT,2034.4,509.0,166,76,1723
85016,SET OF 6 VINTAGE NOTELETS KIT,2033.33,1679.0,167,60,1724
22832,BROCANTE SHELF WITH HOOKS,2033.15,185.0,85,71,1725
23490,T-LIGHT HOLDER HANGING LOVE BIRD,2032.77,542.0,101,83,1726
21348,,2030.84,842.0,133,91,1727
47591C,,2029.27,1055.0,162,111,1728
21612,,2025.77,698.0,113,76,1729
22261,FELT EGG COSY WHITE RABBIT,2024.35,2105.0,243,126,1730
22211,WOOD STAMP SET FLOWERS,2022.35,1531.0,291,161,1731
22799,SWEETHEART WIRE FRUIT BOWL,2020.84,253.0,108,85,1732
23268,,2018.14,1447.0,89,68,1733
21397,damaged,2017.74,2157.0,180,99,1734
21356,TOAST ITS - FAIRY FLOWER,2014.16,1592.0,349,116,1735
23289,DOLLY GIRL CHILDRENS BOWL,2013.7,1622.0,191,111,1736
23529,WALL ART DOLLY GIRL,2011.99,637.0,37,26,1737
22520,,2011.28,2294.0,369,256,1738
37476,CONDIMENT TRAY 4 BOWLS AND 4 SPOONS,2010.6,209.0,77,22,1739
23358,HOT STUFF HOT WATER BOTTLE,2008.38,594.0,89,61,1740
21389,IVORY HANGING DECORATION  BIRD,2008.09,2299.0,261,149,1741
79323G,"Unsaleable, destroyed.",2007.88,314.0,61,37,1742
35953,FOLKART STAR CHRISTMAS DECORATIONS,2007.22,3868.0,155,98,1743
21504,SKULLS GREETING CARD,2005.02,4913.0,329,158,1744
23274,STAR T-LIGHT HOLDER WILLIE WINKIE,2005.0,1180.0,119,85,1745
20686,DOLLY MIXTURE CHILDREN'S UMBRELLA,2002.84,590.0,186,117,1746
22932,BAKING MOULD TOFFEE CUP CHOCOLATE,2000.88,884.0,72,51,1747
22496,SET OF 2 ROUND TINS DUTCH CHEESE,1996.09,731.0,193,153,1748
20703,BLUE PADDED SOFT MOBILE,1993.47,471.0,169,122,1749
22405,MONEY BOX POCKET MONEY DESIGN,1993.38,1642.0,217,173,1750
22521,,1987.93,2288.0,370,257,1751
22719,,1987.83,1467.0,235,69,1752
22559,SEASIDE FLYING DISC,1986.87,1583.0,202,118,1753
22343,PARTY PIZZA DISH RED RETROSPOT,1985.74,3297.0,188,90,1754
23357,HOT WATER BOTTLE SEX BOMB,1982.05,450.0,102,79,1755
85217,,1981.85,2869.0,164,96,1756
22068,BLACK PIRATE TREASURE CHEST,1979.82,1112.0,276,111,1757
23145,ZINC T-LIGHT HOLDER STAR LARGE,1979.48,2084.0,169,128,1758
20871,OPULENT VELVET SET/3 CANDLES,1978.05,1273.0,127,72,1759
22599,CHRISTMAS MUSICAL ZINC STAR,1976.88,3119.0,189,114,1760
22204,MILK PAN BLUE POLKADOT,1974.29,537.0,169,66,1761
21630,FLOOR CUSHION ELEPHANT CARNIVAL,1973.39,162.0,95,21,1762
79160,HEART SHAPE WIRELESS DOORBELL,1973.07,944.0,210,51,1763
17084R,ASSORTED INCENSE PACK,1968.45,10625.0,66,29,1764
21657,MILK BOTTLE WITH GLASS STOPPER,1967.38,257.0,118,76,1765
23068,ALUMINIUM STAMPED HEART,1966.93,809.0,136,106,1766
22931,BAKING MOULD HEART WHITE CHOCOLATE,1963.3,813.0,129,95,1767
23374,RED SPOT PAPER GIFT BAG,1962.83,2456.0,131,108,1768
21629,SQUARE FLOOR CUSHION VINTAGE RED,1961.37,177.0,105,27,1769
21082,SET/20 FRUIT SALAD PAPER NAPKINS,1960.45,7183.0,163,94,1770
23075,PARLOUR CERAMIC WALL HOOK,1960.3,472.0,80,61,1771
23228,FILIGREE HEART BIRD WHITE,1960.0,1492.0,125,58,1772
20846,ZINC HEART LATTICE T-LIGHT HOLDER,1956.81,1453.0,169,105,1773
22614,PACK OF 12 SPACEBOY TISSUES,1954.3,5726.0,368,222,1774
21695,SMALL SILVER FLOWER CANDLE POT,1952.18,630.0,102,65,1775
22098,BOUDOIR SQUARE TISSUE BOX,1952.04,2865.0,309,161,1776
23235,STORAGE TIN VINTAGE LEAF,1950.66,736.0,105,88,1777
22262,FELT EGG COSY CHICKEN,1947.82,2026.0,306,135,1778
35971,ROSE FOLKART HEART DECORATIONS,1947.74,1963.0,217,91,1779
20984,damaged,1940.96,5867.0,245,178,1780
21803,CHRISTMAS TREE STAR DECORATION,1938.96,4463.0,322,86,1781
46775D,SUNSET COLOUR CHUNKY KNITTED THROW,1938.19,153.0,95,28,1782
22802,FAUX FUR CHOCOLATE THROW,1933.59,110.0,62,39,1783
21991,BOHEMIAN COLLAGE STATIONERY SET,1927.54,1103.0,289,109,1784
20716,,1925.04,1533.0,246,121,1785
23094,LE GRAND TRAY CHIC SET,1924.92,152.0,79,65,1786
21538,,1924.51,1308.0,51,40,1787
21043,APRON MODERN VINTAGE COTTON,1921.03,677.0,141,81,1788
84581,,1920.02,506.0,234,125,1789
21802,CHRISTMAS TREE HEART DECORATION,1917.2,4377.0,323,89,1790
22753,SMALL YELLOW BABUSHKA NOTEBOOK,1915.21,2332.0,404,205,1791
22438,BALLOON ART MAKE YOUR OWN FLOWERS,1913.22,1459.0,170,117,1792
40001,WHITE BAMBOO RIBS LAMPSHADE,1911.65,2484.0,121,39,1793
85232A,,1910.22,377.0,140,97,1794
20684,,1910.06,580.0,176,117,1795
21692,,1906.62,502.0,111,81,1796
22522,CHILDS GARDEN FORK BLUE,1905.81,2239.0,334,249,1797
85162B,,1905.15,977.0,13,5,1798
23155,KNICKERBOCKERGLORY MAGNET ASSORTED,1904.77,2221.0,135,84,1799
84763,,1903.0,1517.0,170,106,1800
22565,FELTCRAFT HAIRBANDS PINK AND WHITE,1902.19,2086.0,278,173,1801
21773,DECORATIVE ROSE BATHROOM BOTTLE,1899.4,1642.0,308,87,1802
21647,ASSORTED TUTTI FRUTTI LARGE PURSE,1899.28,848.0,144,91,1803
22210,WOOD STAMP SET BEST WISHES,1898.42,1586.0,287,179,1804
23491,VINTAGE JINGLE BELLS HEART,1897.76,228.0,78,64,1805
84519B,CARROT CHARLIE+LOLA COASTER SET,1895.37,867.0,214,98,1806
22985,WRAP BILLBOARD FONTS DESIGN,1895.24,4722.0,136,101,1807
22513,DOORSTOP FOOTBALL DESIGN,1894.7,585.0,170,106,1808
16169E,WRAP 50'S  CHRISTMAS,1892.46,4563.0,149,143,1809
21659,,1891.7,120.0,66,45,1810
21581,SKULLS  DESIGN  COTTON TOTE BAG,1890.74,1172.0,203,104,1811
21445,,1887.23,1519.0,146,88,1812
85231B,CINAMMON SET OF 9 T-LIGHTS,1884.42,2058.0,388,181,1813
23434,3 RAFFIA RIBBONS 50'S CHRISTMAS,1884.17,2095.0,199,129,1814
22523,CHILDS GARDEN FORK PINK,1882.29,2183.0,352,248,1815
23394,POSTE FRANCE CUSHION COVER,1877.65,435.0,150,90,1816
22858,EASTER TIN KEEPSAKE,1877.34,1135.0,139,104,1817
84856S,SMALL TAHITI BEACH BAG,1877.21,467.0,33,25,1818
22678,FRENCH BLUE METAL DOOR SIGN 3,1875.53,1400.0,248,92,1819
21983,PACK OF 12 BLUE PAISLEY TISSUES,1875.02,6118.0,325,208,1820
85039A,SET/4 RED MINI ROSE CANDLE IN BOWL,1873.82,1512.0,295,61,1821
21085,,1872.68,13731.0,66,42,1822
21687,,1871.23,477.0,101,55,1823
16016,LARGE CHINESE STYLE SCISSOR,1870.7,2314.0,106,57,1824
23090,missing,1870.03,2237.0,149,96,1825
21241,GREEN POLKADOT CUP,1869.07,2213.0,260,129,1826
21091,,1868.7,13700.0,47,31,1827
23359,SET OF 12 T-LIGHTS VINTAGE DOILY,1866.46,990.0,79,73,1828
21394,,1864.63,4005.0,150,100,1829
23525,WALL ART BUFFALO BILL,1863.82,582.0,53,38,1830
22535,MAGIC DRAWING SLATE BUNNIES,1862.49,4454.0,298,204,1831
21613,S/12 VANILLA  BOTANICAL T-LIGHTS,1861.45,632.0,145,111,1832
21287,SCENTED VELVET LOUNGE CANDLE,1860.0,4107.0,93,67,1833
21677,HEARTS  STICKERS,1859.38,2125.0,279,144,1834
21841,BABY MOUSE RED GINGHAM DRESS,1857.47,437.0,132,106,1835
22686,FRENCH BLUE METAL DOOR SIGN No,1857.39,1406.0,221,70,1836
85164B,,1851.22,141.0,66,27,1837
20772,GARDEN PATH JOURNAL,1848.73,970.0,161,105,1838
21547,,1848.47,719.0,119,69,1839
85185B,PINK HORSE SOCK PUPPET KIT,1843.46,593.0,182,111,1840
85162C,,1841.7,904.0,46,11,1841
22587,FELTCRAFT HAIRBAND RED AND BLUE,1841.19,2112.0,308,194,1842
23378,PACK OF 12 50'S CHRISTMAS TISSUES,1840.08,3997.0,176,127,1843
21894,POTTING SHED SEED ENVELOPES,1836.14,1320.0,247,120,1844
21357,,1827.76,1388.0,211,105,1845
22317,FIVE CATS HANGING DECORATION,1827.64,587.0,167,83,1846
85173,SET/6 FROG PRINCE T-LIGHT CANDLES,1826.07,1018.0,150,70,1847
21618,,1823.74,698.0,139,86,1848
22680,FRENCH BLUE METAL DOOR SIGN 5,1820.45,1356.0,230,97,1849
84327A,,1820.27,959.0,123,78,1850
21088,SET/6 FRUIT SALAD PAPER CUPS,1816.73,16615.0,136,95,1851
23148,MINIATURE ANTIQUE ROSE HOOK IVORY,1816.31,2139.0,247,143,1852
22586,FELTCRAFT HAIRBAND PINK AND BLUE,1815.14,2087.0,295,184,1853
21761,WOOD AND GLASS MEDICINE CABINET,1814.75,65.0,24,21,1854
21391,FRENCH LAVENDER SCENT HEART,1811.89,1417.0,175,113,1855
21384,,1810.19,1917.0,150,99,1856
21161,,1806.05,2360.0,206,120,1857
22307,GOLD MUG BONE CHINA TREE OF LIFE,1804.11,1199.0,118,87,1858
90167,,1801.17,2197.0,111,53,1859
21280,VINTAGE KITCHEN PRINT VEGETABLES,1800.44,3333.0,70,44,1860
22770,MIRROR CORNICE,1799.62,112.0,71,49,1861
79302M,"ART LIGHTS,FUNK MONKEY",1797.95,628.0,111,40,1862
22324,BLUE POLKADOT KIDS BAG,1797.06,664.0,152,53,1863
23160,REGENCY TEA SPOON,1794.48,1450.0,76,50,1864
21158,MOODY GIRL DOOR HANGER,1792.66,2587.0,310,184,1865
22254,FELT TOADSTOOL LARGE,1792.21,1398.0,148,95,1866
21529,,1790.44,503.0,152,94,1867
22922,FRIDGE MAGNETS US DINER ASSORTED,1789.2,2073.0,113,82,1868
22533,MAGIC DRAWING SLATE BAKE A CAKE,1783.36,4519.0,231,162,1869
84748,FOLK FELT HANGING MULTICOL GARLAND,1781.12,1170.0,93,27,1870
20729,,1778.12,5262.0,121,39,1871
23317,BLUE REFECTORY CLOCK,1777.46,173.0,82,56,1872
21548,CERAMIC BIRDHOUSE FINCH BLUE ROOF,1776.12,682.0,107,55,1873
23057,rusty throw away,1768.67,773.0,45,38,1874
84507B,STRIPES DESIGN MONKEY DOLL,1764.03,1349.0,115,52,1875
22422,TOOTHPASTE TUBE PEN,1760.94,2743.0,354,119,1876
22546,MINI JIGSAW PURDEY,1760.8,4375.0,181,106,1877
22103,MIRROR MOSAIC T-LIGHT HOLDER ROUND,1760.64,1746.0,71,43,1878
37343,damaged,1759.04,1110.0,104,55,1879
21163,DO NOT TOUCH MY STUFF DOOR HANGER,1757.92,2800.0,253,158,1880
22209,WOOD STAMP SET HAPPY BIRTHDAY,1753.94,1415.0,257,159,1881
22446,PIN CUSHION BABUSHKA PINK,1751.93,618.0,186,61,1882
23372,SET 36 COLOUR PENCILS DOLLY GIRL,1750.29,1389.0,147,76,1883
21652,,1747.94,896.0,78,64,1884
84535B,FAIRY CAKES NOTEBOOK A6 SIZE,1747.76,2686.0,327,141,1885
21205,MULTICOLOUR 3D BALLS GARLAND,1746.97,669.0,144,86,1886
21780,,1745.85,203.0,32,17,1887
85060,,1745.62,1448.0,87,53,1888
23399,HOME SWEET HOME HANGING HEART,1745.55,1914.0,225,146,1889
21000,ROSE DU SUD COSMETICS BAG,1744.98,690.0,94,37,1890
21637,ASSORTED SANSKRIT MINI NOTEBOOK,1741.72,1358.0,93,40,1891
20767,BLUE PAISLEY JOURNAL,1741.61,812.0,179,112,1892
21760,used for show display,1740.0,15.0,12,12,1893
23101,SILVER STARS TABLE DECORATION,1739.63,2031.0,213,175,1894
84006,MAGIC TREE -PAPER FLOWERS,1738.07,1856.0,212,86,1895
23096,PETIT TRAY CHIC,1736.69,1033.0,146,89,1896
21662,,1735.05,269.0,106,58,1897
23244,ROUND STORAGE TIN VINTAGE LEAF,1733.98,936.0,112,87,1898
23181,BULL DOG BOTTLE TOP WALL CLOCK,1733.57,201.0,82,60,1899
37342,,1731.4,1629.0,131,56,1900
22035,VINTAGE CARAVAN GREETING CARD,1731.24,4083.0,360,152,1901
84843,WHITE SOAP RACK WITH 2 BOTTLES,1731.06,280.0,110,66,1902
47591b,SCOTTIES CHILDRENS APRON,1729.65,1062.0,285,108,1903
21090,SET/6 COLLAGE PAPER PLATES,1729.09,3107.0,278,129,1904
21927,BLUE/CREAM STRIPE CUSHION COVER,1728.24,1260.0,192,93,1905
23122,PARTY CHARMS 50 PIECES,1726.09,2251.0,133,89,1906
21895,,1718.63,555.0,85,61,1907
22026,BANQUET BIRTHDAY  CARD,1717.47,4029.0,366,140,1908
21281,VINTAGE KITCHEN PRINT SEAFOOD,1716.8,3680.0,67,34,1909
10125,MINI FUNKY DESIGN TAPES,1715.78,2103.0,167,87,1910
21275,ZINC TOP  2 DOOR WOODEN SHELF,1714.48,249.0,55,45,1911
85127,SMALL SQUARE CUT GLASS CANDLESTICK,1710.67,276.0,81,30,1912
35809A,ENAMEL PINK TEA CONTAINER,1708.32,1147.0,187,76,1913
22934,BAKING MOULD EASTER EGG WHITE CHOC,1707.47,589.0,78,65,1914
23073,GEORGIAN TRINKET BOX,1706.5,143.0,61,49,1915
20990,,1706.14,895.0,103,54,1916
46776F,WOVEN ROSE GARDEN CUSHION COVER,1704.64,494.0,158,13,1917
22516,CHILDS GARDEN RAKE BLUE,1700.6,839.0,162,106,1918
22123,PING MICROWAVE APRON,1700.14,655.0,166,77,1919
21189,WHITE HONEYCOMB PAPER GARLAND,1698.88,797.0,123,53,1920
22319,HAIRCLIPS FORTIES FABRIC ASSORTED,1698.04,2987.0,174,141,1921
84795A,,1696.02,208.0,70,34,1922
22679,FRENCH BLUE METAL DOOR SIGN 4,1695.68,1263.0,230,88,1923
23214,JINGLE BELL HEART ANTIQUE GOLD,1695.04,789.0,103,79,1924
22706,WRAP COWBOYS,1693.24,4222.0,125,109,1925
20996,JAZZ HEARTS ADDRESS BOOK,1686.79,6311.0,335,179,1926
21576,LETS GO SHOPPING COTTON TOTE BAG,1686.19,732.0,205,118,1927
85221,,1685.46,3558.0,47,35,1928
70007,HI TEC ALPINE HAND WARMER,1684.58,1306.0,205,87,1929
17129F,BLUE GLASS GEMS IN BAG,1684.58,1580.0,145,19,1929
21251,DINOSAUR HEIGHT CHART STICKER SET,1683.93,595.0,132,91,1930
22323,,1683.31,635.0,116,57,1931
22975,SPACEBOY CHILDRENS EGG CUP,1679.66,1245.0,193,113,1932
23368,SET 12 COLOUR PENCILS DOLLY GIRL,1679.55,2379.0,232,134,1933
72816,,1671.52,1344.0,136,65,1934
72817,,1671.28,1553.0,214,97,1935
21446,12 RED ROSE PEG PLACE SETTINGS,1669.83,1258.0,232,122,1936
21284,RETROSPOT CANDLE  SMALL,1668.72,1547.0,140,80,1937
23366,SET 12 COLOURING PENCILS DOILY,1667.95,2249.0,195,115,1938
22673,FRENCH GARDEN SIGN BLUE METAL,1667.5,1320.0,195,130,1939
22410,MONEY BOX HOUSEKEEPING DESIGN,1667.46,1363.0,198,136,1940
21382,SET/4 SPRING FLOWER DECORATION,1665.66,1238.0,152,78,1941
21633,SUNFLOWER DECORATIVE PARASOL,1663.11,175.0,72,32,1942
21162,TOXIC AREA  DOOR HANGER,1655.88,2402.0,285,172,1943
21278,,1654.45,2758.0,118,63,1944
21294,ETCHED GLASS COASTER,1653.75,2246.0,139,83,1945
23505,PLAYING CARDS I LOVE LONDON,1651.29,1200.0,115,93,1946
23273,HEART T-LIGHT HOLDER WILLIE WINKIE,1649.05,969.0,112,88,1947
21426,WOODLAND STORAGE BOX SMALL,1647.07,1028.0,99,44,1948
23270,SET OF 2 CERAMIC PAINTED HEARTS,1646.32,1174.0,125,96,1949
21332,MOROCCAN BEATEN METAL MIRROR,1644.17,270.0,50,36,1950
21645,,1642.65,969.0,133,85,1951
22025,RING OF ROSES BIRTHDAY CARD,1641.64,3970.0,288,148,1952
21448,12 DAISY PEGS IN WOOD BOX,1640.17,955.0,211,132,1953
21545,,1640.12,697.0,82,52,1954
37441,,1639.8,700.0,54,31,1955
85180A,RED HEARTS LIGHT CHAIN,1636.42,629.0,99,60,1956
23483,HANGING  BUTTERFLY T-LIGHT HOLDER,1636.36,1328.0,73,57,1957
21541,DINOSAURS WATER TRANSFER TATTOOS,1636.24,1907.0,201,119,1958
23348,CHILDRENS TOY COOKING UTENSIL SET,1633.81,746.0,168,95,1959
35241,ENAMEL BLUE RIM BISCUIT BIN,1631.42,309.0,130,75,1960
21593,,1629.31,1391.0,94,69,1961
21283,,1629.2,512.0,81,59,1962
85036C,ROSE 1 WICK MORRIS BOXED CANDLE,1629.02,878.0,128,99,1963
23391,I LOVE LONDON MINI BACKPACK,1628.17,389.0,87,58,1964
48195,,1627.99,269.0,87,56,1965
21793,CLASSIC FRENCH STYLE BASKET BROWN,1627.36,353.0,102,81,1966
21286,RETROSPOT CANDLE  LARGE,1623.01,1006.0,101,56,1967
84619,,1622.96,72.0,29,22,1968
85160A,,1622.79,8824.0,35,20,1969
21837,,1622.64,244.0,91,61,1970
21279,VINTAGE KITCHEN PRINT FRUITS,1621.83,3527.0,101,51,1971
84919,BLUE CUSHION COVER WITH FLOWER,1619.84,291.0,43,20,1972
85131A,BEADED PEARL HEART WHITE ON STICK,1619.23,2025.0,199,64,1973
21157,RED RETROSPOT WASHBAG,1616.95,689.0,176,66,1974
21656,samples,1614.54,985.0,140,66,1975
23280,FOLDING BUTTERFLY MIRROR HOT PINK,1614.16,2023.0,157,87,1976
23217,LAUREL HEART ANTIQUE SILVER,1613.82,1309.0,97,64,1977
23462,ROCOCO WALL MIRROR WHITE,1607.04,80.0,46,43,1978
35810A,ENAMEL PINK COFFEE CONTAINER,1604.74,1205.0,171,72,1979
82615,PINK MARSHMALLOW SCARF KNITTING KIT,1603.97,582.0,90,60,1980
23287,RED VINTAGE SPOT BEAKER,1603.39,1879.0,198,114,1981
21542,,1600.75,1877.0,190,112,1982
20802,SMALL GLASS SUNDAE DISH CLEAR,1596.81,1051.0,116,68,1983
23226,FILIGREE HEART DAISY WHITE,1596.67,1247.0,98,56,1984
22260,FELT EGG COSY BLUE RABBIT,1594.77,1557.0,241,85,1985
84913B,MINT GREEN ROSE TOWEL,1593.29,420.0,200,27,1986
21694,SMALL REGAL  SILVER CANDLEPOT,1593.16,556.0,70,51,1987
35471D,SET OF 3 BIRD LIGHT PINK FEATHER,1591.86,2241.0,348,158,1988
84509C,SET OF 4 POLKADOT PLACEMATS,1591.22,344.0,140,45,1989
35160,,1590.64,2180.0,56,33,1990
21383,PACK OF 12 STICKY BUNNIES,1590.43,2204.0,323,169,1991
22106,MIRROR MOSAIC HURRICANE LAMP,1589.98,509.0,79,29,1992
22517,CHILDS GARDEN RAKE PINK,1589.41,806.0,152,106,1993
22099,CARAVAN SQUARE TISSUE BOX,1585.46,2123.0,291,168,1994
85170A,,1585.06,848.0,84,45,1995
23369,SET 36 COLOUR PENCILS LOVE LONDON,1581.06,1105.0,126,80,1996
85222,,1579.68,1406.0,50,39,1997
21675,BUTTERFLIES STICKERS,1576.84,1782.0,268,124,1998
22608,PENS ASSORTED FUNKY JEWELED,1573.81,5735.0,170,75,1999
21631,HIPPY CHIC DECORATIVE PARASOL,1571.75,221.0,54,38,2000
21092,phil said so,1571.5,12846.0,28,15,2001
84536B,FAIRY CAKES NOTEBOOK A7 SIZE,1567.97,3512.0,403,131,2002
22705,WRAP GREEN PEARS,1567.86,3733.0,151,114,2003
15059A,,1567.0,509.0,4,1,2004
79323B,"Unsaleable, destroyed.",1565.7,242.0,58,35,2005
21550,CERAMIC BIRDHOUSE CRESTED TIT LARGE,1565.51,295.0,64,42,2006
21867,PINK UNION JACK  LUGGAGE TAG,1562.87,1144.0,288,122,2007
21925,UNION STRIPE CUSHION COVER,1562.33,1201.0,167,100,2008
21579,LOLITA  DESIGN  COTTON TOTE BAG,1560.85,1029.0,136,80,2009
21972,SET OF 36 DINOSAUR PAPER DOILIES,1560.82,1055.0,171,105,2010
85194L,HANGING SPRING FLOWER EGG LARGE,1560.63,1818.0,147,93,2011
22681,FRENCH BLUE METAL DOOR SIGN 6,1559.52,1167.0,189,79,2012
21276,,1558.94,677.0,29,24,2013
84789,,1558.39,445.0,124,81,2014
23524,WALL ART HORSE & PONY,1557.63,481.0,63,42,2015
21711,FOLDING UMBRELLA WHITE/RED POLKADOT,1555.66,382.0,71,51,2016
72803A,ROSE SCENT CANDLE JEWELLED DRAWER,1553.5,724.0,97,61,2017
21399,,1550.44,2378.0,118,76,2018
21289,LARGE STRIPES CHOCOLATE GIFT BAG,1549.31,1413.0,102,52,2019
22786,CUSHION COVER PINK UNION JACK,1549.1,248.0,92,62,2020
20766,GARDEN PATH SKETCHBOOK,1548.47,518.0,155,100,2021
85036B,CHOCOLATE 1 WICK MORRIS BOX CANDLE,1547.1,600.0,89,70,2022
16033,,1544.52,15121.0,50,43,2023
22982,PANTRY PASTRY BRUSH,1543.77,1154.0,212,120,2024
21610,,1543.67,542.0,97,72,2025
75131,,1543.03,1217.0,68,40,2026
20735,BLACK MINI TAPE MEASURE,1540.29,1515.0,202,30,2027
84795D,,1538.79,189.0,83,53,2028
20768,GREEN FERN JOURNAL,1534.19,767.0,149,98,2029
23267,SET OF 4 SANTA PLACE SETTINGS,1531.95,1202.0,108,79,2030
72008,,1531.4,3819.0,215,134,2031
23250,VINTAGE RED TRIM ENAMEL BOWL,1531.03,1179.0,110,64,2032
20986,BLUE CALCULATOR RULER,1530.95,1217.0,204,94,2033
22322,BIRD DECORATION GREEN POLKADOT,1528.21,1617.0,272,77,2034
22288,HANGING METAL RABBIT DECORATION,1525.99,1310.0,119,75,2035
20902,check,1525.22,206.0,116,11,2036
22337,ANGEL DECORATION PAINTED ZINC,1522.52,2473.0,146,67,2037
21282,,1522.28,356.0,69,49,2038
22682,FRENCH BLUE METAL DOOR SIGN 7,1521.86,1166.0,182,84,2039
21099,,1516.64,13290.0,33,20,2040
85159B,"WHITE TEA,COFFEE,SUGAR JARS",1516.5,660.0,89,53,2041
85177,BASKET OF FLOWERS SEWING KIT,1514.78,1820.0,143,87,2042
21785,,1514.63,2005.0,100,71,2043
21146,,1513.67,789.0,58,47,2044
21661,VINTAGE GLASS TEA CADDY,1511.31,239.0,98,55,2045
22340,NOEL GARLAND PAINTED ZINC,1511.05,1799.0,184,81,2046
22137,BATHROOM SET LOVE HEART DESIGN,1508.28,606.0,43,24,2047
21634,ASSORTED MINI MADRAS NOTEBOOK,1507.74,1771.0,69,42,2048
21002,ROSE DU SUD DRAWSTRING BAG,1507.22,417.0,184,25,2049
23528,WALL ART SPACEBOY,1504.49,479.0,50,30,2050
84526,,1503.64,538.0,34,23,2051
22683,FRENCH BLUE METAL DOOR SIGN 8,1501.66,1131.0,190,88,2052
23271,CHRISTMAS TABLE SILVER CANDLE SPIKE,1496.89,1731.0,104,69,2053
21199,PINK  HEART CONFETTI IN TUBE,1495.7,1305.0,149,86,2054
21009,,1494.99,1047.0,102,72,2055
21066,VINTAGE RED MUG,1494.67,2284.0,131,81,2056
84856L,,1492.28,238.0,81,46,2057
23334,IVORY WICKER HEART SMALL,1491.75,2271.0,130,83,2058
21051,RIBBONS PURSE,1486.16,754.0,127,79,2059
21849,SILVER DIAMANTE PEN IN GIFT BOX,1483.51,633.0,134,46,2060
84510B,,1483.2,1172.0,148,71,2061
23559,WOODLAND BUNNIES LOLLY MAKERS,1482.41,649.0,124,69,2062
85125,SMALL ROUND CUT GLASS CANDLESTICK,1479.51,309.0,62,32,2063
21392,,1478.13,7545.0,48,32,2064
23392,SPACEBOY ROCKET LOLLY MAKERS,1475.03,662.0,113,70,2065
22915,ASSORTED BOTTLE TOP  MAGNETS,1474.52,3281.0,194,116,2066
21851,LILAC DIAMANTE PEN IN GIFT BOX,1473.56,628.0,149,34,2067
84616,SILVER ROCCOCO CHANDELIER,1472.62,72.0,25,19,2068
21198,WHITE HEART CONFETTI IN TUBE,1472.3,1282.0,118,75,2069
22912,YELLOW COAT RACK PARIS FASHION,1471.09,313.0,108,81,2070
20734,,1470.62,1592.0,117,50,2071
21869,,1469.58,1264.0,111,82,2072
84659A,WHITE TRAVEL ALARM CLOCK,1469.51,588.0,224,55,2073
85198,,1469.5,3859.0,51,37,2074
22815,CARD PSYCHEDELIC APPLES,1468.53,3433.0,340,111,2075
21801,CHRISTMAS TREE DECORATION WITH BELL,1467.66,3398.0,258,69,2076
22976,CIRCUS PARADE CHILDRENS EGG CUP,1465.26,1127.0,149,81,2077
23365,SET 12 COLOUR PENCILS LOVE LONDON,1463.08,1857.0,169,107,2078
79030G,TUMBLER NEW ENGLAND,1462.95,1751.0,121,69,2079
21644,ASSORTED TUTTI FRUTTI HEART BOX,1461.47,1087.0,137,72,2080
22052,VINTAGE CARAVAN GIFT WRAP,1460.5,3525.0,128,105,2081
23470,CARD HOLDER LOVE BIRD LARGE,1460.5,232.0,84,70,2081
22929,SCHOOL DESK AND CHAIR,1459.75,23.0,17,17,2082
22393,PAPERWEIGHT VINTAGE COLLAGE,1459.37,834.0,120,75,2083
21410,,1458.28,312.0,150,81,2084
85098B,,1456.94,366.0,114,61,2085
22228,BUNNY WOODEN PAINTED WITH BIRD,1456.6,1727.0,275,148,2086
21065,BOOM BOX SPEAKER GIRLS,1455.36,608.0,118,44,2087
84637,KITCHEN FLOWER POTS WALL PLAQUE,1454.49,585.0,114,28,2088
21317,GLASS SPHERE CANDLE STAND MEDIUM,1453.4,357.0,74,56,2089
84596G,SMALL CHOCOLATES PINK BOWL,1453.16,2231.0,350,118,2090
20733,GOLD MINI TAPE MEASURE,1452.2,1927.0,294,67,2091
21739,COSY SLIPPER SHOES SMALL GREEN,1451.85,494.0,177,83,2092
85136C,RED SHARK HELICOPTER,1451.69,179.0,122,70,2093
23086,ZINC  STAR T-LIGHT HOLDER,1451.43,1225.0,47,31,2094
22157,ANGEL DECORATION WITH LACE PADDED,1451.4,1698.0,124,88,2095
23034,DRAWER KNOB CERAMIC BLACK,1448.67,979.0,88,57,2096
22390,PAPERWEIGHT CHILDHOOD MEMORIES,1448.52,813.0,83,56,2097
21159,MOODY BOY  DOOR HANGER,1445.37,2105.0,250,146,2098
35637A,IVORY STRING CURTAIN WITH POLE,1445.05,551.0,53,41,2099
85055,FRENCH ENAMEL UTENSIL HOLDER,1442.94,359.0,107,62,2100
84313C,damaged,1442.39,548.0,73,29,2101
22287,DECORATION WOBBLY CHICKEN,1435.75,1340.0,121,81,2102
22817,CARD SUKI BIRTHDAY,1434.9,3392.0,355,104,2103
22249,DECORATION WHITE CHICK MAGIC GARDEN,1434.66,1636.0,243,126,2104
22316,200 BENDY SKULL STRAWS,1432.82,1257.0,119,62,2105
22093,MOTORING TISSUE BOX,1429.87,2346.0,275,179,2106
23527,WALL ART ANIMALS AND NATURE,1428.56,420.0,48,40,2107
21292,SMALL STRIPES CHOCOLATE GIFT BAG,1427.11,2449.0,91,69,2108
22396,MAGNETS PACK OF 4 RETRO PHOTO,1427.08,1895.0,184,122,2109
85167B,DAMAGED,1426.34,692.0,59,38,2110
23249,VINTAGE RED ENAMEL TRIM PLATE,1426.1,842.0,81,57,2111
35965,FOLKART HEART NAPKIN RINGS,1423.63,629.0,174,62,2112
20761,BLUE PAISLEY SKETCHBOOK,1422.46,458.0,146,93,2113
21807,WHITE CHRISTMAS STAR DECORATION,1422.45,3225.0,172,114,2114
20801,,1422.0,1092.0,111,61,2115
22545,MINI JIGSAW BUNNIES,1421.06,3451.0,184,106,2116
21532,,1419.71,1387.0,90,58,2117
35004G,SET OF 3 GOLD FLYING DUCKS,1419.51,359.0,76,46,2118
20840,FRENCH FLORAL CUSHION COVER,1419.09,885.0,93,50,2119
22819,"BIRTHDAY CARD, RETRO SPOT",1418.12,3351.0,331,125,2120
15034,PAPER POCKET TRAVELING FAN,1416.26,10153.0,255,123,2121
85071A,BLUE CHARLIE+LOLA PERSONAL DOORSIGN,1415.69,1907.0,147,106,2122
47503A,,1405.51,2853.0,195,146,2123
23104,IVORY CAFE HANGING LAMP,1405.42,118.0,46,38,2124
23119,PACK OF 6 LARGE FRUIT STRAWS,1401.7,2282.0,151,97,2125
21395,BLUE POLKADOT BEAKER,1401.6,2968.0,115,79,2126
21358,TOAST ITS - HAPPY BIRTHDAY,1398.71,1129.0,222,130,2127
21910,,1398.18,1066.0,111,84,2128
21828,EIGHT PIECE SNAKE  SET,1396.62,1105.0,180,107,2129
22685,FRENCH BLUE METAL DOOR SIGN 0,1395.84,1082.0,160,82,2130
23055,rusty thrown away,1395.18,657.0,38,33,2131
23040,PAPER LANTERN 9 POINT SNOW STAR,1394.03,253.0,41,33,2132
22756,LARGE YELLOW BABUSHKA NOTEBOOK,1393.45,1204.0,215,124,2133
85087,CANDY SPOT CUSHION COVER,1392.64,420.0,146,21,2134
85017B,ENVELOPE 50 BLOSSOM IMAGES,1390.39,2231.0,317,98,2135
47503K,,1389.44,3177.0,42,29,2136
22917,HERB MARKER ROSEMARY,1386.65,1996.0,252,138,2137
85169A,IVORY LOVE BIRD CANDLE,1385.82,1252.0,151,79,2138
22339,CHRISTMAS TREE PAINTED ZINC,1385.46,3521.0,145,86,2139
23376,PACK OF 12 VINTAGE CHRISTMAS TISSUE,1384.91,3039.0,155,104,2140
22250,DECORATION  BUTTERFLY  MAGIC GARDEN,1382.96,1521.0,257,98,2141
84396,,1380.52,552.0,49,22,2142
23414,ZINC BOX SIGN HOME,1378.75,141.0,64,58,2143
84562A,PINK/WHITE RIBBED MELAMINE JUG,1378.26,169.0,78,48,2144
21011,GLITTER SNOW PEAR TREE DECORATION,1373.8,1840.0,118,84,2145
46776B,WOVEN BERRIES CUSHION COVER,1373.36,429.0,154,16,2146
90200D,PINK SWEETHEART BRACELET,1372.26,327.0,150,41,2147
20704,MR ROBOT SOFT TOY,1371.42,361.0,80,60,2148
22984,CARD GINGHAM ROSE,1370.73,3349.0,214,115,2149
20866,BLUE ROSE FABRIC MIRROR,1368.91,1280.0,191,76,2150
23000,TRAVEL CARD WALLET TRANSPORT,1368.28,3169.0,278,125,2151
84819,DANISH ROSE ROUND SEWING BOX,1368.26,908.0,95,82,2152
21209,MULTICOLOUR HONEYCOMB FAN,1368.04,1476.0,137,66,2153
84873A,FUNKY FLOWER PICNIC BAG FOR 4,1367.51,120.0,75,5,2154
35599D,PINK AND WHITE CHRISTMAS TREE 120CM,1366.48,406.0,103,23,2155
84685,BEACH HUT KEY CABINET,1366.17,435.0,125,46,2156
23546,WRAP PAISLEY PARK,1365.0,3250.0,120,106,2157
84665,SQUARE CHERRY BLOSSOM CABINET,1364.7,226.0,47,25,2158
22916,HERB MARKER THYME,1363.38,1962.0,249,135,2159
23221,REINDEER HEART DECORATION SILVER,1363.04,1536.0,145,85,2160
35649,VINTAGE BEAD COSMETIC BAG,1362.9,1826.0,53,20,2161
21285,RETROSPOT CANDLE  MEDIUM,1362.62,1007.0,99,56,2162
21530,DAIRY MAID TOASTRACK,1361.56,959.0,162,99,2163
84965B,,1359.95,27.0,4,3,2164
22269,EGG CUP NATURAL CHICKEN,1357.7,1521.0,204,107,2165
21684,SMALL MEDINA STAMPED METAL BOWL,1357.61,1696.0,104,65,2166
23469,CARD HOLDER LOVE BIRD SMALL,1355.24,332.0,72,61,2167
22050,PINK PAISLEY ROSE GIFT WRAP,1354.0,3300.0,115,100,2168
35962,,1351.78,581.0,92,52,2169
17129D,,1351.18,1125.0,39,12,2170
21059,PARTY INVITES DINOSAURS,1348.56,1596.0,221,158,2171
84466,,1348.36,1256.0,73,34,2172
20762,GREEN FERN SKETCHBOOK,1343.79,458.0,136,88,2173
21822,GLITTER CHRISTMAS TREE WITH BELLS,1343.7,1010.0,142,73,2174
22684,FRENCH BLUE METAL DOOR SIGN 9,1342.44,1012.0,162,81,2175
21190,PINK HEARTS PAPER GARLAND,1337.59,806.0,111,71,2176
20993,,1334.11,10967.0,32,23,2177
20780,BLACK EAR MUFF HEADPHONES,1333.96,231.0,98,35,2178
16235,RECYCLED PENCIL WITH RABBIT ERASER,1333.95,5827.0,310,124,2179
23061,VINTAGE EMBOSSED HEART,1332.68,1015.0,117,76,2180
21580,RABBIT  DESIGN  COTTON TOTE BAG,1329.63,542.0,172,76,2181
23538,WALL ART VINTAGE HEART,1329.54,331.0,32,25,2182
20933,YELLOW POT PLANT CANDLE,1329.49,505.0,52,38,2183
85032D,damaged,1327.68,1148.0,133,89,2184
21775,DECORATIVE FLORE BATHROOM BOTTLE,1326.29,874.0,277,63,2185
47593B,SCOTTIE DOGS BABY BIB,1325.97,2347.0,357,89,2186
21926,RED/CREAM STRIPE CUSHION COVER,1325.27,1009.0,147,90,2187
85032A,ROMANTIC IMAGES GIFT WRAP SET,1323.51,1441.0,161,103,2188
22924,FRIDGE MAGNETS LA VIE EN ROSE,1323.42,1500.0,95,69,2189
22918,HERB MARKER PARSLEY,1322.86,1925.0,249,135,2190
21738,COSY SLIPPER SHOES SMALL  RED,1322.63,422.0,131,89,2191
22701,PINK DOG BOWL,1320.57,675.0,158,65,2192
85200,,1319.09,1045.0,105,81,2193
22232,JIGSAW TOADSTOOLS 3 PIECE,1318.99,1109.0,158,96,2194
85135C,RED DRAGONFLY HELICOPTER,1317.92,162.0,111,57,2195
22051,BLUE SCANDINAVIAN PAISLEY WRAP,1317.5,3175.0,116,95,2196
85071B,RED CHARLIE+LOLA PERSONAL DOORSIGN,1316.48,2340.0,165,123,2197
22923,FRIDGE MAGNETS LES ENFANTS ASSORTED,1314.89,1583.0,90,70,2198
22977,DOLLY GIRL CHILDRENS EGG CUP,1313.86,999.0,140,101,2199
20760,GARDEN PATH POCKET BOOK,1313.66,5550.0,81,47,2200
84688,BEACH HUT DESIGN BLACKBOARD,1313.52,422.0,81,39,2201
23373,VINTAGE CHRISTMAS PAPER GIFT BAG,1313.39,1608.0,100,86,2202
35598D,PINK/WHITE CHRISTMAS TREE 60CM,1312.2,1727.0,103,43,2203
23405,HOME SWEET HOME 2 DRAWER CABINET,1311.48,252.0,70,54,2204
22481,BLACK TEA TOWEL CLASSIC DESIGN,1309.81,1272.0,219,132,2205
21277,FRENCH STYLE EMBOSSED HEART CABINET,1309.39,54.0,48,36,2206
21842,PINK HEART CANDY BUTTON CALCULATOR,1308.74,551.0,47,32,2207
20893,damages,1308.59,559.0,76,41,2208
20798,,1308.15,551.0,83,35,2209
21945,STRAWBERRIES  DESIGN FLANNEL,1307.1,1862.0,240,61,2210
22893,MINI CAKE STAND T-LIGHT HOLDER,1306.09,2721.0,182,70,2211
46776A,WOVEN BUBBLE GUM CUSHION COVER,1303.88,411.0,122,19,2212
21219,SET/4 BADGES BALLOON GIRL,1303.27,1013.0,176,77,2213
20738,,1301.72,1610.0,74,46,2214
21248,DOOR HANGER  MUM + DADS ROOM,1299.55,1043.0,158,106,2215
85170D,SET/6 PINK BIRD T-LIGHT CANDLES,1296.36,723.0,151,48,2216
22105,MIRROR MOSAIC GOBLET CANDLE HOLDER,1294.7,692.0,55,23,2217
79191C,RETRO PLASTIC ELEPHANT TRAY,1293.76,1619.0,157,107,2218
22267,EASTER DECORATION EGG BUNNY,1291.47,1472.0,117,91,2219
22181,SNOWSTORM PHOTO FRAME FRIDGE MAGNET,1291.38,1538.0,138,85,2220
85231G,amazon,1291.09,1480.0,259,139,2221
22258,FELT FARM ANIMAL RABBIT,1291.05,1342.0,131,69,2222
21880,RED RETROSPOT TAPE,1289.83,2483.0,329,123,2223
85006,SET 4 NURSERY DES ROUND BOXES,1289.31,3049.0,37,32,2224
84609,TALL ROCOCO CANDLE HOLDER,1289.24,143.0,38,23,2225
84569D,PACK 6 HEART/ICE-CREAM PATCHES,1287.54,1023.0,179,82,2226
85141,,1286.44,182.0,71,57,2227
85025C,PINK HEART SHAPE PHOTO FRAME,1285.91,720.0,125,73,2228
17091A,LAVENDER INCENSE IN TIN,1285.89,2085.0,117,78,2229
84559A,3D SHEET OF DOG STICKERS,1285.87,1378.0,270,107,2230
72818,,1283.13,2394.0,127,82,2231
46775E,CANDY POP CHUNKY KNITTED THROW,1282.9,101.0,51,8,2232
82613D,METAL SIGN CUPCAKE SINGLE HOOK,1281.86,1186.0,271,98,2233
22097,SWALLOW SQUARE TISSUE BOX,1281.75,2064.0,242,158,2234
22543,MINI JIGSAW BAKE A CAKE,1281.49,3247.0,118,72,2235
22214,CANDLE PLATE LACE WHITE,1279.79,549.0,92,43,2236
84816,damages,1278.35,33.0,20,18,2237
72800B,4 PURPLE FLOCK DINNER CANDLES,1276.78,985.0,91,52,2238
21425,SKULLS STORAGE BOX LARGE,1274.93,505.0,95,41,2239
21759,,1274.47,30.0,13,11,2240
23072,damages,1273.76,334.0,30,21,2241
16225,RATTLE SNAKE EGGS,1271.66,1520.0,165,90,2242
22268,check,1271.29,2554.0,236,117,2243
35648,VINTAGE BEAD PINK PURSE,1270.93,1041.0,143,48,2244
21549,,1270.39,547.0,51,36,2245
85163B,BLACK BAROQUE WALL CLOCK,1268.66,115.0,66,26,2246
21689,SILVER VANILLA  FLOWER CANDLE POT,1268.12,342.0,60,49,2247
20765,CHRYSANTHEMUM SKETCHBOOK,1265.06,442.0,146,96,2248
20777,CHRYSANTHEMUM NOTEBOOK,1262.7,3660.0,169,78,2249
40003,WHITE BAMBOO RIBS LAMPSHADE,1257.02,1150.0,60,34,2250
21063,PARTY INVITES JAZZ HEARTS,1256.27,1456.0,238,143,2251
21145,,1256.21,869.0,49,34,2252
77101A,,1255.97,1082.0,88,55,2253
22919,HERB MARKER MINT,1255.44,1800.0,248,136,2254
20825,,1255.08,361.0,7,5,2255
35957,SMALLFOLKART BAUBLE CHRISTMAS DEC,1254.9,3565.0,148,51,2256
20731,,1252.92,4142.0,73,40,2257
22999,TRAVEL CARD WALLET VINTAGE LEAF,1252.59,2894.0,222,108,2258
23511,EMBROIDERED RIBBON REEL EMILY,1252.01,571.0,98,83,2259
84967B,,1249.45,24.0,11,8,2260
85159A,"BLACK TEA,COFFEE,SUGAR JARS",1248.98,492.0,82,41,2261
22280,POCKET BAG PINK PAISELY BROWN SPOT,1248.74,877.0,158,79,2262
22062,,1248.15,761.0,126,68,2263
22389,PAPERWEIGHT SAVE THE PLANET,1245.52,647.0,92,74,2264
21752,GLASS CAKE STAND MIRRORED BASE,1244.81,77.0,37,28,2265
84989A,75 GREEN FAIRY CAKE CASES,1243.99,2194.0,193,95,2266
22808,SET OF 6 T-LIGHTS EASTER CHICKS,1243.88,420.0,83,58,2267
20707,CRAZY DAISY HEART DECORATION,1243.68,1613.0,199,48,2268
79066K,RETRO MOD TRAY,1242.96,1403.0,256,103,2269
79163,damaged,1240.83,1833.0,64,44,2270
23067,HANGING ENGRAVED METAL HEART,1236.66,294.0,78,63,2271
85162A,?,1234.27,607.0,20,14,2272
23138,SINGLE WIRE HOOK IVORY HEART,1231.51,879.0,82,60,2273
84910A,PINK PAISLEY CUSHION COVER,1230.39,432.0,53,37,2274
21438,,1229.82,373.0,36,33,2275
23539,WALL ART LOVES' SECRET,1227.95,247.0,41,32,2276
22921,HERB MARKER CHIVES,1226.72,1771.0,220,121,2277
85135B,,1226.51,151.0,115,67,2278
21253,SET OF PICTURE FRAME  STICKERS,1225.17,332.0,122,41,2279
16046,TEATIME PEN CASE & PENS,1223.5,10056.0,59,44,2280
22290,,1223.02,670.0,78,60,2281
84660C,,1221.96,756.0,113,29,2282
23142,IVORY WIRE KITCHEN ORGANISER,1220.82,121.0,40,34,2283
22216,T-LIGHT HOLDER WHITE LACE,1215.83,1396.0,116,48,2284
23598,PAPER BUNTING VINTAGE PARTY,1215.53,427.0,47,40,2285
21490,,1210.6,637.0,55,36,2286
22233,JIGSAW RABBIT AND BIRDHOUSE,1210.11,949.0,164,112,2287
84823,DANISH ROSE FOLDING CHAIR,1210.0,120.0,29,29,2288
84687,BEACH HUT SHELF W 3 DRAWERS,1208.06,314.0,73,43,2289
22265,EASTER DECORATION NATURAL CHICK,1207.8,1843.0,168,107,2290
84596E,,1205.61,1154.0,218,90,2291
21396,RED SPOTTY EGG CUP,1205.25,948.0,77,45,2292
23071,damages,1205.1,315.0,19,16,2293
20771,CHRYSANTHEMUM  JOURNAL,1201.68,606.0,140,91,2294
21904,,1201.52,757.0,145,103,2295
21130,damaged,1200.93,721.0,49,29,2296
22256,FELT FARM ANIMAL CHICKEN,1200.07,933.0,119,78,2297
23444,Next Day Carriage,1200.0,79.0,79,63,2298
84658,WHITE STITCHED CUSHION COVER,1199.66,214.0,64,50,2299
21883,STARS GIFT TAPE,1199.48,2348.0,226,132,2300
23026,DRAWER KNOB VINTAGE GLASS STAR,1198.96,556.0,62,43,2301
22403,MAGNETS PACK OF 4 VINTAGE LABELS,1195.89,1715.0,212,137,2302
84830,,1195.15,113.0,7,7,2303
85129D,BEADED CRYSTAL HEART PINK SMALL,1193.56,793.0,168,59,2304
84625A,PINK NEW BAROQUECANDLESTICK CANDLE,1193.0,838.0,81,40,2305
22102,MIRROR MOSAIC T-LIGHT HOLDER,1191.69,1842.0,59,35,2306
72232,FENG SHUI PILLAR CANDLE,1190.92,6268.0,118,72,2307
84750A,,1189.23,544.0,105,42,2308
47503E,,1186.9,6842.0,25,21,2309
20934,SET/3 POT PLANT CANDLES,1185.07,197.0,74,44,2310
84815,SET OF 3 DANISH ROSE PLANTERS,1183.82,926.0,53,34,2311
22761,CHEST 7 DRAWER MA CAMPAGNE,1182.78,48.0,34,27,2312
21806,,1179.43,2707.0,128,95,2313
21312,,1179.17,299.0,26,19,2314
23041,PAPER LANTERN 9 POINT SNOW STAR,1178.48,272.0,54,46,2315
85130A,,1176.29,685.0,86,59,2316
23225,CHERUB HEART DECORATION SILVER,1176.17,1355.0,88,46,2317
84674,FLYING PIG WATERING CAN,1175.93,460.0,106,67,2318
22252,BIRDCAGE DECORATION TEALIGHT HOLDER,1175.56,956.0,113,85,2319
72819,CUPID DESIGN SCENTED CANDLES,1174.01,694.0,92,59,2320
23523,WALL ART TREASURE AHOY,1173.81,360.0,41,35,2321
21393,,1172.81,5244.0,43,34,2322
23431,NATURAL HANGING QUILTED HEARTS,1171.23,1449.0,72,63,2323
22048,BIRTHDAY BANQUET GIFT WRAP,1166.3,2815.0,102,93,2324
23418,LAVENDER TOILETTE BOTTLE,1166.0,557.0,79,55,2325
23515,EMBROIDERED RIBBON REEL DAISY,1164.98,579.0,71,58,2326
84313B,Damaged,1164.04,227.0,83,24,2327
21650,ASSORTED TUTTI FRUTTI BRACELET,1163.8,3204.0,197,84,2328
23508,MINI PLAYING CARDS DOLLY GIRL,1163.45,2627.0,120,95,2329
21649,ASSORTED TUTTI FRUTTI PHOTO FRAME,1162.89,421.0,29,19,2330
37475,SET/4 COLOURFUL MIXING BOWLS,1160.56,116.0,72,45,2331
22253,,1158.28,964.0,86,62,2332
21763,,1157.9,43.0,17,15,2333
23566,EGG CUP MILKMAID HEIDI,1156.93,881.0,83,44,2334
23507,MINI PLAYING CARDS BUFFALO BILL,1155.67,2882.0,119,91,2335
23269,SET OF 2 CERAMIC CHRISTMAS TREES,1152.98,779.0,94,63,2336
22264,FELT FARM ANIMAL WHITE BUNNY,1152.22,2014.0,168,80,2337
84847,,1149.73,2330.0,49,32,2338
22806,SET OF 6 T-LIGHTS WEDDING CAKE,1149.02,430.0,57,42,2339
22814,CARD PARTY GAMES,1147.77,2728.0,295,101,2340
23402,HOME SWEET HOME 3 PEG HANGER,1147.28,296.0,68,47,2341
21261,GREEN GOOSE FEATHER CHRISTMAS TREE,1146.12,283.0,77,37,2342
21316,,1146.11,693.0,47,33,2343
22615,PACK OF 12 CIRCUS PARADE TISSUES,1145.88,3718.0,188,110,2344
72598,SET/12 TAPER CANDLES,1145.76,1244.0,158,74,2345
37482B,CUBIC MUG BLUE POLKA DOT,1145.26,1252.0,10,5,2346
22040,BOTANICAL ROSE GIFT WRAP,1144.3,2815.0,94,82,2347
20932,PINK POT PLANT CANDLE,1143.97,333.0,81,54,2348
84750B,,1142.02,609.0,78,43,2349
22718,CARD CAT AND TREE,1141.36,2605.0,264,114,2350
21366,MIRRORED WALL ART PHOTO FRAMES,1140.0,238.0,77,24,2351
85124C,GREEN JUICY FRUIT PHOTO FRAME,1139.07,429.0,123,51,2352
85110,,1138.04,11520.0,23,17,2353
21942,SKULLS DESIGN FLANNEL,1136.28,1672.0,221,41,2354
37424,,1134.68,5249.0,108,28,2355
22230,JIGSAW TREE WITH WATERING CAN,1134.64,1657.0,193,96,2356
22715,CARD WEDDING DAY,1133.93,2717.0,218,125,2357
85118,,1133.68,2054.0,81,55,2358
22598,CHRISTMAS MUSICAL ZINC TREE,1131.85,1790.0,144,82,2359
21555,CERAMIC STRAWBERRY TRINKET TRAY,1131.37,425.0,134,38,2360
21413,PERIWINKLE T-LIGHT HOLDER,1131.14,3162.0,52,25,2361
23506,MINI PLAYING CARDS SPACEBOY,1129.12,2723.0,146,114,2362
20622,VIP PASSPORT COVER,1127.59,582.0,128,59,2363
22255,FELT TOADSTOOL  SMALL,1127.11,1185.0,142,73,2364
21040,,1125.85,894.0,68,43,2365
20700,GREEN CAT FLORAL CUSHION COVER,1125.05,420.0,103,11,2366
20832,RED FLOCK LOVE HEART PHOTO FRAME,1122.65,1681.0,158,86,2367
85136A,YELLOW SHARK HELICOPTER,1121.28,138.0,106,64,2368
85224,,1120.96,2004.0,61,35,2369
84559B,3D SHEET OF CAT STICKERS,1119.09,1231.0,220,97,2370
23510,MINI PLAYING CARDS GYMKHANA,1118.8,2521.0,120,90,2371
23411,TRELLIS COAT RACK,1118.61,227.0,56,42,2372
17096,,1117.09,6240.0,76,25,2373
21010,,1114.76,850.0,83,62,2374
23513,EMBROIDERED RIBBON REEL SUSIE,1114.26,566.0,70,59,2375
47504H,ENGLISH ROSE SPIRIT LEVEL,1113.07,1028.0,140,81,2376
20669,RED HEART LUGGAGE TAG,1111.89,797.0,214,103,2377
23433,HANGING QUILTED PATCHWORK APPLES,1108.58,1258.0,89,76,2378
84678,,1108.28,565.0,81,52,2379
84631,FRUIT TREE AND BIRDS WALL PLAQUE,1106.16,288.0,50,19,2380
21944,KITTENS DESIGN FLANNEL,1106.01,1789.0,204,53,2381
21666,RIDGED GLASS T-LIGHT HOLDER,1105.15,1760.0,85,49,2382
22116,METAL SIGN HIS DINNER IS SERVED,1103.88,823.0,198,96,2383
21202,DOLLY HONEYCOMB GARLAND,1103.48,854.0,66,53,2384
84638,SMALL KITCHEN FLOWER POTS PLAQUE,1101.55,400.0,69,27,2385
22532,MAGIC DRAWING SLATE LEAP FROG,1101.1,2862.0,175,130,2386
23375,50'S CHRISTMAS PAPER GIFT BAG,1100.69,1342.0,103,85,2387
47587A,,1099.88,2706.0,26,7,2388
22709,WRAP WEDDING DAY,1099.58,2799.0,77,68,2389
21131,GOLD STANDING GNOME,1098.86,276.0,49,18,2390
21779,,1097.8,301.0,22,21,2391
84358,FLOOR LAMP SHADE WOOD BASE,1097.48,121.0,29,11,2392
85212,MINI PAINTED GARDEN DECORATION,1096.56,2831.0,121,82,2393
37479B,,1095.85,1253.0,32,20,2394
20892,,1095.35,102.0,38,21,2395
22997,TRAVEL CARD WALLET UNION JACK,1094.93,2545.0,222,101,2396
20867,PINK ROSE FABRIC MIRROR,1093.14,1098.0,153,68,2397
85131D,BEADED CRYSTAL HEART PINK ON STICK,1092.71,1443.0,267,25,2398
85093,CANDY SPOT EGG WARMER HARE,1091.21,1361.0,152,57,2399
23087,ZINC  HEART T-LIGHT HOLDER,1090.66,868.0,69,43,2400
20755,BLUE PAISLEY POCKET BOOK,1089.73,5145.0,122,74,2401
23432,PRETTY HANGING QUILTED HEARTS,1088.36,1276.0,74,65,2402
85124A,,1087.73,387.0,104,43,2403
84791,,1086.13,334.0,106,66,2404
21839,,1085.59,201.0,83,71,2405
72815,,1083.36,282.0,70,53,2406
20615,BLUE POLKADOT PASSPORT COVER,1077.81,637.0,195,59,2407
23347,I LOVE LONDON BEAKER,1077.3,860.0,97,51,2408
21817,check,1077.19,1687.0,130,102,2409
21632,,1076.22,132.0,53,30,2410
23102,SILVER HEARTS TABLE DECORATION,1075.03,1274.0,157,128,2411
21850,BLUE  DIAMANTE PEN IN GIFT BOX,1072.98,447.0,106,29,2412
21758,,1069.76,135.0,79,34,2413
85126,,1069.16,156.0,34,22,2414
21827,,1068.89,835.0,134,89,2415
84247E,PACK OF 12 CHRISTMAS FUN CARDS,1064.05,376.0,96,68,2416
23331,DECORATIVE WICKER HEART SMALL,1062.28,1596.0,109,67,2417
22860,EASTER TIN CHICKS PINK DAISY,1060.85,612.0,111,85,2418
21815,STAR  T-LIGHT HOLDER,1060.24,679.0,92,58,2419
72800F,,1060.19,822.0,67,51,2420
22856,ASSORTED EASTER DECORATIONS  BELLS,1059.85,877.0,32,25,2421
23033,DRAWER KNOB CERAMIC RED,1058.9,714.0,74,42,2422
85008,,1058.72,269.0,99,77,2423
22995,TRAVEL CARD WALLET SUKI,1058.64,2381.0,266,90,2424
23516,EMBROIDERED RIBBON REEL SOPHIE,1058.6,296.0,42,39,2425
85163A,WHITE BAROQUE WALL CLOCK,1058.17,103.0,57,35,2426
35651,VINTAGE BEAD PINK SCARF,1057.62,459.0,63,32,2427
85179B,,1056.6,246.0,45,33,2428
16047,,1054.7,10612.0,31,21,2429
21825,,1053.19,733.0,75,62,2430
84908B,,1052.29,435.0,35,2,2431
85078,SCANDINAVIAN 3 HEARTS NAPKIN RING,1052.02,2258.0,162,63,2432
37327,adjustment,1051.69,1739.0,88,42,2433
20783,HEART EAR MUFF HEADPHONES,1051.4,165.0,55,20,2434
23327,HANGING CLEAR MINI BOTTLE,1051.14,1734.0,41,33,2435
84965A,PINK KASHMIRI COFFEE TABLE,1050.0,20.0,3,2,2436
85160B,BLACK BIRD GARDEN DESIGN MUG,1048.83,6156.0,37,28,2437
22857,ASSORTED EASTER GIFT TAGS,1048.28,1230.0,66,60,2438
84985A,SET OF 72 GREEN PAPER DOILIES,1047.93,654.0,161,95,2439
22821,GIFT BAG PSYCHEDELIC APPLES,1047.45,1660.0,186,83,2440
72750B,,1047.2,496.0,39,31,2441
85144,,1046.85,287.0,70,61,2442
22511,RETROSPOT BABUSHKA DOORSTOP,1046.66,397.0,111,90,2443
21061,PARTY INVITES FOOTBALL,1046.56,1396.0,163,104,2444
84707A,SILVER JEWELLED MIRROR TRINKET TRAY,1045.88,125.0,64,36,2445
84908A,,1045.16,432.0,36,4,2446
46775A,BUBBLE GUM CHUNKY KNITTED THROW,1044.23,83.0,32,3,2447
23419,HOME SWEET HOME BOTTLE,1043.72,473.0,86,56,2448
22134,MINI LADLE LOVE HEART RED,1043.58,2354.0,298,80,2449
35646,VINTAGE BEAD PINK EVENING BAG,1043.44,642.0,104,37,2450
18007,ESSENTIAL BALM 3.5g TIN IN ENVELOPE,1043.22,11396.0,72,40,2451
84405A,S/3 PINK COL METAL BASKET W HANDLE,1042.16,129.0,50,40,2452
22266,EASTER DECORATION HANGING BUNNY,1040.11,2542.0,161,101,2453
20671,,1038.72,786.0,143,70,2454
21269,ANTIQUE CREAM CUTLERY SHELF,1036.84,114.0,65,52,2455
21725,SWEETIES  STICKERS,1036.43,1135.0,173,81,2456
23088,ZINC HEART FLOWER T-LIGHT HOLDER,1033.28,795.0,79,52,2457
21664,RIDGED GLASS STORAGE JAR CREAM LID,1031.07,258.0,67,44,2458
84686,,1027.79,389.0,76,33,2459
20652,BLUE POLKADOT LUGGAGE TAG,1027.29,1516.0,172,73,2460
23545,WRAP RED VINTAGE DOILY,1025.6,2480.0,84,76,2461
85104,????damages????,1024.49,351.0,56,40,2462
84625C,,1024.15,770.0,71,29,2463
82616C,MIDNIGHT GLAMOUR SCARF KNITTING KIT,1024.1,632.0,142,57,2464
21417,COCKLE SHELL DISH,1023.9,502.0,118,41,2465
35923,CANDY HEART HANGING DECORATION,1023.77,1545.0,112,51,2466
22247,BUNNY DECORATION MAGIC GARDEN,1022.79,1184.0,182,86,2467
85180B,PINK HEARTS LIGHT CHAIN,1022.16,364.0,67,29,2468
23452,HEART MINI PORTRAIT FRAME,1021.76,518.0,87,69,2469
23153,ZINC SWEETHEART WIRE LETTER RACK,1020.69,263.0,90,67,2470
82613B,"METAL SIGN,CUPCAKE SINGLE HOOK",1020.61,910.0,234,73,2471
72800D,4 BLUE DINNER CANDLES SILVER FLOCK,1020.21,631.0,86,50,2472
22717,CARD DOG AND BALL,1018.42,2405.0,215,118,2473
20839,FRENCH PAISLEY CUSHION COVER,1018.11,633.0,118,53,2474
84923,PINK BUTTERFLY HANDBAG W BOBBLES,1017.64,234.0,150,5,2475
85031C,,1017.48,481.0,106,23,2476
21814,HEART T-LIGHT HOLDER,1016.53,670.0,95,59,2477
84596L,BISCUITS SMALL BOWL LIGHT BLUE,1016.42,1537.0,256,78,2478
23544,WALL ART MID CENTURY MODERN,1015.78,164.0,20,17,2479
22049,damaged,1015.75,3500.0,114,95,2480
22420,LIPSTICK PEN BABY PINK,1014.75,2111.0,234,111,2481
84709B,,1014.48,176.0,86,32,2482
20619,TROPICAL PASSPORT COVER,1014.42,578.0,194,46,2483
20730,,1011.7,2218.0,102,34,2484
72586,SET OF 6 HALLOWEEN GHOST T-LIGHTS,1010.1,2303.0,183,95,2485
23107,WHITE HEARTS WIRE PLANT POT HOLDER,1009.51,359.0,73,60,2486
21084,SET/6 COLLAGE PAPER CUPS,1008.81,2929.0,223,113,2487
47589,,1008.73,183.0,76,59,2488
84905,,1007.91,269.0,105,19,2489
84929,ASSTD FRUIT+FLOWERS FRIDGE MAGNETS,1007.52,3096.0,93,82,2490
23460,SWEETHEART WALL TIDY,1007.08,108.0,43,41,2491
22643,SET OF 4 NAPKIN CHARMS LEAVES,1006.24,464.0,96,72,2492
47310M,SMALL POP BOX FUNKY MONKEY,1004.94,746.0,172,37,2493
21836,,1003.89,249.0,100,77,2494
23281,FOLDING BUTTERFLY MIRROR RED,1000.82,1280.0,101,56,2495
23121,PACK OF 6 COCKTAIL PARASOL STRAWS,1000.44,2501.0,111,81,2496
84907,PINK YELLOW PATCH CUSHION COVER,999.17,391.0,36,12,2497
21427,SKULLS STORAGE BOX SMALL,999.06,507.0,119,55,2498
23533,WALL ART GARDEN HAVEN,998.64,215.0,36,27,2499
21127,,998.03,297.0,48,25,2500
21250,SET OF SKULL WALL STICKERS,997.55,402.0,60,47,2501
23517,EMBROIDERED RIBBON REEL REBECCA,996.38,334.0,63,50,2502
20705,MRS ROBOT SOFT TOY,996.19,273.0,53,47,2503
20782,CAMOUFLAGE EAR MUFF HEADPHONES,995.48,155.0,87,39,2504
84918,CREAM CUSHION COVER WITH FLOWERS,995.12,208.0,63,15,2505
85170C,SET/6 EAU DE NIL BIRD T-LIGHTS,993.03,543.0,107,40,2506
20617,FIRST CLASS PASSPORT COVER,992.99,498.0,105,59,2507
72484,,991.38,1818.0,64,45,2508
21690,,990.84,258.0,82,65,2509
21721,CANDY SHOP  STICKER SHEET,990.5,1090.0,144,73,2510
84964B,,990.0,17.0,2,2,2511
21335,,989.62,42.0,28,17,2512
21636,MADRAS NOTEBOOK MEDIUM,985.74,1014.0,98,74,2513
21303,,985.54,96.0,30,24,2514
85025B,EAU DE NILE HEART SHAPE PHOTO FRAME,985.4,570.0,95,55,2515
35958,,984.63,1131.0,82,58,2516
17021,NAMASTE SWAGAT INCENSE,984.24,3720.0,76,45,2517
22529,MAGIC DRAWING SLATE GO TO THE FAIR,984.03,2437.0,155,114,2518
23380,PACK OF 12 VINTAGE DOILY TISSUES,983.5,2344.0,121,86,2519
35653,VINTAGE BEAD NOTEBOOK,982.53,311.0,113,42,2520
85019B,BLOSSOM  IMAGES NOTEBOOK SET,982.47,718.0,47,31,2521
23518,EMBROIDERED RIBBON REEL RACHEL,980.41,361.0,44,40,2522
20661,BLUE POLKADOT PURSE,980.06,898.0,123,37,2523
22108,PING! MICROWAVE PLATE,978.74,313.0,128,34,2524
82616B,FRAPPUCINO SCARF KNITTING KIT,977.55,606.0,126,57,2525
23514,EMBROIDERED RIBBON REEL SALLY,977.39,478.0,74,57,2526
21208,PASTEL COLOUR HONEYCOMB FAN,976.91,1078.0,120,65,2527
23512,EMBROIDERED RIBBON REEL ROSIE,975.24,500.0,57,46,2528
35599B,BLACK CHRISTMAS TREE 120CM,974.81,268.0,51,26,2529
71279,damages,972.11,293.0,78,34,2530
84800L,,970.79,650.0,38,32,2531
21562,HAWAIIAN GRASS SKIRT,970.28,678.0,73,47,2532
85018D,YULETIDE IMAGES S/6 PAPER BOXES,969.9,787.0,80,57,2533
78124,MAGAZINE RACK GEBRA ASSORTED,969.61,730.0,31,25,2534
22104,MIRROR MOSAIC CANDLE PLATE,968.08,1187.0,99,31,2535
85189,,967.95,1176.0,68,53,2536
72814,,967.92,266.0,54,42,2537
23183,MOTHER'S KITCHEN SPOON REST,967.17,226.0,84,45,2538
21299,,966.35,166.0,34,25,2539
20830,SILVER PHOTO FRAME,964.61,407.0,82,36,2540
90175A,WHITE GLASS CHUNKY CHARM BRACELET,964.45,107.0,62,20,2541
20773,,963.98,3339.0,117,78,2542
20774,,962.48,3484.0,119,68,2543
21691,SILVER VANILLA FLOWER CANDLE POT,960.99,249.0,72,56,2544
85197,,959.46,1669.0,74,63,2545
85130D,BEADED CRYSTAL HEART PINK LARGE,958.85,788.0,107,63,2546
72753B,,957.73,445.0,14,11,2547
21805,,957.63,2221.0,103,77,2548
22994,TRAVEL CARD WALLET RETROSPOT,956.94,2194.0,218,89,2549
84360,TABLE LAMP WHITE SHADE WOOD BASE,956.89,179.0,40,14,2550
22512,DOORSTOP RACING CAR DESIGN,956.17,384.0,71,54,2551
84664,,955.35,193.0,51,17,2552
85111,SILVER GLITTER FLOWER VOTIVE HOLDER,954.15,2907.0,77,50,2553
20758,ABSTRACT CIRCLES POCKET BOOK,953.42,5425.0,95,61,2554
85032B,BLOSSOM IMAGES GIFT WRAP SET,953.34,982.0,152,95,2555
84660b,BLACK STITCHED WALL CLOCK,952.66,752.0,67,26,2556
21060,PARTY INVITES BALLOON GIRL,952.55,1276.0,151,102,2557
20878,,952.51,737.0,85,61,2558
17012C,ORIGAMI LAVENDER INCENSE/CANDL SET,950.4,856.0,113,47,2559
21129,SILVER FISHING GNOME,949.44,124.0,60,24,2560
85124B,BLUE JUICY FRUIT PHOTO FRAME,948.7,355.0,104,45,2561
22953,BIRTHDAY PARTY CORDON BARRIER TAPE,948.55,760.0,119,76,2562
23540,WALL ART THE MAGIC FOREST,947.06,150.0,14,9,2563
37492B,BLUE YELLOW FLOWER PIGGY BANK,946.72,489.0,44,33,2564
21331,MOROCCAN BEATEN METAL DISH LARGE,946.68,110.0,30,23,2565
85032C,CURIOUS IMAGES GIFT WRAP SET,946.59,886.0,161,85,2566
21641,,946.31,1666.0,111,43,2567
20778,,944.36,3611.0,90,66,2568
85031A,ROMANTIC IMAGES SCRAP BOOK SET,943.44,477.0,102,36,2569
22143,,942.88,446.0,70,51,2570
20998,ROSE DU SUD OVEN GLOVE,942.26,324.0,127,52,2571
37482P,Damaged,941.01,669.0,85,50,2572
22096,PINK PAISLEY SQUARE TISSUE BOX,938.86,1667.0,180,129,2573
90147,CHUNKY SILVER NECKLACE PASTEL FLOWE,937.45,93.0,58,24,2574
84817,DANISH ROSE DECORATIVE PLATE,937.44,1059.0,79,70,2575
23178,JAM CLOCK MAGNET,936.89,327.0,68,50,2576
85121B,,936.74,86.0,48,27,2577
85226A,,933.07,1714.0,144,95,2578
47504E,,931.86,4387.0,48,31,2579
21726,MULTI HEARTS  STICKERS,930.99,1077.0,155,93,2580
23179,CLOCK MAGNET MUM'S KITCHEN,930.48,324.0,53,36,2581
21720,CAKE SHOP  STICKER SHEET,929.81,1068.0,112,73,2582
21014,SWISS CHALET TREE DECORATION,928.09,1850.0,189,91,2583
20831,GOLD PHOTO FRAME,927.96,474.0,79,34,2584
37330,BIG POLKADOT MUG,927.46,517.0,28,19,2585
20775,DAISY NOTEBOOK,926.54,3604.0,112,43,2586
23099,FRENCH CARRIAGE LANTERN,925.35,137.0,58,46,2587
72800C,4 PINK DINNER CANDLE SILVER FLOCK,924.84,660.0,78,49,2588
82607A,,923.72,663.0,159,65,2589
72529W,,923.05,465.0,48,39,2590
84341B,,922.18,1757.0,121,79,2591
22703,PINK CAT BOWL,921.81,513.0,165,57,2592
20903,VINTAGE KEEPSAKE BOX TRAVELOGUE,919.8,187.0,86,19,2593
22647,CERAMIC LOVE HEART MONEY BANK,919.63,1058.0,82,60,2594
85121C,RETRO LAUNDRY TUB PISTACHIO,918.91,98.0,53,39,2595
21702,No Stock,918.68,2636.0,8,5,2596
72045D,,918.65,539.0,6,3,2597
85130B,BEADED CRYSTAL HEART GREEN LARGE,918.33,911.0,83,50,2598
84600,NEW BAROQUE JEWELLERY BOX,918.27,108.0,52,31,2599
21264,WHITE GOOSE FEATHER TREE 60CM,917.85,391.0,68,51,2600
23338,EGG FRYING PAN RED,915.4,431.0,109,62,2601
85019A,ROMANTIC IMAGES NOTEBOOK SET,915.04,647.0,49,37,2602
21007,,914.67,1927.0,48,36,2603
23002,TRAVEL CARD WALLET SKULLS,914.37,2119.0,192,85,2604
21320,,913.34,398.0,56,31,2605
23413,DECORATIVE VINTAGE COFFEE  BOX,909.31,173.0,58,34,2606
84660A,WHITE STITCHED WALL CLOCK,907.96,867.0,56,34,2607
22707,WRAP MONSTER FUN,905.94,2157.0,83,70,2608
46000P,POLYESTER FILLER PAD 65CMx65CM,905.25,213.0,49,37,2609
46776C,WOVEN FROST CUSHION COVER,905.1,258.0,96,14,2610
23004,TRAVEL CARD WALLET PANTRY,903.16,2002.0,221,73,2611
21444,,902.03,291.0,36,18,2612
23532,WALL ART WORK REST AND PLAY,901.58,210.0,31,23,2613
22248,DECORATION  PINK CHICK MAGIC GARDEN,901.5,1013.0,173,77,2614
21318,,900.42,972.0,93,70,2615
21480,,899.52,285.0,57,35,2616
84820,DANISH ROSE TRINKET TRAYS,899.37,323.0,54,46,2617
20913,,898.72,314.0,43,26,2618
23502,PLAYING CARDS VINTAGE DOILY,896.41,714.0,94,80,2619
17109B,FLOWER FAIRY INCENSE LAVENDER,896.34,4542.0,17,13,2620
20941,FROG CANDLE,896.28,998.0,124,54,2621
85031B,BLOSSOM IMAGES SCRAP BOOK SET,896.09,496.0,85,25,2622
84760L,LARGE HANGING GLASS+ZINC LANTERN,896.0,560.0,1,1,2623
22936,BAKING MOULD ROSE WHITE CHOCOLATE,895.97,279.0,50,30,2624
23472,NINE DRAWER OFFICE TIDY,894.42,58.0,33,29,2625
21676,FLOWERS  STICKERS,893.72,1193.0,159,75,2626
84666,,892.7,226.0,33,13,2627
20759,CHRYSANTHEMUM POCKET BOOK,891.13,5777.0,63,35,2628
20757,RED DAISY POCKET BOOK,890.7,5347.0,78,49,2629
85194S,HANGING SPRING FLOWER EGG SMALL,889.46,1760.0,131,84,2630
21220,SET/4 BADGES DOGS,888.68,659.0,159,65,2631
21724,PANDA AND BUNNIES STICKER SHEET,888.34,996.0,178,81,2632
85214,,886.23,514.0,169,94,2633
84086C,PINK/PURPLE RETRO RADIO,884.75,297.0,88,25,2634
20991,,884.56,7084.0,32,12,2635
22164,STRING OF STARS CARD HOLDER,883.22,315.0,49,40,2636
84974,S/2 ZINC HEART DESIGN PLANTERS,879.55,89.0,57,52,2637
72799A,BLACK PILLAR CANDLE SILVER FLOCK,877.8,612.0,18,14,2638
23423,PANTRY 3 HOOK ROLLING PIN HANGER,876.9,219.0,66,47,2639
21185,,876.29,132.0,44,34,2640
21062,PARTY INVITES SPACEMAN,875.87,1053.0,136,102,2641
35598B,BLACK CHRISTMAS TREE 60CM,874.65,931.0,57,37,2642
90200C,BLUE SWEETHEART BRACELET,874.63,206.0,98,32,2643
20803,damages,874.46,1149.0,84,50,2644
21270,ANTIQUE CREAM CUTLERY CUPBOARD,874.43,76.0,51,24,2645
90200E,GREEN SWEETHEART BRACELET,873.97,209.0,91,36,2646
21338,,873.25,199.0,13,9,2647
84925F,PSYCHEDELIC WALL THERMOMETER,873.11,714.0,34,29,2648
85165,damages,872.76,90.0,58,9,2649
23479,WIRE EGG BASKET,872.38,113.0,44,35,2650
21293,MIRRORED DOVE WALL DECORATION,872.34,343.0,85,29,2651
21414,,870.89,1637.0,36,17,2652
21147,JINGLE BELLS TREE DECORATION,870.48,477.0,118,33,2653
23220,REINDEER HEART DECORATION GOLD,869.15,993.0,103,55,2654
84826,ASSTD DESIGN 3D PAPER STICKERS,869.08,1734.0,51,48,2655
17033,,867.84,3280.0,69,58,2656
17012B,ORIGAMI JASMINE INCENSE/CANDLE SET,867.45,721.0,126,43,2657
85166B,BLACK METAL BAROQUE PHOTO FRAME,864.1,510.0,38,28,2658
85161,ACRYLIC GEOMETRIC LAMP,863.85,51.0,32,16,2659
21255,,860.08,476.0,96,46,2660
84632,DECORATIVE HANGING SHELVING UNIT,859.25,15.0,11,8,2661
22486,PLASMATRONIC LAMP,856.4,104.0,40,22,2662
21635,,855.24,398.0,42,35,2663
84578,damages,854.91,222.0,112,67,2664
21478,,854.23,204.0,92,57,2665
84951B,SET OF 4 BLACK LOVEBIRD COASTERS,853.99,575.0,125,31,2666
82613C,"METAL SIGN,CUPCAKE SINGLE HOOK",852.49,783.0,199,56,2667
20756,GREEN FERN POCKET BOOK,851.56,5728.0,64,40,2668
35954,check,850.49,2181.0,111,58,2669
21376,LARGE  TALL CAMPHOR WOOD TOADSTOOL,849.91,183.0,46,35,2670
21458,2 PICTURE BOOK EGGS EASTER BUNNY,849.24,768.0,88,51,2671
84951A,SET OF 4 PISTACHIO LOVEBIRD COASTER,848.76,622.0,135,37,2672
20897,VINTAGE NOTEBOOK PARIS DAYS,848.7,351.0,75,29,2673
22547,MINI JIGSAW DINOSAUR,846.82,1980.0,189,84,2674
22229,BUNNY WOODEN PAINTED WITH FLOWER,845.3,1007.0,185,101,2675
22820,GIFT BAG BIRTHDAY,845.13,1353.0,110,67,2676
90161C,ANT COPPER LIME BOUDICCA BRACELET,843.91,169.0,100,28,2677
37423,,843.88,6168.0,70,17,2678
20936,FORKED CACTUS CANDLE,843.39,333.0,76,42,2679
21300,,841.7,53.0,12,11,2680
21128,GOLD FISHING GNOME,841.63,126.0,57,22,2681
23564,EGG CUP MILKMAID INGRID,841.31,644.0,76,39,2682
84782A,,840.45,119.0,26,24,2683
23551,PACK OF 12 PAISLEY PARK TISSUES,839.84,1840.0,136,88,2684
79342B,"Unsaleable, destroyed.",838.52,120.0,35,22,2685
85231L,,838.35,1039.0,116,81,2686
17039,,837.88,3707.0,43,20,2687
84762B,,837.77,113.0,48,19,2688
21552,,837.6,165.0,35,25,2689
85071C,"CHARLIE+LOLA""EXTREMELY BUSY"" SIGN",837.23,1285.0,141,85,2690
40018E,,837.02,384.0,81,37,2691
85208,SET/12 FUNKY FELT FLOWER PEG IN BAG,836.94,420.0,87,56,2692
47563A,RETRO LONGBOARD IRONING BOARD COVER,836.62,343.0,151,39,2693
47367B,PAIR PADDED HANGERS PINK CHECK,834.95,242.0,95,35,2694
84849A,HELLO SAILOR BLUE SOAP HOLDER,833.57,470.0,103,52,2695
20776,,832.66,3258.0,84,50,2696
85196,,831.04,1564.0,71,59,2697
85213,,829.0,1378.0,80,48,2698
20894,HANGING BAUBLE T-LIGHT HOLDER LARGE,827.3,267.0,79,47,2699
23017,APOTHECARY MEASURING JAR,826.28,67.0,22,20,2700
85188A,GREEN METAL SWINGING BUNNY,824.97,944.0,105,67,2701
21551,,824.95,169.0,22,16,2702
22510,GINGHAM BABUSHKA DOORSTOP,821.57,316.0,90,70,2703
72801G,4 BURGUNDY WINE DINNER CANDLES,821.22,1333.0,67,43,2704
21654,Damaged,820.21,1183.0,82,53,2705
23186,FRENCH STYLE STORAGE JAR CAFE,819.46,1982.0,70,57,2706
21375,LARGE CAMPHOR WOOD FIELD MUSHROOM,817.6,134.0,61,26,2707
37494A,FAIRY CAKE CERAMIC BUTTER DISH,817.6,241.0,54,18,2707
22289,HANGING METAL CHICKEN DECORATION,817.48,764.0,76,45,2708
85187,S/12 MINI RABBIT EASTER,816.48,479.0,109,75,2709
23324,RUSTIC STRAWBERRY JAM POT LARGE,816.04,399.0,44,38,2710
23106,ZINC HEARTS PLANT POT HOLDER,815.59,291.0,53,49,2711
21719,LOVELY BONBON STICKER SHEET,813.14,906.0,141,69,2712
20833,SHAKER THROW  QUILTED,811.8,52.0,5,3,2713
21374,MIRRORED WALL ART SKULLS,809.67,470.0,71,57,2714
85145,JARDIN ETCHED GLASS LARGE BELL JAR,809.05,91.0,30,27,2715
20769,DAISY JOURNAL,808.81,438.0,79,48,2716
47594B,SCOTTIES DESIGN WASHBAG,808.39,408.0,122,67,2717
84922,PINK BUTTERFLY WASHBAG,808.22,342.0,17,9,2718
23022,SMALL BONNE JAM JAR  T-LIGHT HOLDER,808.16,422.0,22,19,2719
21454,PAINTED PINK RABBIT,807.6,937.0,194,78,2720
22344,PARTY PIZZA DISH PINK POLKADOT,807.32,1580.0,133,65,2721
20901,VINTAGE KEEPSAKE BOX PINK FLOWER,806.58,91.0,67,14,2722
84767,,806.22,195.0,6,4,2723
17012A,ORIGAMI VANILLA INCENSE/CANDLE SET,806.16,726.0,95,30,2724
22135,MINI LADLE LOVE HEART PINK,806.15,1624.0,317,58,2725
84920,PINK FLOWER FABRIC PONY,805.38,201.0,88,43,2726
37333,"RETRO ""TEA FOR ONE""",805.1,145.0,58,26,2727
21222,SET/4 BADGES BEETLES,804.65,621.0,133,70,2728
17107D,FLOWER FAIRY 5 DRAWER LINERS,803.25,315.0,86,68,2729
23409,PHOTO FRAME LINEN AND LACE LARGE,801.68,215.0,43,39,2730
85044,,801.4,149.0,40,26,2731
16011,ANIMAL STICKERS,799.32,3812.0,112,83,2732
22825,DECORATIVE PLANT POT WITH FRIEZE,799.02,100.0,38,32,2733
22408,MONEY BOX CONFECTIONERY DESIGN,798.67,650.0,95,72,2734
20699,MOUSEY LONG LEGS SOFT TOY,797.96,294.0,88,42,2735
21455,PAINTED YELLOW WOODEN DAISY,797.27,901.0,167,60,2736
20997,ROSE DU SUD CUSHION COVER,796.74,170.0,83,25,2737
22447,PIN CUSHION BABUSHKA BLUE,796.34,248.0,82,41,2738
22058,CERAMIC LOVE HEARTS DESIGN MUG,795.72,520.0,103,71,2739
23487,SWEET HEART CAKE CARRIER,795.58,80.0,44,41,2740
23521,WALL ART CAT AND BIRD,793.37,413.0,44,21,2741
84625D,,793.34,650.0,51,36,2742
35915C,,793.32,662.0,82,23,2743
47574A,check,792.73,573.0,129,44,2744
23519,EMBROIDERED RIBBON REEL CLAIRE,792.31,224.0,24,18,2745
85017A,,792.15,1157.0,174,45,2746
45008C,"dirty, torn, thrown away.",792.07,83.0,34,16,2747
23335,EGG FRYING PAN IVORY,790.78,377.0,96,62,2748
23568,EGG CUP HENRIETTA HEN CREAM,787.52,630.0,48,24,2749
72799C,PINK PILLAR CANDLE SILVER FLOCK,783.1,471.0,48,32,2750
84534B,,783.01,823.0,191,69,2751
20989,,782.18,407.0,57,29,2752
37461,,778.64,742.0,95,35,2753
21456,2 PICTURE BOOK EGGS EASTER CHICKS,776.05,738.0,65,42,2754
90200B,BLACK SWEETHEART BRACELET,775.45,183.0,84,28,2755
84029C,,773.97,205.0,49,27,2756
21015,DARK BIRD HOUSE TREE DECORATION,771.73,1700.0,186,80,2757
23115,RED APPLES CHOPPING BOARD,770.32,152.0,45,38,2758
21723,ALPHABET HEARTS STICKER SHEET,769.13,866.0,135,66,2759
20910,,769.12,106.0,47,11,2760
84761,,768.85,276.0,61,33,2761
21554,,767.75,167.0,22,17,2762
84712B,PINK JEWELLED PHOTO FRAME,767.16,98.0,60,29,2763
72755C,,767.0,592.0,14,12,2764
72750A,FLOWER FAIRY SET OF 3 LILY CANDLES,766.85,383.0,16,13,2765
35095B,RED VICTORIAN FABRIC OVAL BOX,766.64,1952.0,177,73,2766
23140,TRIPLE WIRE HOOK IVORY HEART,766.1,182.0,52,29,2767
16259,PIECE OF CAMO STATIONERY SET,766.09,5473.0,55,46,2768
22640,SET OF 4 NAPKIN CHARMS 3 KEYS,765.39,357.0,87,58,2769
16244B,,765.02,345.0,28,8,2770
84963A,PINK PAINTED KASHMIRI CHAIR,763.35,23.0,9,8,2771
23550,WRAP ALPHABET POSTER,763.1,1855.0,64,60,2772
35811A,ENAMEL PINK SUGAR CONTAINER,762.97,434.0,84,24,2773
23006,TRAVEL CARD WALLET FLOWER MEADOW,762.75,1758.0,173,88,2774
23458,DOLLY CABINET 3 DRAWERS,762.45,51.0,30,30,2775
84762C,GREEN PICNIC BARBECUE BUCKET,761.25,105.0,43,18,2776
23025,DRAWER KNOB VINTAGE GLASS BALL,760.8,350.0,54,40,2777
23123,COCKTAIL SWORDS 50 PIECES,759.57,935.0,95,64,2778
23282,FOLDING BUTTERFLY MIRROR IVORY,757.86,812.0,135,67,2779
21298,,755.8,52.0,14,14,2780
85135A,YELLOW DRAGONFLY HELICOPTER,754.59,94.0,63,40,2781
90209C,PINK ENAMEL+GLASS HAIR COMB,754.46,399.0,66,15,2782
47581B,,753.77,46.0,36,24,2783
22124,SET OF 2 TEA TOWELS PING MICROWAVE,751.93,298.0,132,29,2784
17165B,,751.68,810.0,57,43,2785
21194,PINK  HONEYCOMB PAPER FAN,751.5,578.0,95,51,2786
23124,18PC WOODEN CUTLERY SET DISPOSABLE,751.38,567.0,43,23,2787
84653,,750.48,14.0,12,8,2788
23223,CHRISTMAS TREE HANGING SILVER,750.19,801.0,88,51,2789
21344,MOROCCAN BEATEN METAL DISH,749.82,166.0,26,21,2790
90200A,PURPLE SWEETHEART BRACELET,749.69,177.0,99,32,2791
84615,,748.48,240.0,21,13,2792
35647,VINTAGE BEAD PINK SHADE,748.24,563.0,74,19,2793
84620,BLUE GINGHAM ROSE CUSHION COVER,746.61,121.0,50,41,2794
84663A,,746.39,373.0,64,34,2795
84842,HELLO SAILOR BATHROOM SET,744.15,1505.0,35,22,2796
21319,adjustment,743.61,508.0,65,44,2797
72800A,,743.26,674.0,46,19,2798
84689,S/2 BEACH HUT TREASURE CHESTS,742.9,312.0,40,29,2799
21377,SMALL CAMPHOR WOOD FIELD  MUSHROOM,742.56,518.0,98,37,2800
84821,DANISH ROSE DELUXE COASTER,742.5,1318.0,74,50,2801
23325,RUSTIC STRAWBERRY JAM POT SMALL,740.94,462.0,35,27,2802
21503,TOYBOX  WRAP,740.42,1801.0,64,57,2803
23114,VINTAGE LEAF CHOPPING BOARD,737.95,149.0,45,40,2804
85130C,BEADED CRYSTAL HEART BLUE  LARGE,737.89,659.0,68,51,2805
84033,FLAG OF ST GEORGE,735.38,392.0,49,41,2806
22638,SET OF 4 NAPKIN CHARMS CROWNS,735.23,405.0,74,56,2807
84715,,734.89,241.0,47,35,2808
90161B,ANT COPPER TURQ BOUDICCA BRACELET,734.16,147.0,76,21,2809
23454,THREE MINI HANGING FRAMES,733.2,174.0,52,41,2810
84708B,PINK JEWELLED PHOTO FRAME,732.79,142.0,53,36,2811
23435,3 RAFFIA RIBBONS VINTAGE CHRISTMAS,732.42,824.0,99,40,2812
ADJUST2,Adjustment by Peter on Jun 25 2010,731.05,3.0,3,3,2813
85131B,BEADED CRYSTAL HEART GREEN ON STICK,730.74,948.0,216,12,2814
90209B,,730.66,380.0,97,9,2815
47503F,,729.95,2567.0,11,10,2816
21378,SMALL TALL CAMPHOR WOOD TOADSTOOL,728.97,560.0,88,47,2817
84971l,LARGE HEART FLOWERS HOOK,728.43,587.0,59,37,2818
21443,,727.93,257.0,26,18,2819
23522,WALL ART DOG AND BALL,727.44,354.0,32,20,2820
20657,TROPICAL LUGGAGE TAG,726.47,1877.0,118,54,2821
21415,CLAM SHELL SMALL,726.16,348.0,82,41,2822
85230F,JASMINE VOTIVE CANDLE,725.7,2946.0,62,48,2823
35095A,BLUE VICTORIAN FABRIC OVAL BOX,725.56,1809.0,166,61,2824
23562,SET OF 6 RIBBONS PERFECTLY PRETTY,724.59,251.0,43,37,2825
85088,CANDY SPOT HAND BAG,723.85,347.0,78,38,2826
84595E,LARGE TORTILLA DESIGN RED BOWL,723.57,367.0,43,22,2827
84976,RECTANGULAR SHAPED MIRROR,722.76,674.0,56,40,2828
20701,,721.49,353.0,50,12,2829
10134,,721.13,625.0,52,44,2830
84684,,720.7,609.0,40,17,2831
85017C,adjustment,719.67,1087.0,119,44,2832
23222,CHRISTMAS TREE HANGING GOLD,718.53,799.0,75,49,2833
35951,,717.99,1352.0,46,35,2834
21001,ROSE DU SUD WASHBAG,717.8,141.0,90,29,2835
21026,SPACE OWL,716.73,549.0,124,48,2836
21457,2 PICTURE BOOK EGGS EASTER DUCKS,716.0,685.0,65,45,2837
21076,,714.55,843.0,92,60,2838
20850,,713.8,820.0,23,19,2839
35915B,BLUE KNITTED HEN,713.73,563.0,67,31,2840
21133,,712.91,410.0,42,38,2841
79030D,TUMBLER BAROQUE,711.64,1009.0,61,35,2842
23042,PAPER LANTERN 7 POINT SNOW STAR,711.51,103.0,28,25,2843
16015,MEDIUM CHINESE STYLE SCISSOR,711.38,1572.0,65,40,2844
20854,,711.37,441.0,107,66,2845
22345,PARTY PIZZA DISH BLUE POLKADOT,710.6,1466.0,128,62,2846
21221,SET/4 BADGES CUTE CREATURES,709.66,535.0,107,55,2847
23070,EDWARDIAN HEART PHOTO FRAME,709.54,160.0,44,29,2848
22100,SKULLS SQUARE TISSUE BOX,709.5,1005.0,127,71,2849
21365,MIRRORED WALL ART STARS,707.92,469.0,77,51,2850
21308,,705.9,132.0,6,3,2851
21265,PINK GOOSE FEATHER TREE 60CM,705.59,321.0,34,26,2852
21379,CAMPHOR WOOD PORTOBELLO MUSHROOM,705.46,641.0,125,43,2853
84952C,MIRROR LOVE BIRD T-LIGHT HOLDER,705.01,374.0,42,18,2854
21442,GREEN BIRDHOUSE DECORATION,704.97,973.0,136,66,2855
22641,SET OF 4 NAPKIN CHARMS INSTRUMENT,704.9,300.0,69,49,2856
22981,PANTRY APPLE CORER,704.13,471.0,105,58,2857
84869,damages,703.54,302.0,26,18,2858
20763,DAISY SKETCHBOOK,702.86,267.0,74,54,2859
84569A,PACK 3 IRON ON DOG PATCHES,702.42,562.0,112,59,2860
72801D,4 SKY BLUE DINNER CANDLES,701.15,656.0,122,33,2861
21740,,698.01,201.0,66,44,2862
85231E,STRAWBERRY SCENTED SET/9 T-LIGHTS,696.89,836.0,107,77,2863
84584,,696.75,282.0,75,47,2864
22036,,695.11,1649.0,135,77,2865
23187,check,695.06,2338.0,74,66,2866
20898,check,693.92,327.0,53,35,2867
72755D,,693.25,533.0,13,12,2868
72131,COLUMBIAN CANDLE RECTANGLE,692.28,748.0,56,42,2869
84993A,75 GREEN PETIT FOUR CASES,691.32,1522.0,207,88,2870
20862,PINK PATCH PENCIL CASE BLUE HEART,691.14,325.0,37,21,2871
72753A,S/3 FLWR FAIRY LILLY CANDLES,690.24,315.0,14,10,2872
35964,FOLKART CLIP ON STARS,689.76,1187.0,132,50,2873
84931B,BLUE SCOTTIE DOG W FLOWER PATTERN,688.73,274.0,83,44,2874
90161D,ANT COPPER PINK BOUDICCA BRACELET,687.52,138.0,75,18,2875
84917,,686.03,229.0,53,16,2876
85186A,EASTER BUNNY GARLAND OF FLOWERS,685.87,1473.0,159,76,2877
84563A,damaged,685.15,139.0,62,26,2878
72801C,4 ROSE PINK DINNER CANDLES,685.03,770.0,92,40,2879
37492D,,682.99,361.0,26,18,2880
47594A,CAROUSEL DESIGN WASHBAG,682.51,345.0,106,65,2881
23120,PACK OF 6 SMALL FRUIT STRAWS,682.39,1685.0,100,69,2882
85023B,EAU DE NILE JEWELLED PHOTOFRAME,682.35,293.0,38,32,2883
17165D,,682.32,716.0,89,62,2884
22033,BOTANICAL ROSE GREETING CARD,681.93,1603.0,128,80,2885
85084,,681.4,682.0,84,53,2886
21674,,680.85,43.0,9,8,2887
21386,IVORY HANGING DECORATION  EGG,680.78,1148.0,105,72,2888
17012F,ORIGAMI SANDLEWOOD INCENSE/CAND SET,680.65,586.0,107,38,2889
23597,PAPER BUNTING PAISLEY PARK,679.07,249.0,31,28,2890
62094B,,677.99,305.0,67,20,2891
84925D,,677.45,452.0,26,24,2892
90160C,TURQ+RED BOUDICCA LARGE BRACELET,677.0,97.0,45,25,2893
85096,HILDA CANDY SPOT RABBIT,676.92,164.0,66,42,2894
84824,DANISH ROSE UMBRELLA STAND,676.45,38.0,32,23,2895
23428,IVORY RETRO KITCHEN WALL CLOCK,675.91,77.0,33,25,2896
21847,GREEN  DIAMANTE PEN IN GIFT BOX,675.37,347.0,71,20,2897
82613A,Amazon,674.95,495.0,119,63,2898
20856,??,674.09,408.0,122,70,2899
37444C,,673.72,1654.0,54,14,2900
22034,ROBIN CHRISTMAS CARD,673.49,1617.0,94,71,2901
72023F,,669.62,640.0,49,34,2902
75013B,,669.62,390.0,76,48,2902
85205B,PINK FELT EASTER RABBIT GARLAND,669.38,241.0,61,36,2903
23024,LARGE BONNE JAM JAR  T-LIGHT HOLDER,667.85,255.0,11,8,2904
46776E,WOVEN CANDY CUSHION COVER,666.23,206.0,78,9,2905
85203,HANGING WOOD AND FELT BUTTERFLY,665.91,1463.0,224,94,2906
21879,HEARTS GIFT TAPE,664.84,1567.0,152,81,2907
21247,,664.73,422.0,81,44,2908
90082D,DIAMANTE BOW BROOCH BLACK COLOUR,664.35,103.0,51,28,2909
21750,LARGE SKULL WINDMILL,663.85,309.0,62,43,2910
21884,CAKES AND BOWS GIFT  TAPE,663.61,1448.0,161,61,2911
21197,MULTICOLOUR  CONFETTI IN TUBE,661.81,453.0,45,29,2912
23547,WRAP FLOWER SHOP,661.5,1575.0,62,57,2913
17109C,,661.23,3124.0,15,13,2914
90184C,BLACK CHUNKY BEAD BRACELET W STRAP,661.04,73.0,50,21,2915
23482,PEARLISED IVORY HEART LARGE,661.02,418.0,39,32,2916
85188B,PINK METAL SWINGING BUNNY,660.88,748.0,74,48,2917
21764,display stands,659.15,17.0,11,11,2918
16169K,WRAP FOLK ART,658.75,2075.0,60,56,2919
17012D,ORIGAMI ROSE INCENSE/CANDLE SET,658.72,520.0,116,41,2920
21263,GREEN GOOSE FEATHER TREE 60CM,658.29,299.0,56,39,2921
85186C,BUNNY EGG GARLAND,658.19,1400.0,152,75,2922
46776D,WOVEN SUNSET CUSHION COVER,658.07,153.0,76,7,2923
84986B,SET OF 36 SILVER PAPER DOILIES,656.94,438.0,80,58,2924
22056,,656.87,607.0,34,23,2925
85028S,FRENCH CHATEAU SMALL FRUITBOWL,656.82,430.0,33,29,2926
71403,"PINK/WHITE ""KEEP CLEAN"" BULLET BIN",656.05,176.0,69,20,2927
21441,BLUE BIRDHOUSE DECORATION,655.46,928.0,133,67,2928
22054,MINI CAKE STAND HANGING HEARTS,655.01,361.0,74,45,2929
85028L,FRENCH CHATEAU LARGE FRUIT BOWL,654.01,271.0,27,22,2930
85168B,BLACK BAROQUE CARRIAGE CLOCK,652.17,72.0,52,17,2931
35004P,,651.69,121.0,44,17,2932
85019C,Damaged,651.19,423.0,25,18,2933
37474,,651.05,63.0,44,33,2934
21307,SET/4 BUTTERFLY MIRROR MAGNETS,650.07,749.0,72,41,2935
20714,,649.82,1580.0,28,10,2936
23224,CHERUB HEART DECORATION GOLD,649.02,738.0,71,44,2937
20618,QUEEN OF THE SKIES PASSPORT COVER,648.54,297.0,137,50,2938
21003,ROSE DU SUD CUSHION COVER,647.75,109.0,64,10,2939
21350,,647.75,225.0,42,39,2939
17164B,ASS COL SMALL SAND GECKO P'WEIGHT,646.56,1620.0,81,64,2940
21134,,646.44,377.0,46,40,2941
84916,,646.43,261.0,58,28,2942
47597,,644.88,322.0,124,34,2943
23408,PHOTO FRAME LINEN AND LACE SMALL,644.8,310.0,59,53,2944
85215,Damaged,643.89,831.0,66,33,2945
17181,,642.66,353.0,65,26,2946
16169M,WRAP DAISY CARPET,640.95,2060.0,59,56,2947
17084N,FAIRY DREAMS INCENSE,640.26,2768.0,187,42,2948
84520D,,639.47,699.0,94,53,2949
84865,damaged,639.42,77.0,48,26,2950
21665,TRIANGULAR RIDGED GLASS POSY HOLDER,638.8,879.0,75,35,2951
84601A,,638.34,260.0,15,9,2952
84766,SILVER ROCOCO CANDLE STICK,638.0,200.0,27,24,2953
47592A,,637.37,331.0,101,31,2954
21816,CHRISTMAS TREE T-LIGHT HOLDER,637.34,422.0,50,34,2955
85185D,,636.11,195.0,66,38,2956
23492,VINTAGE JINGLE BELLS WREATH,635.38,76.0,28,24,2957
22391,PAPERWEIGHT HOME SWEET HOME,635.19,323.0,66,45,2958
84507C,adjustment,634.64,433.0,70,27,2959
23456,MEDIUM PARLOUR PICTURE FRAME,634.1,158.0,36,33,2960
20819,SILVER TEDDY BEAR,631.49,228.0,65,39,2961
23216,LAUREL HEART ANTIQUE GOLD,630.73,525.0,44,32,2962
84964A,,630.0,11.0,2,2,2963
23019,SMALL APOTHECARY MEASURING JAR,629.05,81.0,28,26,2964
85230E,Damaged,628.41,2445.0,66,44,2965
23027,DRAWER KNOB VINTAGE GLASS HEXAGON,627.95,295.0,30,26,2966
22263,FELT EGG COSY LADYBIRD,627.38,836.0,105,34,2967
22042,CHRISTMAS CARD SINGING ANGEL,627.19,1738.0,128,89,2968
84596J,,626.76,812.0,140,50,2969
16169N,WRAP BLUE RUSSIAN FOLKART,626.25,2025.0,56,52,2970
71101E,STANDING FAIRY POLE SUPPORT,626.13,777.0,47,34,2971
90184B,AMETHYST CHUNKY BEAD BRACELET W STR,625.48,69.0,47,23,2972
85218,No Stock,625.2,1992.0,2,2,2973
21004,ROSE DU SUD CHILDRENS APRON,625.07,137.0,70,40,2974
82616A,BUBBLE GUM SCARF KNITTING KIT,624.21,316.0,52,42,2975
85092,,622.57,391.0,24,14,2976
20694,FLORAL PINK MONSTER,622.33,166.0,54,23,2977
23425,STORAGE TIN HOME SWEET HOME,621.44,275.0,56,35,2978
23180,MUM'S KITCHEN CLOCK,621.09,122.0,49,29,2979
16156N,"WRAP, FRIENDSHIP ON GREEN",619.5,1475.0,56,51,2980
22043,dotcom,619.25,2197.0,125,86,2981
84707B,PINK JEWELLED MIRROR TRINKET TRAY,618.52,79.0,51,22,2982
20696,FLORAL SOFT CAR TOY,617.94,151.0,60,28,2983
23471,SIX DRAWER OFFICE TIDY,616.79,65.0,27,26,2984
23453,OVAL  MINI PORTRAIT FRAME,615.98,316.0,47,40,2985
72772,,615.84,457.0,9,8,2986
84952B,BLACK LOVE BIRD T-LIGHT HOLDER,615.49,364.0,44,15,2987
84932C,SMALL ORIENTAL BLUE FOLDING STOOL,615.4,282.0,34,31,2988
20689,,614.1,429.0,41,25,2989
84859A,SILVER DISCO HANDBAG,613.53,293.0,58,40,2990
47583A,,612.82,71.0,6,5,2991
22346,PARTY PIZZA DISH GREEN POLKADOT,612.61,1300.0,103,43,2992
37351,ORANGE FLOWER MUG,612.51,5404.0,11,7,2993
23018,LARGE APOTHECARY MEASURING JAR,612.16,51.0,21,19,2994
79315W,,611.51,199.0,13,6,2995
35972,check,611.38,440.0,87,43,2996
84858C,PINK RIVIERA HANDBAG,611.07,347.0,30,22,2997
22538,MINI JIGSAW GO TO THE FAIR,610.43,1443.0,86,56,2998
gift_0001_30,Dotcomgiftshop Gift Voucher £30.00,610.09,24.0,24,0,2999
90198A,VINTAGE ROSE BEAD BRACELET RASPBERR,609.43,144.0,84,21,3000
20655,QUEEN OF SKIES LUGGAGE TAG,608.48,414.0,189,55,3001
16012,FOOD/DRINK SPONGE STICKERS,608.01,2901.0,83,67,3002
84051,ASS COLOUR GLOWING TIARAS,607.98,746.0,60,50,3003
21173,,607.96,340.0,77,44,3004
20695,FLORAL BLUE MONSTER,604.58,142.0,61,24,3005
85169D,PINK LOVE BIRD CANDLE,603.98,521.0,88,39,3006
79190B,RETRO PLASTIC POLKA TRAY,603.08,1485.0,136,57,3007
21416,,603.06,751.0,22,15,3008
84247G,"DECOUPAGE,GREETING CARD,",602.67,1414.0,107,54,3009
84932A,,602.6,262.0,24,22,3010
20863,,601.53,293.0,50,35,3011
82095,HEART BUTTONS JEWELLERY BOX,600.91,100.0,48,21,3012
18094C,WHITE AND BLUE CERAMIC OIL BURNER,600.66,433.0,98,22,3013
23520,EMBROIDERED RIBBON REEL RUBY,600.55,167.0,32,30,3014
84876D,damaged,600.52,331.0,35,24,3015
85146,,599.38,118.0,29,23,3016
90143,SILVER BRACELET W PASTEL FLOWER,599.13,79.0,41,15,3017
17109D,Adjustment,598.31,1257.0,38,33,3018
21440,,597.56,472.0,95,72,3019
84682,,596.94,295.0,49,31,3020
82011C,BATHROOM SCALES FOOTPRINTS IN SAND,595.18,131.0,71,36,3021
82605,,595.07,268.0,125,65,3022
85117,,594.32,347.0,61,29,3023
47469,ASSORTED SHAPES PHOTO CLIP SILVER,594.28,1220.0,29,21,3024
72122,COFFEE SCENT PILLAR CANDLE,593.33,586.0,120,80,3025
16236,KITTY PENCIL ERASERS,593.29,2652.0,260,108,3026
20849,,593.03,674.0,24,15,3027
22092,BLUE PAISLEY TISSUE BOX,592.91,933.0,140,105,3028
62096A,PINK/YELLOW FLOWERS HANDBAG,592.79,383.0,89,47,3029
23377,PACK OF 12 DOLLY GIRL TISSUES,592.45,1351.0,133,69,3030
85113,,591.66,285.0,48,36,3031
21304,,591.58,86.0,18,16,3032
84963B,BLUE PAINTED KASHMIRI CHAIR,591.5,18.0,6,5,3033
20794,BLUE  TILE HOOK,591.02,212.0,48,27,3034
21322,,590.45,301.0,14,12,3035
84563B,damaged,590.04,128.0,59,27,3036
21256,,588.64,326.0,65,31,3037
21893,POTTING SHED SEED TIN,587.8,172.0,20,13,3038
21167,WHITE SAGE INCENSE,587.52,2440.0,114,32,3039
21223,SET/4 BADGES WOODLAND ANIMAL,587.08,492.0,43,33,3040
84934,,586.5,687.0,13,12,3041
23565,EGG CUP MILKMAID HELGA,586.31,410.0,63,28,3042
23499,SET 12 VINTAGE DOILY CHALK,586.23,1312.0,110,86,3043
90199C,5 STRAND GLASS NECKLACE CRYSTAL,585.29,99.0,31,24,3044
90195A,PURPLE GEMSTONE BRACELET,585.2,70.0,44,24,3045
84569C,,584.93,415.0,89,45,3046
21016,,582.85,834.0,82,58,3047
21553,,581.27,90.0,39,24,3048
23537,WALL ART I LOVE LONDON,581.13,111.0,34,20,3049
20781,GOLD EAR MUFF HEADPHONES,579.93,103.0,61,34,3050
20804,GLASS CHICKEN BUTTER DISH,579.31,325.0,61,21,3051
90010B,BLACK/WHITE GLASS/SILVER BRACELET,578.02,63.0,34,16,3052
21419,,577.69,1259.0,19,12,3053
35922,EASTER BUNNY WREATH,575.99,97.0,36,20,3054
23016,GLASS TWIST BON BON JAR,575.25,74.0,24,19,3055
23125,6PC WOOD PLATE SET DISPOSABLE,574.88,459.0,38,15,3056
84932D,,574.71,239.0,21,16,3057
20935,ROUND CACTUS CANDLE,574.48,300.0,46,35,3058
47421,ASSORTED COLOUR LIZARD SUCTION HOOK,572.7,1463.0,74,23,3059
17013D,ORIGAMI ROSE INCENSE IN TUBE,572.4,1068.0,31,17,3060
84675,FROG KING WATERING CAN,571.71,206.0,62,39,3061
84924A,WAKE UP COCKEREL CALENDAR SIGN,571.0,133.0,62,41,3062
16162L,THE KING GIFT BAG,570.43,8101.0,30,16,3063
85202,HANGING WOOD AND FELT HEART,570.09,1208.0,208,79,3064
23455,SMALL PARLOUR PICTURE FRAME,569.43,207.0,35,32,3065
85129A,,569.16,444.0,75,51,3066
85086A,,568.73,587.0,152,44,3067
23219,LAUREL STAR ANTIQUE SILVER,568.6,430.0,61,41,3068
84806B,WHITE CANDYSTUFT ARTIFICIAL FLOWER,568.02,450.0,32,28,3069
84846A,SCENTED CANDLE IN DIGITALIS TIN,567.55,251.0,54,39,3070
85119,,567.48,413.0,39,36,3071
16169C,damages,567.0,1350.0,43,42,3072
85169C,EAU DE NIL LOVE BIRD CANDLE,566.82,505.0,71,27,3073
20838,FRENCH LATTICE CUSHION COVER,565.8,446.0,63,36,3074
37444A,,563.43,2709.0,43,16,3075
23381,PACK OF 12 VINTAGE LEAF TISSUES,562.88,1496.0,80,59,3076
23272,TREE T-LIGHT HOLDER WILLIE WINKIE,562.22,364.0,44,34,3077
37345,,561.05,321.0,9,5,3078
85230B,CINNAMON SCENTED VOTIVE CANDLE,561.04,2120.0,68,49,3079
84773,,560.5,190.0,48,34,3080
16049,,560.48,3169.0,32,22,3081
16238,PARTY TIME PENCIL ERASERS,559.54,2447.0,236,104,3082
85090,CANDY SPOT APRON,559.28,106.0,53,26,3083
21160,,557.49,794.0,58,44,3084
84306,,557.48,48.0,31,18,3085
84569B,,557.18,433.0,76,54,3086
23069,EDWARDIAN PHOTO FRAME,556.21,88.0,32,27,3087
23451,SQUARE MINI PORTRAIT FRAME,556.17,277.0,52,38,3088
21371,MIRRORED WALL ART POPPIES,556.01,404.0,64,33,3089
21881,CUTE CATS TAPE,554.95,1332.0,118,49,3090
90120D,,554.13,134.0,40,16,3091
84859C,PINK DISCO HANDBAG,552.72,304.0,39,29,3092
23473,WOODLAND SMALL RED FELT HEART,552.02,678.0,51,41,3093
84805B,BLUE CLIMBING HYDRANGA ART FLOWER,551.4,340.0,9,7,3094
22044,CHRISTMAS CARD STACK OF PRESENTS,550.28,1940.0,89,80,3095
23457,LARGE PARLOUR PICTURE FRAME,549.88,112.0,31,27,3096
21373,MIRRORED WALL ART SNOWFLAKES,548.89,636.0,61,52,3097
85071D,CHARLIE+LOLA MY ROOM DOOR SIGN,548.86,884.0,112,78,3098
85091,CANDY SPOT BREAD BASKETS,548.81,343.0,20,14,3099
23549,WRAP BIRD GARDEN,548.1,1305.0,52,46,3100
20888,,547.74,367.0,19,10,3101
23484,HEART TRELLIS TRIPLE T-LIGHT HOLDER,547.35,185.0,35,25,3102
23074,EMBOSSED HEART TRINKET BOX,547.27,246.0,48,32,3103
21339,,544.5,30.0,12,12,3104
22394,PAPERWEIGHT KINGS CHOICE,544.29,346.0,55,43,3105
23043,PAPER LANTERN 9 POINT HOLLY STAR L,543.51,81.0,23,18,3106
84596K,JELLY BABIES YELLOW SMALL BOWL,543.41,428.0,93,48,3107
35969,,542.47,523.0,76,36,3108
47021G,SET/6 BEAD COASTERS GAUZE BAG GOLD,541.96,713.0,70,28,3109
84984B,RED PEONY CUSHION COVER,541.3,322.0,16,13,3110
84510C,SET OF 4 POLKADOT COASTERS,540.45,330.0,135,49,3111
20943,SET/6 GINGERBREAD STAR T-LIGHTS,540.21,381.0,71,46,3112
21311,SET/4 BIRD MIRROR MAGNETS,539.67,701.0,94,62,3113
85027L,,538.5,190.0,40,36,3114
16048,TEATIME ROUND PENCIL SHARPENER,537.06,3461.0,105,59,3115
84592,CROCHET ROSE PURSE WITH SUEDE BACK,536.4,173.0,47,33,3116
84414B,damaged,536.24,78.0,9,7,3117
21017,,535.89,659.0,87,32,3118
23398,HANGING HEART BONHEUR,535.35,606.0,69,53,3119
84661B,BLACK SQUARE TABLE CLOCK,535.18,244.0,52,21,3120
23660,HENRIETTA HEN MUG,534.66,306.0,42,30,3121
90203,,534.27,71.0,34,18,3122
21418,STARFISH SOAP DISH,533.84,194.0,66,24,3123
16169P,,533.75,1750.0,48,46,3124
20823,,533.71,253.0,19,14,3125
20659,ECONOMY LUGGAGE TAG,533.51,369.0,138,55,3126
85020,ROUND PINK HEART MIRROR,533.48,240.0,58,36,3127
85030,,531.45,211.0,29,26,3128
72267,PREMIUM CHURCH CANDLE,530.16,265.0,45,38,3129
21734,SMALL MARAKESH LANTERN ON STICK,529.49,97.0,29,14,3130
90160D,PINK BOUDICCA LARGE BRACELET,529.22,76.0,25,18,3131
21943,CAKES AND RABBITS DESIGN FLANNEL,529.16,591.0,149,37,3132
84799,,528.78,678.0,31,26,3133
20653,CHERRY BLOSSOM LUGGAGE TAG,528.77,2004.0,81,26,3134
23139,SINGLE WIRE HOOK PINK HEART,528.7,414.0,27,20,3135
16202B,,528.56,1039.0,22,13,3136
23060,HEART BEADED TRELLIS DECORATION,528.17,249.0,42,34,3137
90175D,TIGRIS EYE CHUNKY CHARM BRACELET,527.82,58.0,41,11,3138
21336,GOLD WASHBAG,527.56,1823.0,43,13,3139
71270,PHOTO CLIP LINE,525.4,370.0,81,29,3140
72728,,523.15,643.0,54,44,3141
21403,BLUE EGG  SPOON,523.07,2319.0,157,80,3142
84989B,,522.95,1019.0,63,34,3143
22861,EASTER TIN CHICKS IN GARDEN,522.93,305.0,50,36,3144
85179A,GREEN BITTY LIGHT CHAIN,522.85,219.0,72,24,3145
85226C,,522.31,989.0,83,54,3146
22407,MONEY BOX FIRST AID DESIGN,521.12,438.0,75,55,3147
21459,YELLOW EASTER EGG HUNT START POST,520.55,263.0,44,33,3148
23336,EGG FRYING PAN PINK,519.25,225.0,85,46,3149
BANK CHARGES,Bank Charges,519.24,34.0,33,19,3150
20793,,518.5,281.0,22,13,3151
35004S,SET OF 3 SILVER FLYING DUCKS,518.4,146.0,25,12,3152
20868,SILVER FABRIC MIRROR,518.07,882.0,71,40,3153
35810B,ENAMEL BLUE RIM COFFEE CONTAINER,517.71,325.0,68,43,3154
84657,GREEN ROSE CUSHION COVER,517.48,246.0,20,14,3155
84762A,,517.43,59.0,29,24,3156
84683,,516.85,537.0,46,18,3157
85039C,S/4 BLACK MINI ROSE CANDLE IN BOWL,516.31,536.0,114,27,3158
71143,ANTIQUE SILVER BOOK MARK WITH BEADS,514.45,349.0,99,10,3159
90114,SUMMER DAISIES BAG CHARM,514.18,205.0,111,19,3160
84931A,PINK SCOTTIE DOG W FLOWER PATTERN,513.69,204.0,82,42,3161
46118,FUNKY MONKEY CUSHION COVER,513.58,373.0,72,23,3162
16168M,FUNKY MONKEY GIFT BAG MEDIUM,512.38,1686.0,101,42,3163
23136,IVORY WIRE SWEETHEART LETTER TRAY,511.89,135.0,49,39,3164
84875B,GREEN SQUARE COMPACT MIRROR,511.01,373.0,40,16,3165
85129C,BEADED CRYSTAL HEART BLUE SMALL,510.23,390.0,65,37,3166
84782C,,509.9,74.0,18,18,3167
90058B,CRYSTAL STUD EARRINGS ASSORTED COL,509.08,1082.0,29,27,3168
20753,,509.0,218.0,56,30,3169
20654,FIRST CLASS LUGGAGE TAG,505.41,398.0,120,65,3170
37352,,504.55,4643.0,8,6,3171
84877B,GREEN ROUND COMPACT MIRROR,504.43,291.0,43,13,3172
22541,MINI JIGSAW LEAP FROG,503.92,1245.0,66,34,3173
84218,,503.51,261.0,96,74,3174
85169B,BLACK LOVE BIRD CANDLE,502.91,428.0,93,31,3175
85142,JARDIN ETCHED GLASS GINGER JAR,502.58,57.0,34,26,3176
20845,ZINC HEART LATTICE 2 WALL PLANTER,502.27,76.0,24,15,3177
21117,BLOND DOLL DOORSTOP,502.08,328.0,26,23,3178
79337,,502.03,1194.0,21,16,3179
90014A,SILVER M.O.P. ORBIT NECKLACE,502.01,55.0,40,18,3180
84804B,BLUE DELPHINIUM ARTIFICIAL FLOWER,501.97,355.0,19,17,3181
90010E,AMBER GLASS/SILVER BRACELET,501.65,56.0,35,16,3182
23117,POPPY FIELDS CHOPPING BOARD,501.23,93.0,45,39,3183
23021,GLASS BONNE JAM JAR,500.82,120.0,27,24,3184
20865,,500.49,251.0,33,24,3185
84706D,,500.19,219.0,16,14,3186
16219,HOUSE SHAPE PENCIL SHARPENER,499.55,3357.0,128,58,3187
21882,SKULLS TAPE,499.44,1052.0,119,61,3188
35471A,,499.31,421.0,83,41,3189
23560,SET OF 6 RIBBONS COUNTRY STYLE,499.18,172.0,26,20,3190
84247L,FAWN AND MUSHROOM GREETING CARD,498.21,1137.0,110,62,3191
20864,,498.14,252.0,29,20,3192
23466,TUSCAN VILLA DOVECOTE BIRD FEEDER,498.03,55.0,27,20,3193
23045,PAPER LANTERN 5 POINT STAR MOON,497.98,118.0,25,22,3194
35600D,PINK AND WHITE CHRISTMAS TREE 180CM,497.7,141.0,13,11,3195
85230A,OPIUM SCENTED VOTIVE CANDLE,497.04,1992.0,48,31,3196
22031,BOTANICAL LAVENDER BIRTHDAY CARD,493.99,1125.0,142,65,3197
84798B,,492.9,326.0,10,8,3198
16239,,492.17,347.0,21,13,3199
90160B,RED BOUDICCA LARGE BRACELET,490.92,71.0,29,19,3200
84827,ASS DES PHONE SPONGE CRAFT STICKER,489.79,1027.0,29,23,3201
35967,FOLK ART METAL STAR T-LIGHT HOLDER,488.51,936.0,112,50,3202
84876B,found,488.31,344.0,40,22,3203
21663,,488.16,76.0,32,21,3204
51020B,adjust,488.12,1084.0,60,40,3205
84875D,BLUE SQUARE COMPACT MIRROR,483.75,371.0,37,17,3206
23218,LAUREL STAR ANTIQUE GOLD,483.03,379.0,40,27,3207
22259,FELT FARM ANIMAL HEN,482.95,590.0,72,31,3208
23691,WRAP KEEP CALM BIRTHDAY,481.5,1175.0,38,36,3209
22038,BOTANICAL LAVENDER GIFT WRAP,481.0,1150.0,45,43,3210
16244A,,479.41,186.0,28,6,3211
23422,PANTRY HOOK BALLOON WHISK,477.89,213.0,47,29,3212
37492C,,477.3,242.0,24,19,3213
21132,SILVER STANDING GNOME,476.61,93.0,47,25,3214
72750C,,476.4,232.0,15,12,3215
23561,SET OF 6 RIBBONS PARTY,476.0,170.0,16,13,3216
85170B,SET/6 BLACK BIRD T-LIGHT CANDLES,475.91,283.0,58,19,3217
85109,PINK BOUDOIR T-LIGHT HOLDER,475.43,4211.0,20,17,3218
84809A,WHITE CHRYSANTHEMUMS ART FLOWER,474.84,276.0,21,18,3219
21536,DAIRY MAID  SMALL  MILK JUG,474.74,221.0,61,42,3220
85136B,,473.77,59.0,47,39,3221
40046A,RED DAISY PAPER LAMPSHADE,472.07,355.0,62,26,3222
84926E,FLOWERS TILE COASTER,471.57,1081.0,52,40,3223
20662,FIRST CLASS HOLIDAY PURSE,471.33,728.0,49,23,3224
84901,BLACK FACE LAMB WITH PANTS,471.13,123.0,74,44,3225
gift_0001_20,Dotcomgiftshop Gift Voucher £20.00,471.06,28.0,26,0,3226
21518,BANK ACCOUNT  GREETING  CARD,469.28,1107.0,109,58,3227
90192,JADE DROP EARRINGS W FILIGREE,469.18,94.0,53,10,3228
72799B,,467.71,322.0,16,7,3229
85211,,467.4,306.0,75,43,3230
35911A,MULTICOLOUR RABBIT EGG WARMER,466.69,388.0,96,38,3231
72225C,,466.38,1926.0,38,25,3232
23379,PACK OF 12 RED APPLE TISSUES,465.36,1220.0,76,49,3233
51020A,adjustment,463.31,1303.0,50,37,3234
90120C,GREEN MURANO TWIST BRACELET,462.32,109.0,58,12,3235
72132,COLUMBIAN CUBE CANDLE,462.15,549.0,28,22,3236
84972L,,462.15,117.0,46,41,3236
84984A,GREEN PEONY CUSHION COVER,462.12,266.0,17,12,3237
72789,,461.53,122.0,45,42,3238
85204,HANGING WOOD AND FELT FLOWER,460.9,2353.0,154,69,3239
90195B,BLACK GEMSTONE BRACELET,460.69,52.0,26,19,3240
84915,HAND TOWEL PINK FLOWER AND DAISY,459.56,234.0,37,15,3241
84948,,459.21,273.0,36,28,3242
47422,ASSORTED MONKEY SUCTION CUP HOOK,458.34,1177.0,66,28,3243
16207B,,457.65,265.0,46,12,3244
90145,SILVER HOOP EARRINGS WITH FLOWER,455.86,75.0,45,16,3245
90201B,BLACK ENAMEL FLOWER RING,454.31,154.0,54,14,3246
21757,LIGHTHOUSE PRINTED METAL SIGN,454.3,80.0,42,15,3247
84508B,STRIPES DESIGN TEDDY,453.76,169.0,74,40,3248
20621,,451.67,207.0,33,23,3249
23548,WRAP MAGIC FOREST,451.5,1075.0,43,42,3250
23509,MINI PLAYING CARDS FUN FAIR,451.46,1062.0,65,51,3251
90120B,BLUE MURANO TWIST BRACELET,451.44,107.0,42,17,3252
82081,,451.35,174.0,23,11,3253
84597C,,450.98,364.0,44,21,3254
20616,CHERRY BLOSSOM PASSPORT COVER,449.26,283.0,121,31,3255
16218,CARTOON  PENCIL SHARPENERS,448.13,4629.0,98,60,3256
17164D,,447.0,1150.0,28,26,3257
72127,COLUMBIAN CANDLE ROUND,445.94,366.0,65,49,3258
84857C,PINK MONTE CARLO HANDBAG,445.03,197.0,17,13,3259
90010A,MIDNIGHT BLUE GLASS/SILVER BRACELET,443.85,49.0,30,12,3260
72128,COLUMBIAN CANDLE ROUND,442.24,714.0,88,61,3261
62096B,,441.99,257.0,82,42,3262
90198B,VINTAGE ROSE BEAD BRACELET BLACK,441.9,104.0,49,22,3263
16243B,BROWN COZY SQUARE PHOTO ALBUM,441.77,212.0,8,1,3264
90154,LAZER CUT NECKLACE W PASTEL BEADS,439.65,59.0,7,6,3265
16161M,WRAP  PINK FLOCK,439.0,1050.0,39,36,3266
79030A,,438.25,171.0,33,18,3267
23023,RIDGED BONNE JAM JAR T-LIGHT HOLDER,437.82,274.0,25,23,3268
90013A,MIDNIGHT BLUE VINTAGE EARRINGS,434.27,115.0,77,8,3269
79071B,,433.7,142.0,66,51,3270
21027,NINJA RABBIT PINK,433.61,355.0,77,39,3271
84859B,BLUE DISCO HANDBAG,433.46,282.0,18,14,3272
84510F,,432.75,1099.0,38,23,3273
84798A,PINK FOXGLOVE ARTIIFCIAL FLOWER,432.45,195.0,10,9,3274
37464,,431.18,316.0,82,45,3275
84858B,,431.0,326.0,9,8,3276
23058,CHRISTMAS HANGING SNOWFLAKE,430.86,490.0,48,39,3277
20851,,429.57,335.0,28,21,3278
16045,POPART WOODEN PENCILS ASST,429.44,9312.0,74,65,3279
90013B,BLACK VINTAGE EARRINGS,428.92,104.0,79,5,3280
84966B,,428.0,33.0,4,3,3281
84422,Dagamed,427.95,782.0,38,19,3282
84801A,check,427.44,272.0,15,14,3283
85230G,ORANGE VOTIVE CANDLE,425.76,1680.0,46,32,3284
20715,,424.0,400.0,1,1,3285
21028,NINJA RABBIT BLACK,423.9,323.0,92,31,3286
45016,,423.73,101.0,25,8,3287
16207A,,423.53,143.0,76,17,3288
23044,PAPER LANTERN 9 POINT HOLLY STAR S,423.29,101.0,25,24,3289
21678,PAISLEY PATTERN  STICKERS,423.0,572.0,80,39,3290
16008,SMALL FOLDING SCISSOR(POINTED EDGE),422.96,3141.0,85,64,3291
21729,,422.9,124.0,30,19,3292
72801E,,422.32,776.0,28,19,3293
47579,,420.87,185.0,55,37,3294
46126A,ELVIS WALLHANGING / CURTAIN,419.99,317.0,48,23,3295
84967C,,419.85,9.0,4,3,3296
84770,,419.25,135.0,16,14,3297
72780,BLACK SILOUETTE CANDLE PLATE,418.18,514.0,44,36,3298
22032,BOTANICAL LILY GREETING CARD,418.12,980.0,111,64,3299
84532B,,417.58,54.0,31,21,3300
85097B,BLUE ROCKING SINGING CANARY,417.17,106.0,40,25,3301
72803B,,416.35,93.0,37,28,3302
35240,,416.01,49.0,39,35,3303
84529C,YELLOW KNITTED KIDS RUCKSACK,414.74,78.0,37,9,3304
22395,PAPERWEIGHT VINTAGE PAISLEY,413.76,234.0,53,31,3305
84007,,413.12,157.0,39,30,3306
85112,,412.77,465.0,34,20,3307
23459,DOLLY CABINET 2 DRAWERS,412.5,33.0,19,19,3308
20666,,412.45,911.0,46,22,3309
23415,HOME SWEET HOME HOOK,412.18,328.0,47,42,3310
21520,BOOZE & WOMEN GREETING CARD,411.63,957.0,108,61,3311
20857,,410.85,249.0,73,57,3312
21341,KASBAH LANTERN WITH GLASS,410.64,72.0,29,15,3313
90149,SILVER FLOWR PINK SHELL NECKLACE,410.26,62.0,9,6,3314
37444B,,409.6,2010.0,28,14,3315
16169F,,409.5,975.0,34,34,3316
84595B,LARGE TRIFLE DESIGN L BLUE BOWL,408.9,230.0,16,13,3317
21252,,408.66,168.0,22,14,3318
84984D,ORIENTAL RED CUSHION COVER,404.91,159.0,21,14,3319
82076,BEECH WOOD PHOTO FRAME,403.64,290.0,19,5,3320
90206C,CRYSTAL DIAMANTE STAR BROOCH,402.61,80.0,57,9,3321
84932B,,401.3,189.0,17,17,3322
84984C,ORIENTAL BLUE CUSHION COVER,401.16,232.0,16,11,3323
23339,EGG FRYING PAN BLUE,400.84,173.0,76,43,3324
23576,SNACK TRAY RED VINTAGE DOILY,400.04,198.0,37,28,3325
23429,RED RETRO KITCHEN WALL CLOCK,400.01,47.0,23,19,3326
23039,T-LIGHT HOLDER SILVER HEART HANDLE,399.71,199.0,28,22,3327
85007,,399.62,143.0,21,16,3328
21698,MOCK LOBSTER FRIDGE MAGNET,399.01,530.0,112,38,3329
16156L,WRAP CAROUSEL,399.0,950.0,36,33,3330
20889,,398.04,657.0,13,12,3331
D,Discount,397.89,196.0,5,5,3332
79191B,RETRO PLASTIC POLKA TRAY,397.37,479.0,70,46,3333
85167A,,396.8,176.0,14,12,3334
90180A,BLACK+WHITE NECKLACE W TASSEL,396.64,44.0,28,18,3335
84804A,CREAM DELPHINIUM ARTIFICIAL FLOWER,396.38,218.0,18,15,3336
21025,SPACE FROG,396.12,300.0,81,30,3337
90120A,PINK MURANO TWIST BRACELET,395.68,93.0,41,14,3338
84726,,394.85,233.0,5,4,3339
21736,GOLD SCROLL GLASS T-LIGHT HOLDER,393.69,193.0,27,22,3340
22869,NUMBER TILE COTTAGE GARDEN 1,393.63,167.0,57,24,3341
23661,MILK MAIDS MUG,393.59,219.0,33,23,3342
84952A,CLEAR LOVE BIRD T-LIGHT HOLDER,392.53,148.0,39,13,3343
90201D,GREEN ENAMEL FLOWER RING,391.37,133.0,57,12,3344
84673B,BLUE FLY SWAT,391.31,503.0,133,65,3345
90124B,BLUE MURANO TWIST NECKLACE,391.18,39.0,30,11,3346
84711A,SILVER OVAL SHAPE TRINKET BOX,390.95,42.0,24,13,3347
23150,IVORY SWEETHEART SOAP DISH,390.75,148.0,49,33,3348
47562,,390.0,104.0,41,16,3349
84802B,,389.79,411.0,17,16,3350
84081,WHITE CERAMIC PARTY SET (5PCS),389.3,100.0,20,14,3351
16044,,389.22,6193.0,3,2,3352
23337,EGG FRYING PAN MINT,388.75,180.0,69,49,3353
84497,BUTTONS AND STRIPES NOTEBOOK,387.13,97.0,37,29,3354
90208,PAIR OF PINK FLOWER CLUSTER SLIDE,386.83,159.0,68,9,3355
79051A,SMOKEY GREY COLOUR GLASS,386.38,939.0,55,39,3356
90158,ST TROPEZ NECKLACE,386.32,77.0,63,11,3357
84292,ROSE PINK METAL FOLDING CHAIR,385.98,44.0,14,11,3358
90070,RUBY GLASS CLUSTER BRACELET,385.15,63.0,35,9,3359
90201A,PURPLE ENAMEL FLOWER RING,382.84,130.0,54,16,3360
23116,VEGETABLE GARDEN CHOPPING BOARD,382.44,76.0,22,17,3361
90035B,,380.89,43.0,4,4,3362
90184A,AMBER CHUNKY BEAD BRACELET W STRAP,380.82,42.0,25,11,3363
20670,VIP HOLIDAY PURSE,378.85,694.0,48,20,3364
84533B,,377.93,59.0,24,17,3365
20976,,376.34,549.0,76,51,3366
85033G,,376.05,236.0,32,16,3367
16258A,SWIRLY CIRCULAR RUBBERS IN BAG,375.93,1063.0,101,58,3368
84680,CLASSICAL ROSE URN,372.3,94.0,17,14,3369
84741C,,372.14,185.0,51,42,3370
84877D,,371.85,160.0,43,14,3371
84429A,MEDIUM PINK BUDDHA HEAD,371.78,109.0,42,22,3372
16216,LETTER SHAPE PENCIL SHARPENER,371.64,4158.0,88,69,3373
90134,OLD ROSE COMBO BEAD NECKLACE,370.92,126.0,96,2,3374
78033,FLAG OF ST GEORGE CHAIR,370.6,76.0,16,13,3375
79336,LIGHT PINK FLOCK GLASS CANDLEHOLDER,369.78,840.0,21,13,3376
20663,QUEEN OF THE SKIES HOLIDAY PURSE,369.41,1074.0,44,13,3377
90082B,DIAMANTE BOW BROOCH RED COLOUR,368.3,58.0,25,18,3378
20906,,368.24,101.0,47,25,3379
22870,NUMBER TILE COTTAGE GARDEN 2,367.97,155.0,46,16,3380
85026B,EAU DE NILE JEWELLED T-LIGHT HOLDER,367.55,300.0,29,20,3381
47503G,,367.36,284.0,35,21,3382
23575,SNACK TRAY PAISLEY PARK,367.35,179.0,32,22,3383
47504G,,366.81,266.0,57,38,3384
35915A,,365.76,288.0,1,1,3385
90002D,FLOWER BURST SILVER RING CRYSTAL,365.74,104.0,34,17,3386
84926D,LA PALMIERA TILE COASTER,365.35,773.0,47,29,3387
79190A,RETRO PLASTIC 70'S TRAY,364.25,790.0,119,42,3388
35968,check,363.34,761.0,75,49,3389
90164B,WHITE  ROSEBUD PEARL BRACELET,362.94,67.0,35,8,3390
90160A,PURPLE BOUDICCA LARGE BRACELET,362.51,52.0,25,18,3391
85094,CANDY SPOT EGG WARMER RABBIT,360.99,760.0,108,40,3392
84760S,,360.21,222.0,36,24,3393
21946,PARTY TIME DESIGN FLANNEL,358.97,625.0,67,25,3394
84402D,,358.93,373.0,13,9,3395
90036E,"FLOWER GLASS GARLD NECKL36""AMETHYST",358.87,45.0,28,10,3396
23579,SNACK TRAY I LOVE LONDON,358.75,169.0,35,22,3397
84711B,PINK OVAL SHAPE TRINKET BOX,357.71,39.0,30,11,3398
84800M,MEDIUM WHITE/PINK ROSE ART FLOWER,357.22,250.0,27,25,3399
35912B,WHITE/PINK CHICK DECORATION,355.58,288.0,30,22,3400
21038,SET/4 MODERN VINTAGE COTTON NAPKINS,355.48,166.0,52,39,3401
20799,,355.33,200.0,26,11,3402
72487,,355.05,827.0,14,13,3403
90019A,SILVER M.O.P ORBIT BRACELET,354.59,68.0,51,16,3404
90082A,DIAMANTE BOW BROOCH GREEN COLOUR,353.71,55.0,32,16,3405
90013C,GREEN VINTAGE EARRINGS,353.55,88.0,56,10,3406
20950,,353.39,687.0,83,57,3407
22039,BOTANICAL LILY GIFT WRAP,353.0,850.0,30,27,3408
84898F,,352.75,165.0,52,37,3409
46000R,POLYESTER FILLER PAD 45x30cm,352.35,243.0,61,42,3410
84809B,damaged,351.6,296.0,8,7,3411
23420,PANTRY HOOK TEA STRAINER,351.37,164.0,32,26,3412
90201C,RED ENAMEL FLOWER RING,350.94,119.0,46,16,3413
90161A,ANT COPPER RED BOUDICCA BRACELET,349.96,70.0,43,14,3414
23421,PANTRY HOOK SPATULA,349.2,160.0,33,24,3415
82011B,BATHROOM SCALES RUBBER DUCKS,348.8,93.0,48,23,3416
84249D,,347.3,823.0,64,48,3417
84535A,,346.93,607.0,64,44,3418
22257,FELT FARM ANIMAL SHEEP,345.48,419.0,57,23,3419
84801B,WHITE HYDRANGEA ART FLOWER,345.0,214.0,18,14,3420
90148,LONG SILVER NECKLACE PASTEL FLOWER,343.98,27.0,18,15,3421
84881,BLUE WIRE SPIRAL CANDLE HOLDER,342.94,52.0,24,21,3422
21306,SET/4 DAISY MIRROR MAGNETS,342.8,681.0,68,48,3423
20940,,342.75,118.0,22,15,3424
90191,SILVER LARIAT 40CM,342.6,40.0,21,13,3425
35833P,check,342.17,185.0,64,32,3426
72811,SMALL ZINC/GLASS CANDLEHOLDER,340.45,445.0,22,18,3427
75149N,,340.0,272.0,25,18,3428
18096C,WHITE ROUND PORCELAIN TLIGHT HOLDER,339.84,125.0,26,12,3429
79303B,,339.57,109.0,10,4,3430
84925A,,339.29,179.0,17,14,3431
84509E,SET OF 4 CAROUSEL PLACEMATS,338.6,163.0,33,11,3432
23015,CORDIAL GLASS JUG,338.38,40.0,18,15,3433
84576,damaged,337.04,96.0,32,19,3434
35914,,336.58,243.0,56,25,3435
17011F,ORIGAMI SANDLEWOOD INCENSE+FLOWER,336.2,385.0,20,15,3436
20847,ZINC HEART LATTICE CHARGER LARGE,334.35,80.0,27,17,3437
90014B,GOLD M.O.P. ORBIT NECKLACE,333.71,34.0,28,13,3438
17109A,,333.61,709.0,13,12,3439
23047,PAPER LANTERN 5 POINT SEQUIN STAR,333.5,58.0,25,25,3440
21402,RED  EGG  SPOON,333.42,1698.0,151,81,3441
90175C,BLUE GLASS CHUNKY CHARM BRACELET,332.95,37.0,20,15,3442
20688,BEAUTY SPEED EXPRESSO CUPS,332.9,464.0,11,9,3443
47583B,,332.6,27.0,6,6,3444
21420,OYSTER TRINKET BOX,332.16,120.0,31,21,3445
35637C,PINK STRING CURTAIN WITH POLE,331.14,100.0,19,14,3446
85024B,EAU DE NILE JEWELLED PHOTOFRAME,330.9,218.0,20,19,3447
84030C,,330.78,53.0,19,4,3448
84870C,GREEN GEISHA GIRL,330.36,93.0,41,21,3449
35921,EASTER BUNNY HANGING GARLAND,330.32,183.0,49,23,3450
22878,NUMBER TILE COTTAGE GARDEN No,330.26,128.0,45,13,3451
90129B,TURQUOISE GLASS TASSLE BAG CHARM,329.95,146.0,62,17,3452
37467,,328.51,273.0,64,28,3453
72739B,,328.39,394.0,28,10,3454
21722,SWEET PUDDING STICKER SHEET,327.75,347.0,79,33,3455
22889,NUMBER TILE VINTAGE FONT No,327.12,196.0,39,8,3456
84902,,326.33,84.0,53,28,3457
84706A,,325.88,137.0,7,6,3458
21309,LOUVRE CHALKBOARD,325.6,49.0,5,5,3459
90209A,PURPLE ENAMEL+GLASS HAIR COMB,325.5,173.0,10,7,3460
23037,CANDLE HOLDER SILVER MADELINE,325.16,196.0,20,17,3461
23478,WOODLAND LARGE PINK FELT HEART,324.4,285.0,13,9,3462
90175B,PINK GLASS CHUNKY CHARM BRACELET,322.85,36.0,27,6,3463
84870B,BLUE GEISHA GIRL,322.61,90.0,40,22,3464
90197B,BLACK GLASS BRACELET W HEART CHARMS,322.52,64.0,51,2,3465
90178A,AMBER CHUNKY GLASS+BEAD NECKLACE,322.41,27.0,21,14,3466
85131C,BEADED CRYSTAL HEART BLUE ON STICK,320.15,439.0,72,20,3467
85070,for show,320.0,3.0,3,3,3468
84661A,WHITE SQUARE TABLE CLOCK,319.01,224.0,45,22,3469
85089,CANDY SPOT BUNNY,317.54,99.0,29,15,3470
85033S,,317.35,258.0,49,34,3471
84933C,,317.0,136.0,6,6,3472
90018A,SILVER M.O.P ORBIT DROP EARRINGS,316.99,75.0,56,15,3473
17091B,JASMINE TEA INCENSE IN TIN,316.98,276.0,51,35,3474
21401,BLUE PUDDING SPOON,315.7,1437.0,121,72,3475
85129B,BEADED CRYSTAL HEART GREEN SMALL,315.11,233.0,56,26,3476
84673A,PINK FLY SWAT,314.84,500.0,99,57,3477
84933A,,314.35,131.0,6,5,3478
46000U,POLYESTER FILLER PAD 30CMx30CM,313.75,251.0,51,39,3479
90000D,COPPER/OLIVE GREEN FLOWER NECKLACE,313.75,51.0,34,13,3479
35638B,PINK/BLUE STRING CURTAIN,313.29,118.0,11,7,3480
23695,DOILY THANK YOU CARD,313.24,741.0,57,41,3481
84802A,WHITE ANEMONE ARTIFICIAL FLOWER,312.65,185.0,24,21,3482
84838,,312.5,50.0,4,3,3483
90016B,GOLD/M.O.P PENDANT ORBIT NECKLACE,312.14,37.0,30,14,3484
84522,PINK PARTY SUNGLASSES,311.86,186.0,26,19,3485
22872,NUMBER TILE COTTAGE GARDEN 4,311.3,136.0,39,16,3486
35979,,311.03,94.0,27,19,3487
62095B,,310.83,292.0,21,18,3488
84623,,310.44,56.0,14,8,3489
47593A,,309.18,304.0,98,36,3490
84933B,,309.15,136.0,6,5,3491
20795,LARGE BLUE PROVENCAL CERAMIC BALL,308.7,135.0,29,15,3492
77081,,308.38,242.0,33,17,3493
84906,PINK BUTTERFLY CUSHION COVER,307.47,66.0,21,14,3494
21196,ROUND WHITE CONFETTI IN TUBE,306.89,178.0,22,16,3495
84671B,,306.77,109.0,32,20,3496
23495,SET OF 3 PANTRY WOODEN SPOONS,306.66,225.0,41,21,3497
90173,PAIR BUTTERFLY HAIR CLIPS,306.64,81.0,51,7,3498
72130,COLUMBIAN CANDLE ROUND,306.35,753.0,57,39,3499
16254,TRANSPARENT ACRYLIC TAPE DISPENSER,305.66,941.0,40,17,3500
20800,,303.96,1005.0,5,2,3501
84219,,303.86,137.0,28,24,3502
44235,ASSORTED COLOURED CIRCLE MOBILE,303.84,816.0,22,16,3503
72753D,S/3 FLWR FAIRY SUMMER CANDLES,302.4,144.0,9,9,3504
90036D,"FLOWER GLASS GARLAND NECKL.36""BLACK",302.29,38.0,16,11,3505
85147,,301.95,61.0,16,14,3506
23430,BLUE RETRO KITCHEN WALL CLOCK,301.88,36.0,18,16,3507
35645,VINTAGE BEAD PINK JEWEL BOX,301.81,61.0,34,18,3508
21321,,301.8,122.0,18,10,3509
90098,NECKLACE+BRACELET PINK BUTTERFLY,301.28,137.0,55,22,3510
90035C,"PEARL & SHELL 42""NECKL. IVORY",301.0,28.0,5,5,3511
23440,PAINT YOUR OWN EGGS IN CRATE,299.36,164.0,5,5,3512
17001,HEAVENS SCENT FRAGRANCE OILS ASSTD,299.35,1211.0,23,20,3513
90124A,PINK MURANO TWIST NECKLACE,299.28,30.0,20,16,3514
35981C,,297.62,589.0,67,55,3515
84627,,297.5,50.0,19,15,3516
84247N,PACK/12 BLUE FOLKART CARDS,297.48,113.0,53,33,3517
17012E,ORIGAMI OPIUM INCENSE/CANDLE SET,296.79,263.0,29,12,3518
79190D,RETRO PLASTIC DAISY TRAY,296.58,641.0,112,44,3519
35920,,296.34,1070.0,24,18,3520
47471,RAINBOW PEGS PHOTO CLIP STRING,295.72,428.0,63,35,3521
DCGSSGIRL,GIRLS PARTY BAG,295.63,92.0,23,0,3522
90129A,PINK GLASS TASSLE BAG CHARM,295.38,151.0,73,14,3523
20869,GOLD FABRIC MIRROR,295.12,529.0,53,30,3524
21697,,295.08,372.0,7,6,3525
22954,HEN PARTY CORDON BARRIER TAPE,293.89,238.0,50,28,3526
90185D,CRYSTAL DIAMANTE EXPANDABLE RING,293.33,69.0,35,14,3527
84926A,WAKE UP COCKEREL TILE COASTER,293.08,664.0,51,29,3528
84482,,293.02,75.0,32,22,3529
72801F,,292.5,234.0,25,20,3530
37422,,292.08,434.0,73,14,3531
90030B,RED KUKUI COCONUT SEED NECKLACE,292.08,139.0,36,17,3531
84800S,SMALL WHITE/PINK ROSE ART FLOWER,292.04,388.0,19,19,3532
23567,EGG CUP HENRIETTA HEN PINK,291.58,211.0,37,15,3533
21030,SPACE CADET RED,290.9,239.0,51,37,3534
84529A,,290.78,50.0,19,9,3535
20826,,290.72,355.0,14,11,3536
16202A,PASTEL PINK PHOTO ALBUM,290.45,662.0,21,16,3537
21388,,290.17,311.0,29,27,3538
23410,CURIO CABINET LINEN AND LACE,290.1,36.0,18,16,3539
84882,GREEN WIRE STANDING CANDLE HOLDER,289.43,66.0,36,22,3540
22871,NUMBER TILE COTTAGE GARDEN 3,289.39,127.0,30,11,3541
72812,LARGE ZINC GLASS CANDLEHOLDER,288.46,105.0,31,14,3542
20987,,288.35,131.0,22,11,3543
21144,,287.47,543.0,60,40,3544
16212,,287.01,366.0,37,29,3545
20821,GOLDIE LOOKING MIRROR,286.42,42.0,25,10,3546
90014C,SILVER AND BLACK ORBIT NECKLACE,284.68,29.0,20,13,3547
37413,ICON MUG REVOLUTIONARY,284.49,703.0,81,52,3548
90185B,AMETHYST DIAMANTE EXPANDABLE RING,284.43,67.0,34,12,3549
82093,,283.49,139.0,28,7,3550
20980,,282.31,233.0,58,35,3551
84977,,281.33,223.0,44,34,3552
16052,,281.32,848.0,35,18,3553
23481,PEARLISED IVORY HEART SMALL,281.17,228.0,29,23,3554
90163A,PINK ROSEBUD & PEARL NECKLACE,280.71,37.0,24,5,3555
47578A,ENGLISH ROSE SMALL SCENTED FLOWER,279.88,307.0,69,42,3556
84508C,check,279.82,103.0,43,22,3557
72739C,,279.08,326.0,23,10,3558
84625B,Damaged,279.0,180.0,17,15,3559
21412,,279.0,275.0,67,33,3559
90115,SUMMER BUTTERFLIES BAG CHARM,278.96,108.0,60,11,3560
84457,SET/3 RABBITS FLOWER SKIPPPING ROPE,278.73,291.0,64,37,3561
21367,MIRRORED WALL ART GENTS,278.48,211.0,60,37,3562
84926F,PSYCHEDELIC TILE COASTER,277.9,484.0,42,24,3563
90146,FINE SILVER NECKLACE W PASTEL FLOWE,276.49,41.0,19,12,3564
84966C,GREEN KASHMIRI BOXED MIRROR,276.0,23.0,2,1,3565
DCGS0076,SUNJAR LED NIGHT NIGHT LIGHT,275.96,17.0,14,0,3566
23137,ZINC WIRE SWEETHEART LETTER TRAY,275.62,83.0,23,18,3567
90085,CRYSTAL STILETTO PHONE CHARM,275.53,311.0,29,14,3568
21095,,274.57,295.0,40,24,3569
84924F,PSYCHEDELIC METAL SIGN CALENDAR,274.55,975.0,10,8,3570
21193,,274.37,111.0,22,14,3571
75178,ASSTD COL BUTTERFLY/CRYSTAL W/CHIME,273.93,497.0,25,11,3572
90122A,PINK CRYSTAL+GLASS BRACELET,273.89,55.0,31,14,3573
84927F,PSYCHEDELIC TILE HOOK,273.32,335.0,62,44,3574
23141,TRIPLE WIRE HOOK PINK HEART,272.91,79.0,25,18,3575
84924D,LA PALMIERA METAL SIGN CALENDAR,272.61,764.0,15,11,3576
35096A,,272.45,765.0,50,18,3577
79303D,LILAC FLOWER BLOCK TABLE LAMP,272.45,78.0,19,5,3577
84499,,272.17,326.0,41,16,3578
22874,NUMBER TILE COTTAGE GARDEN 6,272.02,126.0,28,15,3579
90185C,BLACK DIAMANTE EXPANDABLE RING,271.96,64.0,32,17,3580
90032,IVORY SHELL HEART NECKLACE,271.88,48.0,24,12,3581
22877,NUMBER TILE COTTAGE GARDEN 9,271.64,128.0,28,18,3582
84192,ASSORTED COLOUR METAL CAT,271.1,226.0,38,29,3583
23474,WOODLAND SMALL BLUE FELT HEART,270.96,312.0,37,26,3584
47586A,PINK FAIRY CAKE CUSHION COVER,270.43,200.0,29,23,3585
22868,NUMBER TILE COTTAGE GARDEN 0,270.38,124.0,27,13,3586
47351B,BLUE  VOILE LAMPSHADE,269.9,98.0,14,11,3587
47591A,,269.54,163.0,70,32,3588
85195,,269.44,146.0,17,14,3589
90122C,TURQUOISE CRYSTAL+GLASS BRACELET,269.1,54.0,30,12,3590
72793,,268.75,55.0,10,5,3591
20818,GOLD TEDDY BEAR,268.5,87.0,30,20,3592
22875,NUMBER TILE COTTAGE GARDEN 7,268.35,123.0,30,17,3593
21372,MIRRORED WALL ART TABLE LAMP,267.01,156.0,50,28,3594
47481,50CM METAL STRING WITH  7 CLIPS,265.4,326.0,44,31,3595
23476,WOODLAND LARGE RED FELT HEART,264.72,205.0,22,18,3596
21950,,263.63,211.0,18,2,3597
90157,RIVIERA NECKLACE,263.28,53.0,24,14,3598
90129E,PURPLE GLASS TASSLE BAG CHARM,263.14,129.0,59,10,3599
22873,NUMBER TILE COTTAGE GARDEN 5,262.5,120.0,31,17,3600
84806A,PINK CANDYSTUFT ARTIFICIAL FLOWER,261.91,319.0,20,19,3601
21268,VINTAGE BLUE TINSEL REEL,261.66,397.0,49,31,3602
79328,,260.76,594.0,17,6,3603
72799D,BLUE PILLAR CANDLE SILVER FLOCK,260.67,78.0,18,12,3604
84993B,75 BLACK PETIT FOUR CASES,260.65,571.0,99,57,3605
44234,ASSORTED CIRCULAR MOBILE,260.39,1213.0,56,28,3606
84597B,damages,259.37,205.0,27,11,3607
85095,THREE CANVAS LUGGAGE TAGS,259.09,174.0,49,9,3608
84613C,,258.06,62.0,12,11,3609
90035A,"PEARL & SHELL 42""NECKL. GREEN",257.55,24.0,16,7,3610
85179C,PINK BITTY LIGHT CHAIN,257.15,116.0,40,10,3611
84371,,257.1,30.0,6,4,3612
90040B,MURANO STYLE GLASS BRACELET BLACK,255.97,71.0,36,17,3613
22882,NUMBER TILE VINTAGE FONT 3,255.08,126.0,50,18,3614
17038,PORCELAIN BUDAH INCENSE HOLDER,254.51,2559.0,55,21,3615
10123C,,254.41,650.0,63,39,3616
84461,12 PINK HEN+CHICKS IN BASKET,253.79,99.0,40,33,3617
gift_0001_50,Dotcomgiftshop Gift Voucher £50.00,253.59,6.0,6,0,3618
21493,,252.45,272.0,29,22,3619
79338,,252.29,553.0,13,8,3620
22876,NUMBER TILE COTTAGE GARDEN 8,252.22,118.0,23,12,3621
21032,SPACE CADET WHITE,252.16,203.0,50,28,3622
21370,MIRRORED WALL ART FOXY,251.97,54.0,22,15,3623
23149,ANTIQUE IVORY WIRE BOWL SMALL,251.45,99.0,21,17,3624
DCGSSBOY,BOYS PARTY BAG,251.35,77.0,21,0,3625
90081C,LILY BROOCH OLIVE COLOUR,250.47,50.0,36,13,3626
90073,VINTAGE ENAMEL & CRYSTAL EARRINGS,250.34,50.0,34,7,3627
20836,FRENCH PAISLEY CUSHION COVER,250.0,224.0,22,18,3628
21460,GREEN EASTER EGG HUNT START POST,249.65,113.0,27,20,3629
90170,DAISY HAIR BAND,249.58,150.0,73,10,3630
90087,CRYSTAL SEA HORSE PHONE CHARM,249.56,311.0,53,13,3631
23465,TUSCAN VILLA BIRD FEEDER,247.63,29.0,16,15,3632
84621,,247.26,29.0,15,9,3633
90036C,"FLOWER GLASS GARLAND NECKL.36""BLUE",246.83,31.0,15,7,3634
82011A,"BATHROOM SCALES, TROPICAL BEACH",246.58,59.0,34,19,3635
47503H,ASS FLORAL PRINT SPIRIT LEVEL,246.12,160.0,60,45,3636
46307,ROSES BLUE BASE CUSHION COVER,246.03,51.0,33,4,3637
90028,NEW BAROQUE LARGE NECKLACE BLK/WHIT,244.79,29.0,24,5,3638
90096,NECKLACE+BRACELET SET BLUE BLOSSOM,243.61,104.0,49,10,3639
90129C,GREEN GLASS TASSLE BAG CHARM,243.38,107.0,51,16,3640
90119,METALIC LEAVES BAG CHARMS,243.07,97.0,42,6,3641
90081A,LILY BROOCH AMETHYST COLOUR,242.8,49.0,24,15,3642
90196A,PURPLE GEMSTONE NECKLACE 45CM,242.25,19.0,11,9,3643
23475,WOODLAND SMALL PINK FELT HEART,242.18,286.0,31,25,3644
35818P,"ACRYLIC JEWEL ICICLE, PINK",242.15,559.0,25,18,3645
90196B,BLACK GEMSTONE NECKLACE 45CM,241.98,19.0,14,9,3646
23143,ZINC WIRE KITCHEN ORGANISER,239.97,30.0,16,12,3647
84629,WHITE 3 FRAME BIRDS AND TREE,237.8,24.0,13,12,3648
82553,,237.73,114.0,42,14,3649
90133,TEAL/FUSCHIA COL BEAD NECKLACE,236.46,47.0,36,7,3650
44217M,MULTICOLOUR FEATHERS CURTAIN,236.4,72.0,3,1,3651
20891,,236.33,684.0,3,1,3652
82585,,235.9,164.0,47,18,3653
90210D,PURPLE ACRYLIC FACETED BANGLE,235.73,142.0,23,10,3654
23580,SNACK TRAY HAPPY FOREST,234.92,116.0,25,20,3655
20855,,234.3,142.0,47,41,3656
20736,PINK MINI TAPE MEASURE,233.5,290.0,19,18,3657
84247K,"FOLK ART GREETING CARD,pack/12",233.48,75.0,28,20,3658
90185A,AMBER DIAMANTE EXPANDABLE RING,233.29,55.0,26,8,3659
37483,ENGLISH ROSE MUG IN GIFT BOX,232.89,143.0,10,10,3660
23036,T-LIGHT HOLDER SILVER PETIT FOUR,232.42,184.0,16,14,3661
16256B,,232.35,524.0,35,17,3662
35991,,232.08,402.0,54,43,3663
90210B,CLEAR ACRYLIC FACETED BANGLE,232.04,102.0,24,15,3664
23447,PINK BUNNY EASTER EGG BASKET,231.9,158.0,4,4,3665
90181B,AMETHYST GLASS/SHELL/PEARL NECKLACE,231.27,25.0,24,0,3666
16202C,,230.59,97.0,12,10,3667
21226,POCKET MIRROR WOODLAND,230.55,213.0,37,17,3668
90164A,PINK ROSEBUD PEARL BRACELET,230.39,40.0,25,7,3669
22880,NUMBER TILE VINTAGE FONT 1,230.27,111.0,37,10,3670
23446,BLUE BUNNY EASTER EGG BASKET,230.25,157.0,3,3,3671
37508,,229.57,89.0,46,35,3672
72781,,229.5,121.0,15,11,3673
90122B,JADE CRYSTAL+GLASS BRACELET,228.99,46.0,26,14,3674
21639,,228.65,259.0,15,12,3675
90199B,5 STRAND GLASS NECKLACE AMETHYST,228.61,36.0,31,12,3676
90090,PINK CRYSTAL HEART PHONE CHARM,227.72,263.0,22,12,3677
35809B,,227.54,104.0,33,21,3678
71028B,,227.48,494.0,13,7,3679
84705C,PINK FLOCK PHOTO FRAME,227.33,162.0,8,5,3680
72750D,,226.5,110.0,11,11,3681
23003,Printing smudges/thrown away,226.2,542.0,53,38,3682
90003D,CRYSTAL PAIR HEART HAIR SLIDES,226.17,60.0,32,15,3683
90155,RESIN NECKLACE W PASTEL BEADS,226.16,30.0,21,12,3684
84966A,,225.95,13.0,4,3,3685
90116,FRUIT SALAD BAG CHARM,225.52,106.0,63,11,3686
21369,MIRRORED WALL ART SPLODGES,225.36,133.0,22,15,3687
TEST001,This is a test product.,225.0,50.0,9,2,3688
84927E,,224.31,494.0,29,22,3689
35597B,BLACKCHRISTMAS TREE 30CM,224.1,78.0,7,6,3690
90125D,PURPLE BERTIE GLASS BEAD BAG CHARM,223.74,136.0,36,9,3691
17084P,DRAGONS BLOOD INCENSE,222.75,990.0,70,23,3692
17011C,,221.4,335.0,2,1,3693
21102,,221.08,82.0,20,10,3694
16258B,,221.06,1016.0,15,13,3695
17013B,,221.03,256.0,3,2,3696
35833G,damages,220.66,134.0,34,23,3697
62086A,PINK RETRO BIG FLOWER BAG,220.35,113.0,24,20,3698
90124C,GREEN MURANO TWIST NECKLACE,220.21,22.0,16,7,3699
72225D,,219.46,962.0,11,9,3700
85168A,WHITE BAROQUE CARRIAGE CLOCK,218.9,22.0,15,12,3701
90058A,CRYSTAL STUD EARRINGS CLEAR DISPLAY,218.88,576.0,13,12,3702
22881,NUMBER TILE VINTAGE FONT 2,218.82,112.0,36,9,3703
22884,NUMBER TILE VINTAGE FONT 5,217.26,110.0,39,14,3704
90005A,JADE GREEN ENAMEL HAIR COMB,216.87,106.0,57,5,3705
35817P,thrown away,216.7,420.0,11,9,3706
84725,FREESTYLE CANVAS ART PICTURE,216.5,134.0,29,24,3707
35793,,216.33,108.0,15,7,3708
37492A,YELLOW RED FLOWER PIGGY BANK,216.07,108.0,11,7,3709
84807,damages,215.93,233.0,7,7,3710
90036A,FLOWER GARLAND NECKLACE RED,215.76,27.0,20,10,3711
21543,,215.0,284.0,24,13,3712
84690,S/2 BEACH HUT STOOLS,214.65,27.0,14,12,3713
48179,,214.47,34.0,11,6,3714
90123A,PINK HEART OF GLASS BRACELET,214.07,36.0,19,14,3715
51012C,"FEATHER DUSTER, COAL BLACK",213.75,171.0,27,22,3716
90214A,"LETTER ""A"" BLING KEY RING",213.65,213.0,104,27,3717
90019C,SILVER BLACK ORBIT BRACELET,213.38,40.0,34,7,3718
16201A,PASTEL PINK PHOTO ALBUM,213.37,101.0,9,7,3719
21400,RED PUDDING SPOON,213.07,1078.0,91,54,3720
22883,NUMBER TILE VINTAGE FONT 4,213.05,109.0,34,9,3721
84805A,CREAM CLIMBING HYDRANGA ART FLOWER,212.85,147.0,8,7,3722
84313A,PINK TV TRAY TABLE,212.42,38.0,19,10,3723
84247C,,212.4,72.0,22,22,3724
90024B,NEW BAROQUE B'FLY NECKLACE RED,212.24,25.0,22,6,3725
21368,MIRRORED WALL ART LADIES,212.04,201.0,47,32,3726
84927D,,211.29,953.0,28,22,3727
22885,NUMBER TILE VINTAGE FONT 6,210.26,112.0,35,13,3728
20827,damages,209.36,173.0,8,5,3729
20814,,208.89,189.0,13,7,3730
84706F,RED PEONY TABLE CLOCK,208.3,34.0,17,15,3731
47574B,,208.25,49.0,27,25,3732
90211B,JET BLACK LAS VEGAS NECKLACE 45CM,208.21,35.0,26,8,3733
90056,CHUNKY CRACKED GLAZE NECKLACE IVORY,207.94,19.0,14,1,3734
90016A,SILVER/M.O.P PENDANT ORBIT NECKLACE,207.86,29.0,16,8,3735
37485,,207.69,49.0,15,10,3736
90210A,GREY ACRYLIC FACETED BANGLE,207.34,88.0,21,12,3737
90040A,MURANO STYLE GLASS BRACELET RED,207.05,53.0,34,10,3738
47343A,,206.26,200.0,23,21,3739
17014D,,204.36,479.0,8,5,3740
90186A,AMETHYST HOOP EARRING FLORAL LEAF,203.73,69.0,33,14,3741
35824B,,203.24,528.0,6,4,3742
20890,,202.62,605.0,4,1,3743
48103,,201.73,35.0,10,10,3744
84723,CHERRY BLOSSOM CANVAS ART PICTURE,201.3,54.0,12,11,3745
72754A,damaged,201.24,292.0,5,4,3746
20672,,201.0,138.0,36,21,3747
90144,SILVER DROP EARRINGS WITH FLOWER,199.45,53.0,33,11,3748
79403,FROSTED WHITE BASE,199.02,216.0,36,19,3749
90000A,RASPBERRY ANT COPPER FLOWER NECKLAC,198.98,33.0,21,14,3750
84985b,SET OF 72 BLACK PAPER DOILIES,197.94,129.0,25,12,3751
22330,,197.9,128.0,22,15,3752
37471,MULTICOLOUR POLKADOT PLATE,197.85,1405.0,10,4,3753
84855,,196.7,36.0,15,10,3754
47504F,,196.46,527.0,14,12,3755
90029,NEW BAROQUE SMALL NECKLACE BLACK,195.14,23.0,12,10,3756
23697,A PRETTY THANK YOU CARD,194.58,456.0,35,26,3757
21582,,193.05,117.0,16,15,3758
35819B,check,192.3,385.0,32,26,3759
84899F,,192.17,121.0,53,20,3760
90036F,"FLOWER GLASS GARLD NECKL36""TURQUOIS",192.17,24.0,15,4,3760
90003C,MIDNIGHT BLUE PAIR HEART HAIR SLIDE,191.54,51.0,35,10,3761
90178B,PURPLE CHUNKY GLASS+BEAD NECKLACE,191.41,16.0,11,9,3762
47518F,ICON PLACEMAT POP ART ELVIS,190.89,912.0,43,22,3763
72051S,,190.89,300.0,54,18,3763
37506,,190.4,32.0,26,21,3764
84255B,,190.16,65.0,18,11,3765
84661C,PINK SQUARE TABLE CLOCK,189.87,152.0,27,12,3766
84926C,,189.6,138.0,31,17,3767
84803A,PINK ALLIUM  ARTIFICIAL FLOWER,189.28,112.0,17,16,3768
85128,,188.95,167.0,4,2,3769
84744,S/6 SEW ON CROCHET FLOWERS,188.77,149.0,31,26,3770
84706B,FAIRY CAKES TABLE CLOCK,188.73,20.0,9,8,3771
90159,COTE D'AZURE NECKLACE,188.58,38.0,20,13,3772
90130B,TURQ STONE/CRYSTAL EARRINGS,188.09,64.0,49,4,3773
20837,FRENCH FLORAL CUSHION COVER,188.07,165.0,18,17,3774
90094,NECKLACE+BRACELET SET FRUIT SALAD,187.62,74.0,38,20,3775
90210C,RED   ACRYLIC FACETED BANGLE,186.56,118.0,14,9,3776
84893,,186.35,33.0,15,12,3777
84452,METAL RABBIT LADDER EASTER,186.16,198.0,44,23,3778
16053,,185.73,4313.0,10,8,3779
84877A,,185.66,74.0,17,14,3780
20968,,185.11,43.0,19,14,3781
35911B,PINK/FLOWER RABBIT EGG WARMER,184.76,159.0,24,12,3782
23416,CHAMBRE HOOK,184.68,132.0,25,18,3783
20957,PORCELAIN HANGING BELL SMALL,184.61,126.0,15,12,3784
35838A,,184.4,180.0,20,18,3785
84029D,LEOPARD PRINT HOT WATER BOTTLE,183.98,51.0,15,12,3786
90125A,PINK BERTIE GLASS BEAD BAG CHARM,183.97,149.0,18,9,3787
90129F,RED GLASS TASSLE BAG CHARM,183.26,81.0,41,14,3788
90086,CRYSTAL FROG PHONE CHARM,182.79,216.0,46,12,3789
21018,damaged,182.71,213.0,42,30,3790
17090A,LAVENDER INCENSE 40 CONES IN TIN,182.65,173.0,26,24,3791
20796,SMALL BLUE PROVENCAL CERAMIC BALL,182.16,99.0,22,11,3792
37379B,,181.5,1122.0,3,3,3793
90214S,"LETTER ""S"" BLING KEY RING",181.34,184.0,86,26,3794
79144B,PAINTED LIGHTBULB STAR+ MOON,181.03,350.0,91,36,3795
90065A,WHITE VINTAGE CRYSTAL BRACELET,180.46,26.0,16,7,3796
16043,,180.3,2145.0,13,11,3797
79144C,PAINTED LIGHTBULB RAINBOW DESIGN,180.14,306.0,97,19,3798
35818B,adjustment,180.05,408.0,11,8,3799
47347B,,179.88,240.0,11,6,3800
90180B,PURPLE AMETHYST NECKLACE W TASSEL,179.88,18.0,14,10,3800
84962,,179.85,3.0,2,2,3801
21310,CAPIZ CHANDELIER,179.7,6.0,4,3,3802
17011A,,179.56,261.0,12,6,3803
84464,,179.1,82.0,11,10,3804
90063A,WHITE VINT ART DECO CRYSTAL NECKLAC,178.48,21.0,13,10,3805
90013D,PURPLE VINTAGE EARRINGS,178.11,46.0,17,7,3806
90000B,MIDNIGHT BLUE COPPER FLOWER NECKLAC,177.29,29.0,21,9,3807
21031,SPACE CADET BLACK,176.7,144.0,39,23,3808
90072,RUBY DROP CHANDELIER EARRINGS,176.31,44.0,30,4,3809
82607C,damages,175.61,115.0,43,16,3810
84564,6 SEGMENT COLOURED SNACK BOWL,175.48,21.0,11,9,3811
84967A,,174.9,3.0,3,2,3812
22886,NUMBER TILE VINTAGE FONT 7,174.16,98.0,29,8,3813
75011,BLUE DAISY MOBILE,172.51,181.0,15,11,3814
90123D,WHITE HEART OF GLASS BRACELET,172.39,29.0,14,7,3815
85185C,,171.1,58.0,27,24,3816
21461,BLUE EASTER EGG HUNT START POST,171.04,82.0,23,17,3817
84706C,PINK FLOCK TABLE CLOCK,170.8,84.0,4,4,3818
90063B,BLACK VINT ART DEC CRYSTAL NECKLACE,170.17,20.0,14,8,3819
17014A,ORIGAMI VANILLA INCENSE CONES,170.13,276.0,16,9,3820
84531A,returned,169.36,191.0,45,35,3821
90166,PINK & WHITE ROSEBUD RING,168.94,40.0,31,7,3822
90019B,GOLD M.O.P ORBIT BRACELET,168.62,32.0,28,6,3823
90204,PAIR OF ENAMEL BUTTERFLY HAIRCLIP,168.46,50.0,37,9,3824
85205A,,168.3,66.0,21,21,3825
90186B,CRYSTAL HOOP EARRING FLORAL LEAF,168.26,57.0,31,13,3826
21087,,168.08,260.0,32,19,3827
35916C,PINK FELT HANGING HEART W FLOWER,167.55,157.0,42,9,3828
37491C,GREEN/BLUE CERAMIC CANDLE HOLDER,167.52,58.0,10,7,3829
82587,,166.78,128.0,40,26,3830
90211A,DIAMOND LAS VEGAS NECKLACE 45CM,166.57,28.0,21,5,3831
84231,EASTER BUNNY WITH BASKET ON BACK,166.21,230.0,50,28,3832
90060F,FIRE POLISHED GLASS NECKL GREEN,166.14,28.0,18,7,3833
gift_0001_40,Dotcomgiftshop Gift Voucher £40.00,166.09,5.0,5,0,3834
90214L,"LETTER ""L"" BLING KEY RING",166.06,176.0,68,20,3835
90003B,ROSE COLOUR PAIR HEART HAIR SLIDES,165.81,44.0,25,9,3836
10123G,,165.56,2251.0,16,12,3837
90093,CLEAR CRYSTAL STAR PHONE CHARM,165.34,209.0,25,15,3838
23694,PAISLEY PARK CARD,165.08,376.0,41,23,3839
90018B,GOLD M.O.P ORBIT DROP EARRINGS,164.62,39.0,31,10,3840
84531B,returned,164.01,194.0,42,35,3841
85024C,PINK SMALL JEWELLED PHOTOFRAME,163.35,99.0,42,33,3842
16202E,BLACK PHOTO ALBUM,162.73,82.0,14,12,3843
90039D,FIRE POLISHED GLASS BRACELET GREEN,162.66,43.0,24,4,3844
90214C,"LETTER ""C"" BLING KEY RING",162.53,165.0,69,21,3845
90162B,ANT SILVER LIME GREEN BOUDICCA RING,162.25,55.0,20,14,3846
20693,,161.89,33.0,18,10,3847
90190C,SILVER/AMETHYST DROP EARRINGS LEAF,161.82,55.0,36,10,3848
90129D,AMBER GLASS TASSLE BAG CHARM,161.57,67.0,34,12,3849
90214J,"LETTER ""J"" BLING KEY RING",161.47,157.0,88,19,3850
90042A,FRESHWATER PEARL BRACELET GOLD,160.79,63.0,33,6,3851
90123C,GREEN HEART OF GLASS BRACELET,160.75,27.0,12,7,3852
21353,,160.45,19.0,9,8,3853
22887,NUMBER TILE VINTAGE FONT 8,160.36,92.0,28,10,3854
84599,,160.15,15.0,6,2,3855
37479P,CUBIC MUG FLOCK PINK ON BROWN,160.08,170.0,34,17,3856
23305,SET 4 PICNIC CUTLERY BLUEBERRY,159.9,82.0,9,9,3857
81952V,ROUND PURPLE CLOCK WITH SUCKER,159.87,464.0,46,27,3858
37379A,,159.2,41.0,16,5,3859
16054,POPART RECT PENCIL SHARPENER ASST,159.0,1210.0,39,32,3860
85166A,,158.9,77.0,12,8,3861
90048,GREEN WITH METAL BAG CHARM,158.89,31.0,8,4,3862
22864,,158.76,378.0,2,1,3863
90214K,"LETTER ""K"" BLING KEY RING",158.4,154.0,83,23,3864
48175,DOOR MAT CAMOUFLAGE,158.04,39.0,2,1,3865
84927A,,157.61,226.0,33,22,3866
21489,BLUE WHITE SCARF HOT WATER BOTTLE,157.6,28.0,14,6,3867
23417,BATHROOM HOOK,157.5,146.0,27,21,3868
90059A,DIAMANTE HAIR GRIP PACK/2 CRYSTAL,156.98,94.0,48,3,3869
23468,TUSCAN VILLA BIRD TABLE,156.75,19.0,11,11,3870
72140E,BEST DAD CANDLE LETTERS,156.72,218.0,29,26,3871
17178,,156.65,133.0,24,20,3872
46138B,BLUE CHENILLE SHAGGY CUSHION COVER,156.29,71.0,25,12,3873
84228,HEN HOUSE WITH CHICK STANDING,156.07,354.0,46,19,3874
84914A,,155.7,6.0,5,2,3875
90183A,AMBER DROP EARRINGS W LONG BEADS,155.65,53.0,31,6,3876
20664,TROPICAL HOLIDAY PURSE,155.41,57.0,31,11,3877
90065B,BLACK VINT ART DEC CRYSTAL BRACELET,154.87,22.0,16,4,3878
90123B,TURQUOISE HEART OF GLASS BRACELET,154.69,26.0,13,8,3879
23496,PANTRY KITCHEN THERMOMETER,154.52,112.0,31,21,3880
47369B,BLUE GREEN EMBROIDERY COSMETIC BAG,153.18,54.0,29,10,3881
84510E,SET OF 4 GREEN CAROUSEL COASTERS,152.86,162.0,34,12,3882
79192A,,152.64,114.0,35,26,3883
84622,,152.6,23.0,9,7,3884
90030C,BROWN KUKUI COCONUT SEED NECKLACE,151.3,87.0,16,10,3885
20952,PORCELAIN CHERUB BELL SMALL,150.72,329.0,24,19,3886
79161A,ST GEORGE SET OF 10 PARTY LIGHTS,150.45,51.0,16,16,3887
90042C,FRESHWATER PEARL BRACELET IVORY,150.21,59.0,26,8,3888
17108D,,149.1,355.0,23,17,3889
90040D,,148.87,41.0,25,9,3890
71496A,A4 WALL TIDY BLUE OFFICE,148.01,244.0,17,8,3891
35980C,,147.64,377.0,29,28,3892
84720,DOT MATRIX CANVAS ART PICTURE,147.05,35.0,3,3,3893
90040C,MURANO STYLE GLASS BRACELET GOLD,146.75,41.0,21,10,3894
84527,FLAMES SUNGLASSES PINK LENSES,146.11,77.0,22,19,3895
35610B,thrown away,144.07,179.0,13,13,3896
90016C,SILVER/BLACK PENDANT ORBIT NECKLACE,144.07,17.0,14,4,3896
79191D,RETRO PLASTIC DAISY TRAY,143.87,138.0,56,28,3897
90036B,"FLOWER GLASS GARLAND NECKL.36""GREEN",143.1,18.0,10,8,3898
10120,DOGGY RUBBER,142.74,664.0,73,52,3899
84874B,BLUE TRAVEL FIRST AID KIT,141.76,86.0,36,26,3900
90202D,PINK ENAMEL FLOWER HAIR TIE,141.49,48.0,24,5,3901
72740A,,141.23,65.0,12,5,3902
47369A,PINK GREEN EMBROIDERY COSMETIC BAG,140.4,48.0,25,10,3903
84617,NEW BAROQUE BLACK BOXES,140.25,11.0,7,7,3904
84765,,140.23,9.0,6,4,3905
90212B,JET BLACK LAS VEGAS BRACELET ROUND,140.07,37.0,28,7,3906
78026,,139.95,12.0,2,1,3907
90214M,"LETTER ""M"" BLING KEY RING",139.82,138.0,64,19,3908
90022,EDWARDIAN DROP EARRINGS JET BLACK,139.67,37.0,32,4,3909
90199A,5 STRAND GLASS NECKLACE BLACK,139.5,22.0,16,9,3910
23463,VINTAGE ZINC WATERING CAN,139.4,13.0,8,7,3911
90199D,5 STRAND GLASS NECKLACE AMBER,139.28,22.0,16,9,3912
90214E,"LETTER ""E"" BLING KEY RING",139.28,142.0,67,25,3912
23304,SET 4 PICNIC CUTLERY CHERRY,138.45,71.0,9,9,3913
72754B,,137.54,170.0,8,8,3914
35816P,"ACRYLIC JEWEL ANGEL,PINK",137.43,297.0,9,7,3915
90156,RESIN BRACELET W PASTEL BEADS,137.37,25.0,14,7,3916
84549,CROCHET WHITE RABBIT KEYRING,137.27,75.0,16,9,3917
84709A,Damaged,136.85,23.0,13,11,3918
S,SAMPLES,136.85,3.0,3,0,3918
35824P,damages,136.44,324.0,3,2,3919
90151,SILVER/NATURAL SHELL NECKLACE,136.17,16.0,9,5,3920
90024E,NEW BAROQUE B'FLY NECKLACE MONTANA,135.98,16.0,11,7,3921
90194,SILVER LARIAT BLACK STONE EARRINGS,135.84,32.0,21,14,3922
90038A,GLASS AND PAINTED BEADS BRACELET TO,135.8,36.0,22,4,3923
90177D,DROP DIAMANTE EARRINGS PURPLE,135.76,46.0,25,9,3924
17011D,,135.7,209.0,4,2,3925
77079,,135.68,64.0,12,10,3926
90002A,,135.0,36.0,14,14,3927
72134,COLUMBIAN  CUBE CANDLE,134.85,339.0,29,15,3928
16020C,,134.5,160.0,39,22,3929
22879,NUMBER TILE VINTAGE FONT 0,134.4,82.0,21,7,3930
35015,,134.08,2072.0,39,35,3931
84555A,,133.85,47.0,16,13,3932
35609A,,133.23,447.0,24,17,3933
46137D,,132.75,45.0,4,2,3934
90190B,GOLD/AMBER DROP EARRINGS W LEAF,132.58,45.0,15,6,3935
90137,PINK COMBO MINI CRYSTALS NECKLACE,132.52,26.0,15,8,3936
45013,FOLDING SHOE TIDY,132.0,48.0,8,8,3937
47592B,,131.9,67.0,29,15,3938
90023,FILIGREE DIAMANTE EARRINGS,131.74,31.0,21,7,3939
90165B,WHITE ROSEBUD  PEARL EARRINGS,131.65,52.0,35,5,3940
35933,,131.38,319.0,28,20,3941
90101,WHITE FRANGIPANI NECKLACE,131.16,52.0,29,4,3942
84656,,130.9,22.0,13,12,3943
22888,NUMBER TILE VINTAGE FONT 9,130.83,79.0,23,9,3944
16119,,130.71,273.0,8,7,3945
84559D,,130.09,149.0,32,23,3946
84925E,,130.05,75.0,3,3,3947
20899,,129.8,44.0,12,12,3948
90099,NECKLACE+BRACELET SET BLUE HIBISCUS,129.69,42.0,25,16,3949
90190A,SILVER/CRYSTAL DROP EARRINGS W LEAF,129.59,44.0,31,8,3950
10080,GROOVY CACTUS INFLATABLE,129.29,315.0,27,23,3951
84858A,,128.83,53.0,8,7,3952
90181A,AMBER GLASS/SHELL/PEARL NECKLACE,128.64,14.0,14,2,3953
84251G,"GREETING CARD, OVERCROWDED POOL.",127.56,472.0,91,32,3954
84782B,BLACK 3 TIER GLASS PLATE STAND,127.5,10.0,6,6,3955
90024D,NEW BAROQUE B'FLY NECKLACE PINK,127.5,15.0,13,11,3955
85018C,,127.2,36.0,4,4,3956
16168S,,126.83,1283.0,11,4,3957
23303,SET 4 PICNIC CUTLERY FONDANT,126.75,65.0,6,6,3958
81950B,FLOWER BLUE CLOCK WITH SUCKER,126.74,216.0,34,21,3959
84367,crushed,126.3,74.0,8,6,3960
82607E,GLASS BONBON JAR. D'AMANDES,126.25,101.0,25,18,3961
gift_0001_10,Dotcomgiftshop Gift Voucher £10.00,126.21,15.0,14,0,3962
90174,BUTTERFLY HAIR BAND,126.12,50.0,32,4,3963
90108,BLUE BLOSSOM HAIR CLIP,125.83,109.0,21,12,3964
23578,SNACK TRAY RED GINGHAM,125.72,60.0,14,11,3965
90138,WHITE/PINK MINI CRYSTALS NECKLACE,125.64,24.0,17,5,3966
84614A,thrown away,124.83,17.0,10,7,3967
90002C,,124.38,33.0,19,8,3968
90162C,ANT SILVER FUSCHIA BOUDICCA RING,123.9,42.0,16,10,3969
90168,2 DAISIES HAIR COMB,123.76,42.0,24,3,3970
17191A,ROSE FLOWER CANDLE+INCENSE 16X16CM,123.75,33.0,12,9,3971
20816,GOLD FLOWER CUSHION COVER,123.6,24.0,7,5,3972
22850,,123.6,8.0,1,1,3972
23477,WOODLAND LARGE BLUE FELT HEART,123.47,92.0,13,8,3973
72133,COLUMBIAN CANDLE RECTANGLE,122.63,109.0,31,24,3974
21228,,122.57,97.0,31,25,3975
85190,,122.46,138.0,17,14,3976
79308B,MOSAIC CANDLE DISH BLUE PURPLE,122.4,144.0,2,1,3977
90205C,LARGE CRYSTAL DIAMANTE HAIRSLIDE,122.31,78.0,24,5,3978
44242B,PINK FEATHERS CURTAIN,121.53,109.0,9,8,3979
79532,MOSAIC GLASS BALL CANDLEHOLDER,121.25,97.0,18,15,3980
84199,GLOW IN DARK DOLPHINS,121.08,554.0,69,58,3981
90003E,GREEN PAIR HEART HAIR SLIDES,120.31,32.0,22,3,3982
84705B,,120.13,86.0,5,2,3983
23467,VINTAGE ZINC PLANTER,120.08,32.0,11,5,3984
35916B,BLUE FELT HANGING HEART WITH FLOWER,119.67,132.0,46,5,3985
84886,,119.4,12.0,9,8,3986
84867A,,119.39,17.0,5,3,3987
84288B,,118.95,61.0,24,19,3988
90018C,SILVER BLACK ORBIT DROP EARRINGS,118.51,28.0,20,7,3989
35607A,,118.43,554.0,31,27,3990
20887,,118.39,18.0,8,4,3991
90139,,118.24,23.0,18,3,3992
35824C,damaged,117.05,235.0,8,8,3993
72038P,damages,116.5,1050.0,9,9,3994
16206B,RED PURSE WITH PINK HEART,116.4,96.0,16,14,3995
84751B,BLACK MEDIUM GLASS CAKE STAND,115.86,38.0,19,18,3996
20848,ZINC HEART LATTICE CHARGER SMALL,115.05,39.0,12,10,3997
20896,,115.05,39.0,14,13,3997
84462,3 PINK HEN+CHICKS IN BASKET,114.86,100.0,14,13,3998
23185,FRENCH STYLE STORAGE JAR JAM,114.85,317.0,30,27,3999
20698,LITTLE PINK MONSTER SOFT TOY,114.45,47.0,21,17,4000
23151,ZINC SWEETHEART SOAP DISH,114.33,61.0,21,18,4001
90049,IVORY GOLD METAL BAG CHARM,114.24,20.0,6,3,4002
90030A,SPOTTED WHITE NATURAL SEED NECKLACE,113.76,79.0,10,8,4003
84249A,"GREETING CARD,SQUARE, DOUGHNUTS",113.22,252.0,34,18,4004
90179C,BLACK FINE BEAD NECKLACE W TASSEL,112.78,19.0,16,7,4005
21089,damaged,112.54,323.0,40,32,4006
44236,,112.32,64.0,12,9,4007
71510,SQUARE METAL CANDLEHOLDER BASE,112.05,177.0,17,11,4008
35916A,YELLOW FELT HANGING HEART W FLOWER,112.04,129.0,44,7,4009
71495B,CD WALL TIDY RED FLOWERS,111.57,294.0,18,8,4010
35966,,111.34,255.0,26,20,4011
10138,,111.22,261.0,21,14,4012
84493,BLUE/PINK NEST STRIPE BOX,111.12,1142.0,5,5,4013
90103,PURPLE FRANGIPANI NECKLACE,110.85,44.0,30,5,4014
82069,BEECH WOOD P/FRAME,109.85,17.0,11,2,4015
85185F,,109.15,37.0,19,16,4016
84247H,PACK/12 DECOUPAGE CARD,109.13,42.0,20,12,4017
90177C,DROP DIAMANTE EARRINGS CRYSTAL,109.03,37.0,24,6,4018
90071,RUBY GLASS CLUSTER EARRINGS,108.99,87.0,73,2,4019
20667,CHERRY BLOSSOM PURSE,108.69,40.0,24,6,4020
90104,,108.11,129.0,49,11,4021
72753C,,107.68,43.0,6,5,4022
90118,PINK DAISY BAG CHARM,107.39,42.0,29,3,4023
35840,,107.13,45.0,11,5,4024
23626,SET 10 CARDS DINKY TREE 17076,107.07,43.0,16,0,4025
90059D,DIAMANTE HAIR GRIP PACK/2 PERIDOT,106.74,64.0,40,5,4026
84562B,,106.59,10.0,7,5,4027
35096B,,106.49,293.0,25,20,4028
90165A,PINK ROSEBUD PEARL EARRINGS,106.49,42.0,27,2,4028
22987,WRAP SUMMER ROSE DESIGN,105.84,252.0,11,10,4029
90051,CRACKED GLAZE NECKLACE RED,105.72,15.0,11,4,4030
35610A,thrown away,105.43,143.0,12,8,4031
84458,,105.4,124.0,20,17,4032
17090D,,105.2,88.0,28,21,4033
16169D,,105.0,250.0,9,9,4034
23574,PACKING CHARGE,105.0,14.0,14,9,4034
90141A,GREEN PENDANT TRIPLE SHELL NECKLACE,104.95,20.0,17,4,4035
90079,VINTAGE ENAMEL & CRYSTAL NECKLACE,104.77,21.0,13,5,4036
21118,,104.25,69.0,7,7,4037
21337,,103.53,33.0,12,7,4038
35910A,MULTICOLOUR EASTER RABBIT,103.35,53.0,13,12,4039
84679,CLASSICAL ROSE TABLE LAMP,103.3,14.0,4,4,4040
35594,,103.06,165.0,39,18,4041
84613A,thrown away,102.3,22.0,10,9,4042
90125C,TURQUOISE BERTIE GLASS BEAD CHARM,101.35,92.0,10,5,4043
72369A,PINK CLEAR GLASS CANDLE PLATE,101.29,67.0,14,8,4044
84921,CREAM AND PINK FLOWERS PONY,101.25,27.0,14,13,4045
16248B,BLUE HOLE PUNCH,101.25,81.0,12,12,4045
85050,,100.8,48.0,1,1,4046
72821,,100.65,61.0,14,13,4047
75172,,100.31,97.0,11,11,4048
78027,,100.15,6.0,5,3,4049
23611,SET 10 CARDS RED RIDING HOOD 17214,99.6,40.0,16,0,4050
23464,VINTAGE ZINC WATERING CAN SMALL,99.2,18.0,8,6,4051
21266,,98.9,23.0,9,0,4052
90169,DAISY HAIR COMB,98.87,39.0,23,3,4053
84575A,PINK DOG CANNISTER,98.8,24.0,13,13,4054
90163B,WHITE ROSEBUD & PEARL NECKLACE,98.45,13.0,9,2,4055
84705D,CHERRY BLOSSOM PHOTO FRAME,97.9,22.0,14,3,4056
90150,BLUE SHELL+SILVER NECKLACE,97.5,13.0,8,7,4057
16161G,WRAP BAD HAIR DAY,97.5,975.0,33,31,4057
90067A,PINK VINTAGE VICTORIAN EARRINGS,97.24,33.0,16,8,4058
20697,LITTLE GREEN MONSTER SOFT TOY,96.6,40.0,21,17,4059
20861,GOLD COSMETIC BAG PINK STAR,96.6,46.0,16,15,4059
84465,15 PINK FLUFFY CHICKS IN BOX,96.51,32.0,23,18,4060
17084J,LOVE POTION MASALA INCENSE,95.76,456.0,20,17,4061
72606A,,94.92,226.0,18,18,4062
90214R,"LETTER ""R"" BLING KEY RING",93.73,91.0,50,15,4063
90024C,NEW BAROQUE B'FLY NECKLACE GREEN,93.48,11.0,10,5,4064
90026A,GLASS BEAD HOOP NECKLACE BLACK,93.47,11.0,9,6,4065
90214G,"LETTER ""G"" BLING KEY RING",93.18,100.0,48,13,4066
17084A,TRANQUILITY MASALA INCENSE,92.82,442.0,18,14,4067
35913B,WHITE/PINK CHICK EASTER DECORATION,92.39,100.0,21,17,4068
90075,MONTANA DIAMOND CLUSTER NECKLACE,92.18,10.0,8,3,4069
84753A,,92.17,97.0,24,14,4070
21343,,92.0,20.0,3,3,4071
90089,PINK CRYSTAL SKULL PHONE CHARM,91.9,104.0,26,11,4072
90202C,GREEN ENAMEL FLOWER HAIR TIE,91.46,31.0,25,4,4073
90177B,DROP DIAMANTE EARRINGS BLACK DIAMON,91.38,31.0,19,5,4074
90112,,91.25,84.0,20,13,4075
84437A,,90.95,106.0,18,17,4076
90202A,PURPLE ENAMEL FLOWER HAIR TIE,90.9,31.0,23,3,4077
90214D,"LETTER ""D"" BLING KEY RING",90.82,100.0,50,11,4078
84539,KNITTED RABBIT DOLL,90.75,55.0,11,9,4079
72783,BLACK SIL'T SQU CANDLE PLATE,90.3,43.0,9,7,4080
71406C,BLACK ORANGE SQUEEZER,89.92,210.0,35,21,4081
17013C,,89.46,213.0,2,2,4082
79026B,,89.25,69.0,37,17,4083
47598,NEW ENGLAND EGG WARMER,89.12,138.0,32,17,4084
84388,,89.04,70.0,22,21,4085
20660,VIP LUGGAGE TAG,88.75,71.0,26,22,4086
90162A,ANT SILVER TURQUOISE BOUDICCA RING,88.5,30.0,11,8,4087
90059E,DIAMANTE HAIR GRIP PACK/2 RUBY,88.31,53.0,33,5,4088
35638A,PINK AND BLACK STRING CURTAIN,88.05,39.0,6,6,4089
71495A,CD WALL TIDY BLUE OFFICE,87.96,225.0,20,5,4090
84721,,87.8,20.0,2,2,4091
90092,BLUE CRYSTAL BOOT PHONE CHARM,87.51,102.0,10,6,4092
84891B,GREEN WIRE GOBLET CANDLEHOLDER,87.45,11.0,6,5,4093
37462B,,87.28,170.0,32,4,4094
35822B,"ACRYLIC BEAD CHAIN, BLUE",87.02,229.0,1,1,4095
20835,FRENCH LATTICE CUSHION COVER,87.02,80.0,10,8,4095
90088,CRYSTAL KEY+LOCK PHONE CHARM,86.7,101.0,14,8,4096
90039C,FIRE POLISHED GLASS BRACELET BLACK,86.65,23.0,12,3,4097
23614,SET 10 CARDS 12 DAYS WRAP  17058,86.58,26.0,11,0,4098
84424A,,86.25,23.0,10,10,4099
35271S,,85.97,420.0,20,17,4100
90012B,BLACK DROP CRYSTAL NECKLACE,85.9,17.0,6,3,4101
90162D,ANT SILVER PURPLE BOUDICCA RING,85.55,29.0,14,7,4102
84454,,85.53,93.0,18,11,4103
35838B,S/6 SILVER ORNAMENETAL CANDLE,85.0,100.0,23,21,4104
90026D,GLASS BEAD HOOP NECKLACE AMETHYST,85.0,10.0,8,6,4104
90001D,ANTIQUE OLIVE GREEN FLOWER EARRINGS,84.96,20.0,11,7,4105
84251B,"GREETING CARD, STICKY GORDON",84.84,319.0,61,19,4106
17027A,,84.84,228.0,2,1,4106
46775B,,84.75,5.0,4,3,4107
16051,,84.69,941.0,4,3,4108
81952B,,84.56,254.0,20,14,4109
84450B,,84.55,139.0,35,7,4110
84251F,,83.97,341.0,50,26,4111
90141C,TURQ PENDANT TRIPLE SHELL NECKLACE,83.69,16.0,13,4,4112
22016,Dotcomgiftshop Gift Voucher £100.00,83.33,1.0,1,0,4113
23442,12 HANGING EGGS HAND PAINTED,83.2,40.0,7,7,4114
90176D,DIAMANTE NECKLACE PURPLE,82.81,11.0,7,6,4115
90002B,FLOWER BURST SILVER RING ROSE,82.74,22.0,11,7,4116
90177E,DROP DIAMANTE EARRINGS GREEN,82.71,28.0,22,3,4117
90189A,SILVER 2 STRAND NECKLACE-LEAF CHARM,82.64,11.0,8,5,4118
90130A,WHITE STONE/CRYSTAL EARRINGS,82.51,28.0,16,6,4119
90069,RUBY GLASS CLUSTER NECKLACE,82.5,11.0,5,5,4120
21699,,82.44,108.0,3,2,4121
90183B,AMETHYST DROP EARRINGS W LONG BEADS,81.93,28.0,24,0,4122
35610C,Thrown away.,81.56,94.0,8,6,4123
72779,SET/6 BLACK ROSE T-LIGHT CANDLES,81.12,48.0,15,14,4124
16201B,,81.1,34.0,5,2,4125
90121B,,80.75,19.0,9,8,4126
84596I,WRAP SWEETS LIGHT PINK SMALL BOWL,80.62,72.0,10,9,4127
17011E,,80.6,124.0,1,1,4128
DCGS0069,ebay,80.31,5.0,5,0,4129
35265,COLOURFUL FLOWER FRUIT BOWL,80.0,21.0,16,14,4130
84415B,,80.0,24.0,7,3,4130
90059F,DIAMANTE HAIR GRIP PACK/2 LT ROSE,79.87,48.0,27,5,4131
90206A,GOLD DIAMANTE STAR BROOCH,79.6,16.0,12,5,4132
90125B,AQUA BERTIE GLASS BEAD BAG CHARM,79.57,44.0,17,6,4133
84795E,,79.5,10.0,5,3,4134
84548,CROCHET BEAR RED/BLUE  KEYRING,79.2,48.0,13,11,4135
90038B,GLASS AND PAINTED BEADS BRACELET OL,79.19,21.0,13,2,4136
90064A,WHITE VINTAGE CRYSTAL EARRINGS,79.14,20.0,12,4,4137
90039B,FIRE POLISHED GLASS BRACELET MONTAN,78.99,21.0,11,3,4138
90064B,BLACK VINTAGE  CRYSTAL EARRINGS,78.75,21.0,12,8,4139
35931,PINK STAR CHRISTMAS DECORATION,78.12,156.0,15,14,4140
84455,,77.96,85.0,20,15,4141
90214H,"LETTER ""H"" BLING KEY RING",77.71,83.0,53,14,4142
21450,,77.35,13.0,3,3,4143
90176C,DIAMANTE NECKLACE,77.0,10.0,6,4,4144
21595,,76.95,9.0,9,0,4145
84251C,"GREETING CARD, TWO SISTERS.",76.68,247.0,53,13,4146
84425A,,76.6,18.0,9,8,4147
90100,,76.5,30.0,12,7,4148
90214N,"LETTER ""N"" BLING KEY RING",76.4,78.0,43,11,4149
90020,FILIGREE DIAMANTE CHAIN,76.23,6.0,4,2,4150
35815P,,75.88,168.0,7,7,4151
90176A,CLASSIC DIAMANTE NECKLACE JET,75.88,10.0,7,3,4151
62043B,,75.16,54.0,10,8,4152
37399,,75.0,143.0,6,6,4153
16161E,,75.0,750.0,9,8,4153
84757,ENCHANTED GARDEN WROUGHT IRON TABLE,74.75,5.0,4,4,4154
21267,,74.6,24.0,10,3,4155
90012A,MIDNIGHT BLUE DROP CRYSTAL NECKLACE,74.38,13.0,7,2,4156
84899E,YELLOW BROWN BEAR FELT PURSE KIT,73.93,53.0,21,11,4157
84593,,73.75,25.0,7,7,4158
15030,FAN BLACK FRAME,73.66,254.0,26,23,4159
90130C,GREEN STONE/CRYSTAL EARRINGS,73.62,25.0,24,2,4160
79331,PINK FLOCK GLASS CANDLEHOLDER,73.6,60.0,9,8,4161
16151A,,72.5,52.0,5,5,4162
84447,,72.42,69.0,19,7,4163
90214B,"LETTER ""B"" BLING KEY RING",72.33,75.0,40,13,4164
84427B,,72.25,17.0,5,5,4165
90027D,GLASS BEAD HOOP EARRINGS AMETHYST,72.18,23.0,16,6,4166
84746,PINK EASTER HENS+FLOWER,72.06,23.0,16,6,4167
90031,BILI NUT AND WOOD NECKLACE,71.9,52.0,9,5,4168
90038C,GLASS AND BEADS BRACELET IVORY,71.46,19.0,9,3,4169
35937,,71.44,188.0,17,16,4170
37509,,71.4,28.0,14,14,4171
84925C,FAIRY CAKES  WALL THERMOMETER,71.4,28.0,10,10,4171
90060D,FIRE POLISHED GLASS NECKL BRONZE,71.4,12.0,8,6,4171
17007B,,71.4,34.0,6,6,4171
84415A,,71.25,27.0,6,3,4172
90037B,TINY CRYSTAL BRACELET GREEN,71.17,28.0,10,5,4173
90179A,AMBER FINE BEAD NECKLACE W TASSEL,71.0,12.0,9,5,4174
84803B,WHITE ALLIUM  ARTIFICIAL FLOWER,70.98,42.0,11,10,4175
16256C,,70.98,169.0,10,8,4175
84086B,YELLOW/BLUE RETRO RADIO,70.8,24.0,12,7,4176
90187B,GREEN DROP EARRINGS W BEAD CLUSTER,70.6,21.0,15,2,4177
20958,PORCELAIN HANGING BELL LARGE,70.5,38.0,10,9,4178
90202B,WHITE ENAMEL FLOWER HAIR TIE,70.49,24.0,16,3,4179
90050,CRACKED GLAZE NECKLACE IVORY,70.16,10.0,6,2,4180
90131,PINK/AMETHYST/GOLD NECKLACE,69.62,10.0,5,4,4181
gift_0001_80,,69.56,1.0,1,0,4182
72140F,throw away,69.18,175.0,14,14,4183
90059C,DIAMANTE HAIR GRIP PACK/2 MONTANA,68.18,41.0,23,6,4184
71215,METAL BASE FOR CANDLES,68.1,177.0,12,10,4185
47420,ASSORTED COLOUR SUCTION CUP HOOK,68.02,358.0,31,23,4186
84857A,,68.0,8.0,3,2,4187
DCGS0004,HAYNES CAMPER SHOULDER BAG,67.94,4.0,4,0,4188
90140,PINK SWEETIE NECKLACE,67.9,9.0,7,2,4189
90026B,GLASS BEAD HOOP NECKLACE MONTANA,67.82,8.0,7,4,4190
90026C,GLASS BEAD HOOP NECKLACE GREEN,67.82,8.0,6,5,4190
20879,,67.8,57.0,11,8,4191
90002E,,67.77,18.0,11,7,4192
84864A,,67.71,7.0,4,3,4193
90078,PINK/WHITE GLASS DEMI CHOKER,67.64,9.0,5,4,4194
90024F,NEW BAROQUE B'FLY NECKLACE CRYSTAL,67.61,8.0,6,2,4195
47341B,BLUE TABLE RUN FLOWER,67.5,48.0,14,13,4196
84926B,,67.5,54.0,10,8,4196
47504J,ENGLISH ROSE SET/3 GARDEN TOOLS,67.25,5.0,4,2,4197
90214P,"LETTER ""P"" BLING KEY RING",66.59,77.0,33,13,4198
35819P,"ACRYLIC HANGING JEWEL,PINK",66.55,95.0,7,7,4199
90037A,TINY CRYSTAL BRACELET RED,66.31,26.0,12,4,4200
40002,WHITE BAMBOO RIBS LAMPSHADE,66.3,78.0,1,1,4201
90037C,TINY CRYSTAL BRACELET BLUE,66.08,26.0,13,4,4202
85072,OCCASIONS GIFT CARD ASSORTMENT,66.0,120.0,1,1,4203
79329,,65.94,100.0,7,7,4204
84340,,65.76,21.0,11,5,4205
79406,FROSTED WHITE BASE,65.62,259.0,21,14,4206
90179B,PURPLE FINE BEAD NECKLACE W TASSEL,65.31,11.0,9,5,4207
47016,LIGHT DECORATION BATTERY OPERATED,65.1,31.0,5,4,4208
84705A,,65.1,14.0,7,5,4208
90141B,IVORY PENDANT TRIPLE SHELL NECKLACE,64.94,13.0,9,2,4209
84551,CROCHET DOG KEYRING,64.35,39.0,8,6,4210
90046,WHITE WITH METAL BAG CHARM,64.35,13.0,7,6,4210
90074,BLACK DIAMOND CLUSTER NECKLACE,64.09,7.0,6,4,4211
79534,,63.8,116.0,16,14,4212
85018A,,63.75,15.0,10,10,4213
85018B,,63.75,15.0,10,10,4213
20791,,63.75,5.0,1,1,4213
20905,,63.5,10.0,4,3,4214
90205A,LARGE MINT DIAMANTE HAIRSLIDE,63.46,38.0,22,6,4215
37491D,PURPLE/BLUE CERAMIC CANDLE HOLDER,63.28,26.0,13,5,4216
72709,IVORY SCULPTED RND CANDLE,62.9,74.0,13,10,4217
84529B,,62.35,13.0,5,2,4218
35607B,thrown away,62.3,312.0,17,15,4219
47348A,FUSCHIA VOILE POINTY SHOE DEC,62.01,103.0,16,12,4220
17136A,check,61.78,743.0,34,28,4221
20620,,61.76,15.0,14,1,4222
35817B,,61.3,143.0,3,2,4223
35973,,61.25,49.0,13,11,4224
35910B,PINK FLOWERS RABBIT EASTER,61.07,29.0,8,6,4225
90214I,"LETTER ""I"" BLING KEY RING",61.0,62.0,27,10,4226
84875A,,60.0,16.0,12,10,4227
23629,SET 10 CARDS DRESSING UP 17077,59.76,24.0,10,0,4228
90021,LASER CUT MULTI STRAND NECKLACE,59.75,5.0,4,4,4229
90171,,59.65,47.0,27,2,4230
gift_0001_70,,59.57,1.0,1,0,4231
44241C,,59.5,70.0,8,7,4232
84582,,59.5,14.0,11,9,4232
35654,VINTAGE BEAD FILLED PINK CUSHION,59.4,12.0,5,4,4233
35001B,,59.33,17.0,6,5,4234
90011B,BLACK CRYSTAL DROP EARRINGS,59.06,20.0,15,4,4235
35909A,RABBIT EASTER DECORATION,59.0,20.0,5,5,4236
81985A,,58.65,23.0,7,7,4237
85023C,PINK LARGE JEWELED PHOTOFRAME,58.65,23.0,11,10,4237
90188,DROP EARRINGS W FLOWER & LEAF,58.5,23.0,20,3,4238
84226,,58.31,77.0,18,17,4239
35816B,damaged,58.07,139.0,3,2,4240
17129C,wrong invc,57.98,86.0,11,7,4241
35821B,gone,57.0,150.0,3,3,4242
72771B,,56.9,117.0,8,6,4243
90212C,PURPLE LAS VEGAS BRACELET ROUND,56.25,15.0,7,5,4244
47344B,BLUE FLOWER DES PURSE,56.16,54.0,10,10,4245
85023A,CRYSTAL LARGE JEWELLED PHOTO FRAME,56.1,22.0,10,9,4246
90033,IVORY SHELL HEART EARRINGS,55.88,22.0,18,2,4247
85080,,55.76,113.0,22,19,4248
90182C,BLACK 3 BEAD DROP EARRINGS,55.74,19.0,13,2,4249
90177A,CLASSIC DIAMANTE EARRINGS JET,55.69,19.0,14,2,4250
90214T,"LETTER ""T"" BLING KEY RING",55.57,57.0,24,9,4251
90001B,ANTIQUE MID BLUE FLOWER EARRINGS,55.12,13.0,10,4,4252
85151,,55.0,44.0,8,8,4253
90135A,ORANGE/FUSCHIA STONES NECKLACE,54.62,11.0,4,2,4254
90142D,MOP PENDANT SHELL NECKLACE,54.59,11.0,5,4,4255
90043,COPPER AND BRASS BAG CHARM,54.51,10.0,6,5,4256
20820,,54.45,11.0,8,6,4257
20953,PORCELAIN CHERUB BELL LARGE,54.45,33.0,9,7,4257
90084,,54.4,64.0,9,8,4258
46115B,,54.34,286.0,22,19,4259
72798C,,53.11,28.0,15,10,4260
84845C,,52.5,42.0,14,14,4261
20870,,52.2,29.0,7,4,4262
84292B,,51.8,8.0,5,4,4263
84845D,,51.25,41.0,11,11,4264
35071,,51.14,50.0,7,5,4265
84402B,,51.14,62.0,4,4,4265
84612B,thrown away,51.0,20.0,4,4,4266
20964,,51.0,20.0,6,6,4266
85069,,50.85,3.0,1,1,4267
90034,WHITE SILVER NECKLACE SHELL GLASS,50.48,5.0,5,2,4268
72083A,STRAWBERY SWIRL FLARE CANDLE,50.4,24.0,7,7,4269
22657,HEN & 2 CHICKS IN BASKET,50.15,59.0,7,7,4270
90141E,ORANGE PENDANT TRIPLE SHELL NECKLAC,50.06,10.0,5,3,4271
23603,SET 10 CARD KRAFT REINDEER 17084,49.8,20.0,14,0,4272
90052,CRACKED GLAZE NECKLACE BROWN,49.58,7.0,5,1,4273
84537B,,49.14,117.0,11,10,4274
72129,COLUMBIAN CANDLE ROUND,49.11,74.0,18,16,4275
35603C,SET/16 WHITE SHINY & MATT BAUBLES,48.3,83.0,24,19,4276
37491A,YELLOW/PINK CERAMIC CANDLE HOLDER,48.3,18.0,13,5,4276
90083,CRYSTAL CZECH CROSS PHONE CHARM,48.08,52.0,15,6,4277
84608,,47.7,6.0,4,4,4278
21347,,47.6,8.0,4,4,4279
20895,,47.2,16.0,4,3,4280
35909B,PINK FLOWERS RABBIT EASTER,47.2,16.0,6,6,4280
37462E,"PET MUG, GOLDFISH",47.12,107.0,28,9,4281
90067B,BROWN VINTAGE VICTORIAN EARRINGS,47.12,16.0,6,2,4281
84227,,47.04,112.0,13,13,4282
90181C,BLACK GLASS/SHELL/PEARL NECKLACE,46.93,5.0,5,0,4283
84857B,BLUE MONTE CARLO HANDBAG,46.8,24.0,1,1,4284
20988,TRELLIS FLOWER CHOPSTICKS SET/5,46.8,24.0,9,8,4284
90001C,ANTIQUE OPAL WHITE FLOWER EARRINGS,46.7,11.0,10,5,4285
90001A,ANTIQUE RASPBERRY FLOWER EARRINGS,46.6,11.0,10,3,4286
37489A,,46.56,46.0,23,21,4287
16050,,46.45,151.0,8,4,4288
47341A,,46.25,29.0,7,7,4289
90128A,PINK LEAVES AND BEADS PHONE CHARM,46.21,31.0,10,5,4290
72024U,LILAC VOTIVE CANDLE,46.2,220.0,11,10,4291
85081,PADDED HOLLY CHRISTMAS DECORATION,46.17,104.0,21,20,4292
84626,,45.95,1.0,1,1,4293
35611B,thrown away,45.76,62.0,3,2,4294
72724,,45.0,36.0,10,9,4295
16161C,,45.0,450.0,2,2,4295
23625,SET 6 CARDS SPARKLY REINDEER 17262,44.91,9.0,4,0,4296
90059B,DIAMANTE HAIR GRIP PACK/2 BLACK DIA,44.87,27.0,16,4,4297
21685,MEDINA STAMPED METAL TRAY,44.85,3.0,2,2,4298
90135,ORANGE/WHT/FUSCHIA STONES NECKLACE,44.75,9.0,3,1,4299
72796B,S/3 FRENCH VANILLA SQU CANDLE,44.55,27.0,12,11,4300
90197D,,44.55,9.0,4,4,4300
90011A,MIDNIGHT BLUE CRYSTAL DROP EARRINGS,44.28,15.0,15,2,4301
35085E,,44.25,39.0,9,7,4302
84586L,"PINK ROSES/GINGHAM PATCH RABBIT 8""",44.25,15.0,9,9,4302
90125E,AMBER BERTIE GLASS BEAD BAG CHARM,44.19,18.0,17,2,4303
35815B,,43.94,95.0,3,2,4304
17014C,,43.75,97.0,2,1,4305
79063C,"RETRO PILL BOX KEY CHAIN,THE KING",43.65,235.0,14,13,4306
90042B,,43.35,17.0,6,4,4307
18097A,,43.35,17.0,12,10,4307
35822P,"ACRYLIC BEAD CHAIN, PINK",43.32,114.0,1,1,4308
90054,CRACKED GLAZE EARRINGS RED,43.02,17.0,17,2,4309
23038,T-LIGHT HOLDER SILVER SAUCER,42.92,44.0,8,4,4310
21596,Hypochondriac Pill Stress Ball,42.64,10.0,9,0,4311
90024A,NEW BAROQUE B'FLY NECKLACE BLACK,42.5,5.0,4,4,4312
90126C,AMBER BERTIE MOBILE PHONE CHARM,42.1,21.0,5,2,4313
72771C,,42.08,54.0,6,4,4314
20860,,42.0,20.0,11,10,4315
84611B,thrown away,41.65,7.0,4,4,4316
90060C,,41.65,7.0,3,3,4316
90152C,BLUE/NAT SHELL NECKLACE W PENDANT,41.65,7.0,4,4,4316
85184B,,41.3,14.0,7,7,4317
23448,CREAM BUNNY EASTER EGG BASKET,41.25,25.0,3,3,4318
37477B,,41.25,11.0,8,6,4318
90027C,GLASS BEAD HOOP EARRINGS GREEN,41.17,14.0,12,2,4319
90183C,BLACK DROP EARRINGS W LONG BEADS,41.02,14.0,14,2,4320
21119,Glow In The Dark Shot Glasses,41.01,3.0,3,0,4321
35644,,40.95,21.0,7,6,4322
44228,CANNABIS LEAF BEAD CURTAIN,40.8,48.0,3,3,4323
84798C,WHITE FOXGLOVE ARTIIFCIAL FLOWER,40.8,16.0,3,3,4323
47013C,,40.52,147.0,27,18,4324
90136,PALE PINK/AMETHYST STONE NECKLACE,40.47,4.0,3,2,4325
90152A,SILVER/NAT SHELL NECKLACE W PENDANT,40.34,7.0,7,4,4326
20994,,39.95,47.0,12,12,4327
47013A,damaged,39.87,141.0,25,21,4328
37468,,39.81,65.0,14,11,4329
79065A,TEATIME ROUND CAKE TINS,39.8,4.0,1,1,4330
82545A,,38.75,31.0,11,11,4331
35963,FOLKART ZINC CLIP ON ANGEL WINGS,38.38,101.0,11,10,4332
90130D,RED STONE/CRYSTAL EARRINGS,38.31,13.0,8,1,4333
90027B,GLASS BEAD HOOP EARRINGS MONTANA,38.28,13.0,10,3,4334
85115B,S/4 BLACK DISCO PARTITION PANEL,37.62,6.0,2,1,4335
90176B,DIAMANTE NECKLACE BLACK,37.62,5.0,4,2,4335
90039A,FIRE POLISHED GLASS BRACELET RED,37.61,10.0,5,2,4336
35233,PASTA ENAMEL/BRASS CONTAINER,37.5,10.0,8,8,4337
37112,,37.5,10.0,5,4,4337
79413,GLASS WINE GLASS DECORATIONS,37.5,30.0,9,7,4337
84705F,,37.2,8.0,5,4,4338
90126A,PINK BERTIE MOBILE PHONE CHARM,37.14,20.0,5,3,4339
84251J,,37.04,74.0,17,4,4340
72715,,36.96,88.0,13,8,4341
16162M,THE KING GIFT BAG 25x24x12cm,36.96,88.0,13,10,4341
17014E,ORIGAMI OPIUM INCENSE CONES,36.6,95.0,6,4,4342
90141D,ROSE PENDANT TRIPLE SHELL NECKLACE,36.33,7.0,5,1,4343
90214F,"LETTER ""F"" BLING KEY RING",36.28,44.0,27,11,4344
90037D,,35.87,14.0,8,1,4345
37348,,35.7,14.0,7,5,4346
90060B,FIRE POLISHED GLASS NECKL GOLD,35.7,6.0,4,4,4346
90132,LIGHT TOPAZ TEAL/AQUA COL NECKLACE,35.63,7.0,7,0,4347
90011C,GREEN CRYSTAL DROP EARRINGS,35.33,12.0,7,1,4348
90152B,BLUE/GREEN SHELL NECKLACE W PENDANT,35.26,6.0,5,4,4349
79063D,"RETRO PILL BOX , REVOLUTIONARY",35.14,189.0,11,9,4350
84745B,BLUE HANGING GINGHAM EASTER HEN,34.86,83.0,17,15,4351
DCGS0058,,34.82,42.0,30,0,4352
84868B,,34.75,5.0,4,4,4353
84546,,34.65,21.0,3,3,4354
90081B,LILY BROOCH WHITE/SILVER COLOUR,34.65,7.0,3,2,4354
35955,cant find,34.62,135.0,4,4,4355
44265,,34.0,8.0,4,4,4356
90066A,PINK VINTAGE VICTORIAN CHOKER,33.75,5.0,2,2,4357
84456,SET OF 3 RABBIT EGG EASTER,33.15,37.0,16,12,4358
90076,MONTANA DIAMOND CLUSTER EARRINGS,33.0,12.0,7,1,4359
DCGS0003,ebay,32.59,13.0,13,0,4360
85079,,32.25,23.0,8,6,4361
90214O,"LETTER ""O"" BLING KEY RING",31.42,36.0,18,11,4362
23632,SET 10 CARDS CHEERFUL ROBIN 17065,31.2,15.0,10,0,4363
44091C,MULTICOLOUR CRUSOE CHECK LAMPSHADE,30.66,61.0,17,10,4364
21919,Electronic Talking Breath-A-Loser,30.47,6.0,5,0,4365
37489B,BLUE/YELLOW FLOWER DESIGN BIG MUG,30.42,38.0,17,17,4366
84745A,PINK HANGING GINGHAM EASTER HEN,30.24,72.0,15,13,4367
90025F,BAROQUE BUTTERFLY EARRINGS CRYSTAL,30.23,8.0,8,2,4368
18010,,30.16,64.0,9,6,4369
37491B,BLUE/YELLOW CERAMIC CANDLE HOLDER,30.08,14.0,8,5,4370
47563B,,30.0,8.0,6,6,4371
90176E,DIAMANTE NECKLACE GREEN,29.98,4.0,3,2,4372
21767,,29.95,1.0,1,1,4373
78056,CAMOUFLAGE BACKPACK ON WHEELS,29.85,3.0,2,1,4374
22351,DOTCOMGIFTSHOP TEA TOWEL,29.81,15.0,3,1,4375
35598A,DUSTY PINK CHRISTMAS TREE 60CM,29.5,10.0,3,3,4376
78034B,BLUE NETTING STORAGE HANGER,29.25,15.0,9,9,4377
90214V,"LETTER ""V"" BLING KEY RING",28.98,38.0,24,7,4378
37489D,PINK/GREEN FLOWER DESIGN BIG MUG,28.86,46.0,20,20,4379
44089C,LILAC GAUZE BUTTERFLY LAMPSHADE,28.56,68.0,18,14,4380
40005B,BLUE ORGANDY ROUND LAMPSHADE W BEA,28.05,33.0,13,11,4381
17091F,,27.71,19.0,8,6,4382
23613,SET 10 XMAS CARDS & BADGES 17070,27.39,11.0,6,0,4383
23637,SET 10 CARDS OUT OF ORDER 17216,27.39,11.0,9,0,4383
84030B,,27.21,6.0,4,2,4384
21097,,27.2,32.0,7,5,4385
84867B,,27.14,2.0,1,0,4386
90187A,BLUE DROP EARRINGS W BEAD CLUSTER,27.04,8.0,7,1,4387
23702,High Resolution Image,27.0,4.0,3,3,4388
17013F,,26.7,62.0,5,4,4389
90027A,GLASS BEAD HOOP EARRINGS BLACK,26.52,9.0,6,3,4390
90025E,BAROQUE BUTTERFLY EARRINGS MONTANA,26.5,7.0,7,3,4391
84876C,,26.25,7.0,4,4,4392
23636,SET 10 CARDS WISHING TREE 17116,26.19,9.0,7,0,4393
90182A,AMBER 3 BEAD DROP EARRINGS,26.16,9.0,9,0,4394
37489C,GREEN/BLUE FLOWER DESIGN BIG MUG,26.06,27.0,12,10,4395
90041,PEARL AND CHERRY QUARTZ BRACLET,25.67,7.0,6,2,4396
20954,,25.59,3.0,3,0,4397
90142A,GREEN PENDANT SHELL NECKLACE,25.45,5.0,4,0,4398
DCGS0070,,25.44,2.0,2,0,4399
90214Y,"LETTER ""Y"" BLING KEY RING",25.34,68.0,10,4,4400
35597D,,25.28,58.0,7,7,4401
90055,CRACKED GLAZE EARRINGS BROWN,25.28,10.0,10,1,4401
90053,CRACKED GLAZE EARRINGS IVORY,25.23,10.0,10,0,4402
90128C,GREEN LEAVES AND BEADS PHONE CHARM,25.04,17.0,6,3,4403
23620,SET 10 CARDS PERFECT POST 17090,24.9,10.0,7,0,4404
84550,CROCHET LILAC/RED BEAR KEYRING,24.75,15.0,5,4,4405
35633B,BLUE TINSEL GARLAND,24.7,130.0,12,12,4406
35596,,24.65,29.0,4,4,4407
10124A,SPOTS ON RED BOOKCOVER TAPE,24.36,58.0,18,18,4408
84450A,,24.18,52.0,5,4,4409
84575B,,23.8,4.0,3,3,4410
90128B,BLUE LEAVES AND BEADS PHONE CHARM,23.76,18.0,6,5,4411
17014F,,23.7,61.0,4,4,4412
90011E,AMBER CRYSTAL DROP EARRINGS,23.61,8.0,8,1,4413
47552A,,23.4,12.0,11,11,4414
23623,SET 10 CARD CHRISTMAS WELCOME 17112,23.28,8.0,6,0,4415
90095,,22.91,8.0,3,2,4416
90025C,BAROQUE BUTTERFLY EARRINGS GREEN,22.56,6.0,6,2,4417
37477C,,22.5,6.0,1,1,4418
85225,BLING KEY RING STAND,22.5,19.0,11,10,4418
90189B,GOLD 2 STRAND NECKLACE-LEAF CHARMS,22.5,3.0,2,2,4418
23640,SET 10 CARDS SCOTTIE DOG 17211,22.41,9.0,8,0,4419
23645,SET 10 CHRISTMAS CARDS HOHOHO 16956,22.41,9.0,4,0,4419
35652,,21.5,18.0,2,2,4420
90214Z,"LETTER ""Z"" BLING KEY RING",21.49,31.0,18,5,4421
84387A,BIRD ON BRANCH CANVAS SCREEN,21.45,11.0,1,1,4422
35591T,TURQUOISE CHRISTMAS TREE,21.25,17.0,9,9,4423
21387,,21.25,25.0,4,4,4423
90128D,PURPLE LEAVES AND BEADS PHONE CHAR,21.24,13.0,7,2,4424
21594,,21.06,5.0,5,0,4425
23692,WRAP A PRETTY THANK YOU,21.0,50.0,2,2,4426
35603B,,21.0,50.0,2,1,4426
DCGS0072,,20.68,4.0,3,0,4427
10002R,ROBOT PENCIL SHARPNER,20.57,4.0,3,0,4428
79172D,,20.4,24.0,4,4,4429
90082C,,19.93,3.0,3,1,4430
23601,SET 10 CARDS SNOWY SNOWDROPS  17100,19.92,8.0,4,0,4431
23616,SET 10 CARDS JINGLE BELLS 17217,19.92,8.0,7,0,4431
23646,SET 10 CARDS JINGLE BELLS 16957,19.92,8.0,5,0,4431
90127A,PINK BEADS+HAND PHONE CHARM,19.92,14.0,2,1,4431
84570B,WHITE SATIN DRESS JEWEL STAND,19.8,4.0,2,2,4432
37488A,damaged,19.77,31.0,5,4,4433
37487B,Damaged,19.72,68.0,2,2,4434
44092C,PURPLE/COPPER HANGING LAMPSHADE,19.55,23.0,10,6,4435
20680,,19.5,6.0,4,4,4436
79062D,"RETRO TIN ASHTRAY,REVOLUTIONARY",19.4,52.0,4,4,4437
81950V,,18.8,32.0,10,10,4438
90025D,BAROQUE BUTTERFLY EARRINGS PINK,18.69,5.0,5,2,4439
84732B,CUTE BIRD CEATURE SCREEN,18.48,28.0,6,6,4440
72796A,,18.15,11.0,5,5,4441
84311,,18.15,11.0,1,1,4441
71050,SMALL SINGLE FLAME CANDLE HOLDER,17.85,51.0,8,7,4442
84614C,,17.85,3.0,1,1,4442
18097B,,17.85,7.0,3,3,4442
90182B,AMETHYST 3 BEAD DROP EARRINGS,17.53,6.0,6,0,4443
23627,SET 10 CARDS XMAS GRAPHIC  17218,17.43,7.0,2,0,4444
DCGS0066N,,17.3,2.0,2,0,4445
DCGS0068,ebay,17.12,2.0,2,0,4446
21120,,16.98,1.0,1,0,4447
72805,,16.9,10.0,3,3,4448
44089A,PINK GAUZE BUTTERFLY LAMPSHADE,16.8,40.0,13,11,4449
72785A,,16.8,8.0,4,4,4449
21511,,16.8,40.0,2,1,4449
23644,SET 10 CARDS CHRISTMAS TREE 16955,16.65,5.0,5,0,4450
90102,WHITE FRANGIPANI HAIR CLIP,16.11,19.0,4,3,4451
62074B,ELEPHANT CLIP W SUCTION CUP,15.96,38.0,12,8,4452
84250M,,15.9,28.0,13,1,4453
84630,,15.9,2.0,1,1,4453
35932,,15.63,37.0,10,10,4454
21560,,15.44,4.0,4,0,4455
21853,,15.4,3.0,3,0,4456
37481,,15.3,6.0,1,1,4457
17174,ASSTD RASTA KEY-CHAINS,15.12,36.0,7,7,4458
84206A,3 BLACK CATS W HEARTS BLANK CARD,15.01,79.0,9,9,4459
23449,SET OF 6 EASTER RAINBOW CHICKS,15.0,12.0,1,1,4460
90068,"RUBY GLASS NECKLACE 42""",15.0,2.0,2,0,4460
21475,,14.95,1.0,1,1,4461
23621,SET 10 CARDS DAVID'S MADONNA 17074,14.94,6.0,4,0,4462
35650,VINTAGE BEAD PINK JEWEL STAND,14.85,3.0,3,3,4463
84567,,14.85,9.0,1,1,4463
90011D,PURPLE CRYSTAL DROP EARRINGS,14.75,5.0,5,0,4464
SP1002,,14.75,5.0,2,2,4464
23634,SET 10 CARDS XMAS CHOIR 17068,14.55,5.0,5,0,4465
90077,BLACK DIAMOND CLUSTER EARRINGS,14.4,5.0,5,1,4466
10124G,ARMY CAMO BOOKCOVER TAPE,14.28,33.0,10,9,4467
21852,,13.9,2.0,2,1,4468
84868A,,13.9,2.0,2,2,4468
16245A,damaged,13.75,11.0,7,7,4469
35936,,13.68,36.0,9,8,4470
84814B,,13.65,7.0,3,2,4471
35443,RASTA IN BATH W SPLIFF ASHTRAY,13.6,16.0,10,9,4472
21525,,13.5,2.0,2,1,4473
62097B,BLUE STRIPES SHOULDER BAG,13.37,11.0,4,3,4474
23639,SET 10 CARDS MAGICAL TREE 17086,13.32,4.0,4,0,4475
23607,SET 10 CARDS HATS & STOCKINGS 17081,13.28,8.0,7,0,4476
16192,,12.9,3.0,1,0,4477
84247J,PACK/12 RUSSIAN DOLL CARDS,12.78,10.0,9,2,4478
44092B,BLUE WHITE PLASTIC RINGS LAMPSHADE,12.75,15.0,6,4,4479
72752B,,12.75,3.0,2,2,4479
84648,,12.75,1.0,1,1,4479
85083,,12.75,5.0,2,2,4479
20812,,12.75,5.0,3,3,4479
21772,,12.75,1.0,1,1,4479
DCGS0075,CAMOUFLAGUE DOG LEAD,12.72,1.0,1,0,4480
DCGS0037,KEY-RING CORKSCREW,12.72,1.0,1,0,4480
85157,SET OF 2 CHESTS CHOCOLAT AU LAIT,12.72,1.0,1,0,4480
35751C,PURPLE CURRENT CANDLE RING,12.61,31.0,2,2,4481
35597A,,12.5,10.0,4,4,4482
35918B,,12.5,10.0,5,5,4482
51012L,"FEATHER DUSTER, LIGHT PINK",12.5,10.0,6,5,4482
23635,SET 10 CARDS CHRISTMAS HOLLY  17259,12.48,3.0,3,0,4483
23654,SET 10 CARD SNOWMAN 16965,12.45,5.0,4,0,4484
90000C,,12.32,2.0,2,1,4485
79149B,SILICON STAR BULB  BLUE,12.18,29.0,12,11,4486
44242A,LILAC FEATHERS CURTAIN,11.98,14.0,2,2,4487
22206,"MUG , DOTCOMGIFTSHOP.COM",11.82,14.0,10,0,4488
85185E,,11.8,4.0,2,2,4489
23605,SET 10 CARDS 12 DAYS OF XMAS 17059,11.64,4.0,1,0,4490
23608,SET 10 CARDS RUDOLPHS NOSE 17097,11.64,4.0,3,0,4490
90025B,BAROQUE BUTTERFLY EARRINGS RED,11.29,3.0,3,1,4491
79070B,,11.26,1.0,1,0,4492
84366,VENDETTA CANVAS PICTURE,11.25,3.0,3,2,4493
84743C,,11.25,9.0,5,5,4493
17011B,,11.1,19.0,2,2,4494
72785B,,10.9,9.0,3,3,4495
84732D,CUTE RABBIT CEATURE SCREEN,10.89,15.0,6,6,4496
16169A,,10.5,25.0,1,1,4497
16169G,,10.5,25.0,1,1,4497
17084G,,10.5,50.0,2,2,4497
21496,,10.5,25.0,1,1,4497
21857,,10.23,2.0,2,0,4498
21858,,10.23,2.0,2,0,4498
20939,,10.2,12.0,1,1,4499
90214W,"LETTER ""W"" BLING KEY RING",10.17,19.0,8,3,4500
23615,SET 10 CARDS PRINTED GRAPHIC 17219,9.96,4.0,4,0,4501
23619,SET 10 CARDS POINSETTIA 17093,9.96,4.0,2,0,4501
23624,SET 10 CARD PERFECT NATIVITY 17089,9.96,4.0,4,0,4501
23650,SET 10 CARDS FILIGREE BAUBLE 16961,9.96,4.0,4,0,4501
81953P,ROUND ARTICULATED PINK CLOCK W/SUCK,9.57,33.0,6,5,4502
20822,,9.3,2.0,1,1,4503
23441,HAND PAINTED HANGING EASTER EGG,9.24,22.0,3,3,4504
72708,SCULPTED ROUND IVORY CANDLE,9.24,44.0,5,5,4504
35598C,WHITE CHRISTMAS TREE 60CM,8.85,3.0,3,3,4505
62097A,,8.85,3.0,3,1,4505
18098B,,8.85,3.0,3,3,4505
20882,,8.85,3.0,2,1,4505
71496B,A4 WALL TIDY RED FLOWERS,8.67,15.0,6,6,4506
20739,*USB Office Glitter Lamp,8.65,1.0,1,0,4507
21406,,8.65,1.0,1,0,4507
90013E,,8.57,2.0,2,0,4508
84572,,8.49,1.0,1,1,4509
90126B,BLUE BERTIE MOBILE PHONE CHARM,8.48,3.0,3,0,4510
23612,SET 10 MINICARDS CUTE SNOWMAN 17071,8.3,5.0,2,0,4511
44091A,,7.56,18.0,6,6,4512
46037A,,7.5,6.0,2,2,4513
82011E,"BATHROOM SCALES, FAG BREAK",7.5,2.0,2,2,4513
90025A,BAROQUE BUTTERFLY EARRINGS BLACK,7.5,2.0,2,2,4513
20942,,7.5,6.0,4,4,4513
23633,SET 10 CARDS WORLD CHILDREN 17067,7.47,3.0,3,0,4514
84201B,HAPPY BIRTHDAY CARD STRIPEY TEDDY,7.41,39.0,8,6,4515
90111,,7.35,7.0,6,6,4516
35001P,HAND OPEN SHAPE PINK,6.98,2.0,2,2,4517
85230C,,6.96,24.0,1,1,4518
85230D,,6.96,24.0,1,1,4518
37484,,6.75,1.0,1,1,4519
48173A,,6.75,1.0,1,1,4519
23604,SET 10 MINI SANTA & SNOWMAN  17087,6.64,4.0,2,0,4520
20678,LARGE BLACK DIAMANTE HAIRSLIDE,6.6,4.0,1,1,4521
20858,,6.6,4.0,1,1,4521
20884,,6.3,3.0,3,2,4522
79140,gone,6.3,15.0,2,2,4522
37408,,6.25,5.0,1,1,4523
82072,WHITE WOOD SINGLE P/FRAME,6.25,5.0,3,3,4523
20673,,6.25,5.0,2,2,4523
23610,SET 10 CARDS CHRISTMAS ROBIN 17095,6.24,3.0,3,0,4524
85123b,ZINC HANGING HEART T-LITE HLDR,6.04,1.0,1,0,4525
37409,,5.95,7.0,3,3,4526
72751A,,5.95,1.0,1,1,4526
72751B,,5.95,1.0,1,1,4526
72751C,,5.95,1.0,1,1,4526
85077,,5.95,1.0,1,0,4526
35821P,,5.9,2.0,2,2,4527
35823P,,5.9,2.0,2,2,4527
79303A,,5.9,2.0,1,1,4527
18098A,,5.9,2.0,2,2,4527
35051B,,5.88,14.0,2,2,4528
85186B,,5.88,14.0,2,2,4528
23617,SET 10 CARDS SWIRLY XMAS TREE 17104,5.82,2.0,1,0,4529
23638,SET 10 CARDS ROBIN WATERPUMP  17096,5.82,2.0,2,0,4529
23652,SET 10 CARD CHRISTMAS STAMPS 16963,5.82,2.0,1,0,4529
23630,SET 10 CARDS HANGING BAUBLES 17080,5.48,2.0,2,1,4530
35537,,5.46,13.0,3,3,4531
21838,,5.45,1.0,1,1,4532
35751D,PINK CURRENT CANDLE RING,5.32,28.0,1,1,4533
16215,,5.2,8.0,3,3,4534
21854,,5.17,1.0,1,0,4535
21860,DR WHO TOP TRUMPS GAME,5.17,1.0,1,0,4535
71101A,,5.1,6.0,1,1,4536
71434B,,5.1,2.0,2,1,4536
90142B,IVORY PENDANT SHELL NECKLACE,5.09,1.0,1,0,4537
90142C,ROSE PINK PENDANT SHELL NECKLACE,5.09,1.0,1,0,4537
84942,,5.07,3.0,3,3,4538
72740B,,5.06,1.0,1,0,4539
DCGS0041,HAYNES MINI-COOPER PLAYING CARDS,5.06,1.0,1,0,4539
20877,,5.04,12.0,5,3,4540
23649,SET 10 CARDS DECK THE HALLS 16960,4.98,2.0,2,0,4541
37451,,4.95,1.0,1,1,4542
85043,RED HEART CANDY POP LIGHTS,4.95,1.0,1,1,4542
85232C,,4.95,1.0,1,1,4542
90214U,"LETTER ""U"" BLING KEY RING",4.73,13.0,2,2,4543
45014,FOLDING SHIRT TIDY,4.65,1.0,1,1,4544
81953B,,4.64,14.0,6,5,4545
79151B,"SILICON CUBE 25W, BLUE",4.62,11.0,2,2,4546
37326,,4.61,2.0,2,1,4547
72752A,,4.25,1.0,1,1,4548
79157B,UBO-LIGHT TRIOBASE BLUE,4.25,5.0,3,3,4548
79157V,UBO-LIGHT TRIOBASE PURPLE,4.25,5.0,3,3,4548
21409,,4.25,1.0,1,1,4548
84255A,,4.2,2.0,2,2,4549
37432,,3.9,6.0,1,1,4550
72084B,,3.9,2.0,1,1,4550
16010,,3.84,32.0,4,4,4551
35995,,3.78,5.0,5,4,4552
35974,,3.75,1.0,1,1,4553
37438,,3.75,1.0,1,1,4553
40046C,,3.75,3.0,3,3,4553
90004A,,3.75,1.0,1,1,4553
84731,3 BIRDS CANVAS SCREEN,3.69,3.0,3,3,4554
35818C,,3.43,1.0,1,0,4555
21081,,3.4,4.0,4,4,4556
23643,SET 10 CARDS CHRISTMAS BAUBLE 16954,3.33,1.0,1,0,4557
20683,,3.25,1.0,1,1,4558
20885,,2.95,1.0,1,1,4559
79301,FEATHER HEART LIGHTS,2.95,1.0,1,1,4559
23602,SET 10 CARDS 3 WISE MEN 17107,2.91,1.0,1,0,4560
23609,SET 10 CARDS SNOWY ROBIN 17099,2.91,1.0,1,0,4560
23628,SET 10 CARDS TRIANGLE ICONS  17220,2.91,1.0,1,0,4560
DCGS0044,HANDZ-OFF CAR FRESHENER,2.57,1.0,1,0,4561
20881,,2.55,3.0,2,1,4562
21036,,2.55,1.0,1,1,4562
35999,,2.55,1.0,1,1,4562
47554,,2.55,1.0,1,1,4562
47556,,2.55,1.0,1,1,4562
47569,,2.55,1.0,1,1,4562
85171,,2.55,1.0,1,1,4562
90091,,2.55,3.0,2,2,4562
17028J,INCENSE BAZAAR PEACH,2.52,6.0,1,1,4563
21008,,2.51,1.0,1,0,4564
DCGS0062,ROAD-RAGE CAR FRESHENER,2.51,1.0,1,0,4564
21225,,2.5,2.0,2,2,4565
21290,,2.5,2.0,1,0,4565
90127B,BLUE BEADS+HAND PHONE CHARM,2.5,2.0,2,2,4565
17061,,2.08,52.0,1,1,4566
35945,,1.95,1.0,1,1,4567
46138D,GREEN CHENILLE SHAGGY C/COVER,1.95,1.0,1,1,4567
84814A,,1.95,1.0,1,1,4567
85192S,,1.95,3.0,2,2,4567
84201C,HAPPY BIRTHDAY CARD TEDDY/CAKE,1.9,10.0,3,3,4568
84206C,CHAMPAGNE TRAY BLANK CARD,1.9,10.0,4,4,4568
84206B,CAT WITH SUNGLASSES BLANK CARD,1.71,9.0,2,2,4569
30086C,ASSORTED FRUIT STRAWS,1.7,1.0,1,0,4570
35837,,1.7,2.0,1,1,4570
20737,,1.7,1.0,1,0,4570
72754D,,1.69,1.0,1,1,4571
10109,,1.68,4.0,1,1,4572
21585,,1.65,1.0,1,1,4573
23664,FLOWER SHOP DESIGN MUG,1.65,1.0,1,1,4573
72796C,,1.65,1.0,1,1,4573
85024A,CRYSTAL SMALL JEWELLED PHOTOFRAME,1.65,1.0,1,1,4573
35980B,,1.52,4.0,2,2,4574
35950,,1.25,1.0,1,1,4575
35976B,,1.25,1.0,1,1,4575
84845A,,1.25,1.0,1,1,4575
TEST002,,1.0,1.0,1,1,4576
20721,,0.85,1.0,1,1,4577
35930,,0.38,1.0,1,1,4578
84205C,HAPPY BIRTHDAY GINGER CAT CARD,0.38,2.0,1,1,4578
PADS,PADS TO MATCH ALL CUSHIONS,0.02,17.0,17,15,4579
